2022-01-01,ZHZ3QC5K,0,38957216,3,0,300325464,19178,3,0,0,27,170,1360,27,38957216,0,0,0,18947,79799953568,267653661906
2022-01-02,ZHZ3QC5K,0,6345680,3,0,302220651,19194,3,0,0,27,170,1360,27,6345680,0,0,0,18963,79844673120,267820471778
2022-01-03,ZHZ3QC5K,0,79689600,3,0,305368131,19226,3,0,0,26,170,1362,26,79689600,0,0,0,18994,79921795288,268060834170
2022-01-04,ZHZ3QC5K,0,118451176,3,0,309942684,19257,3,0,0,27,170,1363,27,118451176,0,0,0,19025,79998464176,268511208186
2022-01-05,ZHZ3QC5K,0,167892792,3,0,313871528,19273,3,0,0,27,170,1363,27,167892792,0,0,0,19041,80034792080,268768462650
2022-01-06,ZHZ3QC5K,0,48432416,3,0,317810347,19304,3,0,0,26,171,1365,26,48432416,0,0,0,19072,80102273056,269069802778
2022-01-07,ZHZ3QC5K,0,224706248,3,0,320826188,19320,3,0,0,27,172,1366,27,224706248,0,0,0,19088,80133863256,269214486410
2022-01-08,ZHZ3QC5K,0,156432800,3,0,325629586,19351,3,0,0,25,172,1367,25,156432800,0,0,0,19119,80201518536,269566839354
2022-01-09,ZHZ3QC5K,0,139069032,3,0,327365380,19367,3,0,0,26,172,1367,26,139069032,0,0,0,19135,80231066384,269764068434
2022-01-10,ZHZ3QC5K,0,83029528,3,0,332005013,19398,3,0,0,27,172,1369,27,83029528,0,0,0,19166,80282631760,270144745218
2022-01-11,ZHZ3QC5K,0,110954800,3,0,335871478,19414,3,0,0,26,172,1369,26,110954800,0,0,0,19181,80308195368,270391247650
2022-01-12,ZHZ3QC5K,0,92762136,3,0,341890770,19445,3,0,0,25,172,1371,25,92762136,0,0,0,19212,80360050968,270809480762
2022-01-13,ZHZ3QC5K,0,5629440,3,0,343571260,19461,3,0,0,26,172,1371,26,5629440,0,0,0,19228,80392546360,270933993306
2022-01-14,ZHZ3QC5K,0,81556864,3,0,348846132,19492,3,0,0,25,172,1373,25,81556864,0,0,0,19259,80456756664,271189851882
2022-01-15,ZHZ3QC5K,0,47751944,3,0,350963451,19508,3,0,0,26,172,1373,26,47751944,0,0,0,19275,80485660352,271371284004
2022-01-16,ZHZ3QC5K,0,208831912,3,0,355123956,19539,3,0,0,25,172,1375,25,208831912,0,0,0,19306,80561986936,271700178132
2022-01-17,ZHZ3QC5K,0,166911264,3,0,357211609,19555,3,0,0,26,172,1375,26,166911264,0,0,0,19322,80598938880,271865446260
2022-01-18,ZHZ3QC5K,0,36523360,3,0,360954831,19586,3,0,0,26,173,1377,26,36523360,0,0,0,19352,80661646296,272160632604
2022-01-19,ZHZ3QC5K,0,39010312,3,0,365240595,19602,3,0,0,26,173,1377,26,39010312,0,0,0,19368,80693930456,272374976156
2022-01-20,ZHZ3QC5K,0,183743032,3,0,369186578,19633,3,0,0,26,174,1379,26,183743032,0,0,0,19399,80749773176,272708006956
2022-01-21,ZHZ3QC5K,0,156251056,3,0,371608780,19649,3,0,0,25,174,1379,25,156251056,0,0,0,19415,80779828048,272894600836
2022-01-22,ZHZ3QC5K,0,99976984,3,0,377156689,19680,3,0,0,27,174,1380,27,99976984,0,0,0,19446,80836214192,273270222060
2022-01-23,ZHZ3QC5K,0,48526512,3,0,379135792,19696,3,0,0,26,174,1381,26,48526512,0,0,0,19462,80875895616,273423230924
2022-01-24,ZHZ3QC5K,0,64936216,3,0,382573411,19727,3,0,0,26,175,1382,26,64936216,0,0,0,19493,80949757512,273609919396
2022-01-25,ZHZ3QC5K,0,179792248,3,0,384189001,19743,3,0,0,26,176,1383,26,179792248,0,0,0,19509,80982569928,273691963012
2022-01-26,ZHZ3QC5K,0,78391872,3,0,389821610,19774,3,0,0,26,176,1384,26,78391872,0,0,0,19539,81044901616,274016512220
2022-01-27,ZHZ3QC5K,0,29619592,3,0,391749807,19790,3,0,0,25,176,1385,25,29619592,0,0,0,19555,81080370112,274176412092
2022-01-28,ZHZ3QC5K,0,155243648,3,0,396297116,19821,3,0,0,26,176,1386,26,155243648,0,0,0,19586,81132201640,274494345484
2022-01-29,ZHZ3QC5K,0,77040680,3,0,399355379,19837,3,0,0,26,176,1387,26,77040680,0,0,0,19602,81161242264,274631242636
2022-01-30,ZHZ3QC5K,0,14766936,3,0,402804673,19868,3,0,0,26,176,1388,26,14766936,0,0,0,19633,81218579648,274999912780
2022-01-31,ZHZ3QC5K,0,31246224,3,0,405837421,19900,3,0,0,26,178,1390,26,31246224,0,0,0,19664,81281339856,275197772500
2022-02-01,ZHZ3QC5K,0,1328120,3,0,407954732,19916,3,0,0,26,178,1390,26,1328120,0,0,0,19680,81318251520,275375083444
2022-02-02,ZHZ3QC5K,0,133065976,3,0,414518666,19947,3,0,0,27,179,1392,27,133065976,0,0,0,19711,81408379792,275904975268
2022-02-03,ZHZ3QC5K,0,102396584,3,0,416323433,19962,3,0,0,26,179,1392,26,102396584,0,0,0,19727,81438452992,276088373316
2022-02-04,ZHZ3QC5K,0,44062208,3,0,421811842,19994,3,0,0,27,179,1394,27,44062208,0,0,0,19758,81510605056,276446168244
2022-02-05,ZHZ3QC5K,0,212822072,3,0,424825165,20009,3,0,0,27,179,1394,27,212822072,0,0,0,19774,81557651776,276567881388
2022-02-06,ZHZ3QC5K,0,51349440,3,0,428337491,20041,3,0,0,27,179,1396,27,51349440,0,0,0,19805,81631057056,276821285212
2022-02-07,ZHZ3QC5K,0,240200576,3,0,430209604,20056,3,0,0,26,179,1396,26,240200576,0,0,0,19820,81666296384,276974897020
2022-02-08,ZHZ3QC5K,0,17071736,3,0,434027422,20088,3,0,0,26,179,1398,26,17071736,0,0,0,19852,81737683640,277412803388
2022-02-09,ZHZ3QC5K,0,39089696,3,0,440722474,20119,3,0,0,26,180,1399,26,39089696,0,0,0,19883,81822008648,277838777916
2022-02-10,ZHZ3QC5K,0,228461192,3,0,442542127,20135,3,0,0,27,180,1399,27,228461192,0,0,0,19899,81857895512,277992262548
2022-02-11,ZHZ3QC5K,0,108497240,3,0,448679225,20166,3,0,0,26,180,1401,26,108497240,0,0,0,19929,81945802776,278272673948
2022-02-12,ZHZ3QC5K,0,70905776,3,0,450414260,20182,3,0,0,26,180,1401,26,70905776,0,0,0,19945,81981575144,278443450916
2022-02-13,ZHZ3QC5K,0,93186392,3,0,458325395,20213,3,0,0,26,180,1403,26,93186392,0,0,0,19976,82057353904,278878234348
2022-02-14,ZHZ3QC5K,0,57379584,3,0,460093933,20229,3,0,0,27,180,1403,27,57379584,0,0,0,19992,82091694480,279052227644
2022-02-15,ZHZ3QC5K,0,223065800,3,0,463544586,20260,3,0,0,26,180,1405,26,223065800,0,0,0,20023,82153564296,279400184788
2022-02-16,ZHZ3QC5K,0,7131160,3,0,467885926,20275,3,0,0,26,180,1405,26,7131160,0,0,0,20039,82202147120,279623948988
2022-02-17,ZHZ3QC5K,0,110703120,3,0,472341234,20307,3,0,0,25,180,1407,25,110703120,0,0,0,20070,82289682160,279884126620
2022-02-18,ZHZ3QC5K,0,71700800,3,0,475214326,20322,3,0,0,27,180,1407,27,71700800,0,0,0,20085,82332938352,280046009236
2022-02-19,ZHZ3QC5K,0,196064848,3,0,480478685,20354,3,0,0,26,180,1408,26,196064848,0,0,0,20116,82415073496,280332379684
2022-02-20,ZHZ3QC5K,0,141831480,3,0,482797326,20369,3,0,0,26,180,1409,26,141831480,0,0,0,20132,82457867616,280479492932
2022-02-21,ZHZ3QC5K,0,130048,3,0,487012347,20400,3,0,0,26,180,1410,26,130048,0,0,0,20163,82528062560,280755878052
2022-02-22,ZHZ3QC5K,0,221585688,3,0,489356675,20416,3,0,0,25,180,1411,25,221585688,0,0,0,20179,82567096432,280938299820
2022-02-23,ZHZ3QC5K,0,199726608,3,0,496414590,20447,3,0,0,25,180,1412,25,199726608,0,0,0,20210,82651376096,281320442444
2022-02-24,ZHZ3QC5K,0,93457816,3,0,498562320,20463,3,0,0,26,180,1413,26,93457816,0,0,0,20225,82695083520,281414606892
2022-02-25,ZHZ3QC5K,0,203407616,3,0,503434252,20494,3,0,0,26,180,1414,26,203407616,0,0,0,20256,82783732408,281680048588
2022-02-26,ZHZ3QC5K,0,152356920,3,0,505810243,20510,3,0,0,26,180,1415,26,152356920,0,0,0,20272,82820829032,281836042284
2022-02-27,ZHZ3QC5K,0,32610520,3,0,510136251,20541,3,0,0,25,180,1416,25,32610520,0,0,0,20304,82886903720,282138502484
2022-02-28,ZHZ3QC5K,0,240168936,3,0,512314447,20557,3,0,0,24,180,1417,24,240168936,0,0,0,20319,82919190592,282313774028
2022-03-01,ZHZ3QC5K,0,183611240,3,0,516783066,20588,3,0,0,25,180,1418,25,183611240,0,0,0,20350,82982342248,282682346012
2022-03-02,ZHZ3QC5K,0,234461712,3,0,520330521,20604,3,0,0,27,180,1419,27,234461712,0,0,0,20366,83028571224,282931108404
2022-03-03,ZHZ3QC5K,0,12474392,3,0,525572855,20636,3,0,0,27,181,1420,27,12474392,0,0,0,20397,83084390920,283385723972
2022-03-04,ZHZ3QC5K,0,122713664,3,0,531132917,20667,3,0,0,26,181,1421,26,122713664,0,0,0,20428,83139111136,283685383924
2022-03-05,ZHZ3QC5K,0,54092688,3,0,533308559,20682,3,0,0,26,181,1422,26,54092688,0,0,0,20444,83166495360,283833519572
2022-03-06,ZHZ3QC5K,0,242183400,3,0,536771684,20714,3,0,0,27,181,1423,27,242183400,0,0,0,20475,83209948720,284222297556
2022-03-07,ZHZ3QC5K,0,238653040,3,0,538636572,20729,3,0,0,26,181,1424,26,238653040,0,0,0,20491,83234455096,284438401556
2022-03-08,ZHZ3QC5K,0,100471192,3,0,541903536,20761,3,0,0,26,182,1425,26,100471192,0,0,0,20522,83281119528,284741836564
2022-03-09,ZHZ3QC5K,0,137138728,3,0,546087485,20776,3,0,0,26,182,1426,26,137138728,0,0,0,20537,83307117912,284996646404
2022-03-10,ZHZ3QC5K,0,74380552,3,0,550296127,20808,3,0,0,26,182,1427,26,74380552,0,0,0,20569,83357060232,285372227580
2022-03-11,ZHZ3QC5K,0,57442208,3,0,552424239,20823,3,0,0,27,182,1428,27,57442208,0,0,0,20584,83380851392,285575638708
2022-03-12,ZHZ3QC5K,0,181833024,3,0,559344023,20855,3,0,0,27,182,1429,27,181833024,0,0,0,20615,83424035552,285900986140
2022-03-13,ZHZ3QC5K,0,89872416,3,0,562874051,20886,3,0,0,27,182,1430,27,89872416,0,0,0,20647,83468085040,286253257524
2022-03-14,ZHZ3QC5K,0,16310792,3,0,564543739,20902,3,0,0,27,183,1431,27,16310792,0,0,0,20662,83488730088,286403191644
2022-03-15,ZHZ3QC5K,0,144848104,3,0,568130412,20933,3,0,0,25,183,1432,25,144848104,0,0,0,20694,83534123088,286730476612
2022-03-16,ZHZ3QC5K,0,95482888,3,0,572537616,20949,3,0,0,26,183,1433,26,95482888,0,0,0,20710,83565574424,286893800700
2022-03-17,ZHZ3QC5K,0,231207944,3,0,575710222,20980,3,0,0,25,184,1434,25,231207944,0,0,0,20741,83615913656,287223327228
2022-03-18,ZHZ3QC5K,0,185893664,3,0,578306550,20996,3,0,0,25,184,1435,25,185893664,0,0,0,20756,83637881576,287400186708
2022-03-19,ZHZ3QC5K,0,59279688,3,0,583385161,21027,3,0,0,26,184,1436,26,59279688,0,0,0,20787,83683626664,287716109372
2022-03-20,ZHZ3QC5K,0,13326664,3,0,585405622,21043,3,0,0,26,184,1437,26,13326664,0,0,0,20803,83711286864,287886636844
2022-03-21,ZHZ3QC5K,0,201715784,3,0,589335327,21074,3,0,0,26,184,1438,26,201715784,0,0,0,20834,83759384048,288271069412
2022-03-22,ZHZ3QC5K,0,173409104,3,0,591309771,21090,3,0,0,25,184,1439,25,173409104,0,0,0,20850,83785310232,288460977180
2022-03-23,ZHZ3QC5K,0,133292320,3,0,597838899,21121,3,0,0,27,184,1440,27,133292320,0,0,0,20881,83842158000,288852294908
2022-03-24,ZHZ3QC5K,0,90298928,3,0,599817708,21137,3,0,0,27,184,1441,27,90298928,0,0,0,20896,83872632376,289022967908
2022-03-25,ZHZ3QC5K,0,4338832,3,0,604595720,21168,3,0,0,26,184,1442,26,4338832,0,0,0,20927,83931764512,289366157372
2022-03-26,ZHZ3QC5K,0,188902824,3,0,610580774,21184,3,0,0,26,184,1443,26,188902824,0,0,0,20943,83960846488,289521639388
2022-03-27,ZHZ3QC5K,0,37319736,3,0,615051773,21215,3,0,0,26,184,1444,26,37319736,0,0,0,20974,84021935168,289797250140
2022-03-28,ZHZ3QC5K,0,198142904,3,0,616977588,21231,3,0,0,26,184,1445,26,198142904,0,0,0,20990,84047529632,289932478844
2022-03-29,ZHZ3QC5K,0,21207552,3,0,620135704,21262,3,0,0,26,185,1446,26,21207552,0,0,0,21021,84094937504,290196417332
2022-03-30,ZHZ3QC5K,0,5298736,3,0,623685259,21278,3,0,0,26,185,1447,26,5298736,0,0,0,21036,84124070240,290395516772
2022-03-31,ZHZ3QC5K,0,117571688,3,0,628423902,21309,3,0,0,26,186,1448,26,117571688,0,0,0,21068,84191487856,290684512988
2022-04-01,ZHZ3QC5K,0,169496320,3,0,634209952,21340,3,0,0,26,186,1449,26,169496320,0,0,0,21099,84254945280,290917121044
2022-04-02,ZHZ3QC5K,0,79095176,3,0,636029418,21356,3,0,0,26,186,1450,26,79095176,0,0,0,21114,84287938592,291037867252
2022-04-03,ZHZ3QC5K,0,214134448,3,0,639574028,21387,3,0,0,26,186,1451,26,214134448,0,0,0,21146,84351753232,291353232940
2022-04-04,ZHZ3QC5K,0,173091520,3,0,641561058,21403,3,0,0,27,187,1452,27,173091520,0,0,0,21161,84382537352,291525546596
2022-04-05,ZHZ3QC5K,0,109739128,3,0,645237192,21434,3,0,0,27,187,1453,27,109739128,0,0,0,21192,84439994584,291893018412
2022-04-06,ZHZ3QC5K,0,139655672,3,0,649465166,21450,3,0,0,27,187,1454,27,139655672,0,0,0,21208,84470194576,292136875668
2022-04-07,ZHZ3QC5K,0,92118792,3,0,653875787,21481,3,0,0,25,187,1455,25,92118792,0,0,0,21239,84528780272,292519034892
2022-04-08,ZHZ3QC5K,0,81986568,3,0,656172434,21497,3,0,0,26,187,1456,26,81986568,0,0,0,21255,84563422184,292718401996
2022-04-09,ZHZ3QC5K,0,151348704,3,0,661998094,21528,3,0,0,25,187,1457,25,151348704,0,0,0,21286,84613317384,292982009684
2022-04-10,ZHZ3QC5K,0,112025512,3,0,663986453,21544,3,0,0,26,188,1458,26,112025512,0,0,0,21302,84647202096,293152942500
2022-04-11,ZHZ3QC5K,0,37798472,3,0,667835874,21576,3,0,0,27,188,1459,27,37798472,0,0,0,21333,84710582688,293503616212
2022-04-12,ZHZ3QC5K,0,242660856,3,0,669754728,21591,3,0,0,26,188,1460,26,242660856,0,0,0,21349,84748373568,293670687716
2022-04-13,ZHZ3QC5K,0,18172016,3,0,676103863,21623,3,0,0,26,188,1461,26,18172016,0,0,0,21380,84820587464,294106406900
2022-04-14,ZHZ3QC5K,0,14058256,3,0,678690140,21638,3,0,0,26,188,1462,26,14058256,0,0,0,21396,84869360368,294297660948
2022-04-15,ZHZ3QC5K,0,169809688,3,0,683607613,21669,3,0,0,27,188,1463,27,169809688,0,0,0,21427,84930251768,294636661660
2022-04-16,ZHZ3QC5K,0,94103816,3,0,687195579,21685,3,0,0,27,188,1464,27,94103816,0,0,0,21442,84966531832,294768816436
2022-04-17,ZHZ3QC5K,0,71316936,3,0,691291190,21717,3,0,0,27,188,1465,27,71316936,0,0,0,21474,85048824392,295152018428
2022-04-18,ZHZ3QC5K,0,18665528,3,0,695387714,21748,3,0,0,26,189,1466,26,18665528,0,0,0,21505,85114784176,295521688812
2022-04-19,ZHZ3QC5K,0,2954752,3,0,697328283,21764,3,0,0,26,189,1467,26,2954752,0,0,0,21520,85149273456,295715629404
2022-04-20,ZHZ3QC5K,0,179882712,3,0,703935411,21795,3,0,0,26,189,1468,26,179882712,0,0,0,21552,85211214672,296318897804
2022-04-21,ZHZ3QC5K,0,211530344,3,0,705754547,21811,3,0,0,27,189,1469,27,211530344,0,0,0,21567,85242619544,296563281204
2022-04-22,ZHZ3QC5K,0,218388792,3,0,711611726,21842,3,0,0,27,189,1470,27,218388792,0,0,0,21598,85312412392,296988628596
2022-04-23,ZHZ3QC5K,0,193266896,3,0,714591809,21857,3,0,0,26,189,1471,26,193266896,0,0,0,21614,85346308640,297173751100
2022-04-24,ZHZ3QC5K,0,7185232,3,0,718199168,21889,3,0,0,26,189,1472,26,7185232,0,0,0,21645,85431900824,297634513340
2022-04-25,ZHZ3QC5K,0,12830528,3,0,720280550,21904,3,0,0,27,190,1473,27,12830528,0,0,0,21661,85478465816,297837734276
2022-04-26,ZHZ3QC5K,0,12529280,3,0,723896568,21936,3,0,0,27,190,1474,27,12529280,0,0,0,21692,85550442056,298253738052
2022-04-27,ZHZ3QC5K,0,81103712,3,0,727491206,21951,3,0,0,27,190,1475,27,81103712,0,0,0,21707,85595446080,298521449148
2022-04-28,ZHZ3QC5K,0,44963304,3,0,732538697,21983,3,0,0,26,190,1476,26,44963304,0,0,0,21739,85681335264,298887701092
2022-04-29,ZHZ3QC5K,0,40554384,3,0,734771707,21998,3,0,0,27,190,1477,27,40554384,0,0,0,21754,85727635624,299081132508
2022-04-30,ZHZ3QC5K,0,203333968,3,0,741909353,22030,3,0,0,27,191,1478,27,203333968,0,0,0,21785,85821744576,299393943772
2022-05-01,ZHZ3QC5K,0,174172664,3,0,744074375,22045,3,0,0,27,191,1479,27,174172664,0,0,0,21801,85867041904,299563625772
2022-05-02,ZHZ3QC5K,0,101789232,3,0,751156123,22077,3,0,0,27,191,1480,27,101789232,0,0,0,21832,85939863112,299906703348
2022-05-03,ZHZ3QC5K,0,3111216,3,0,754726371,22108,3,0,0,26,191,1481,26,3111216,0,0,0,21863,86024426880,300211743124
2022-05-04,ZHZ3QC5K,0,206934808,3,0,758255198,22124,3,0,0,28,191,1482,28,206934808,0,0,0,21879,86063342992,300376650604
2022-05-05,ZHZ3QC5K,0,141134792,3,0,762458011,22155,3,0,0,26,191,1483,26,141134792,0,0,0,21910,86129506248,300732968596
2022-05-06,ZHZ3QC5K,0,132545864,3,0,765111479,22171,3,0,0,27,192,1484,27,132545864,0,0,0,21926,86159551152,300938475564
2022-05-07,ZHZ3QC5K,0,58628928,3,0,770263589,22202,3,0,0,25,192,1485,25,58628928,0,0,0,21957,86225996056,301286395020
2022-05-08,ZHZ3QC5K,0,16973842,3,0,771967483,22218,3,0,0,27,192,1486,27,16973842,0,0,0,21973,86262225096,301452651566
2022-05-09,ZHZ3QC5K,0,210628272,3,0,775784174,22250,3,0,0,26,192,1487,26,210628272,0,0,0,22004,86346458800,301806213054
2022-05-10,ZHZ3QC5K,0,194833816,3,0,780426150,22281,3,0,0,27,192,1489,27,194833816,0,0,0,22035,86438933096,302186226110
2022-05-11,ZHZ3QC5K,0,164252992,3,0,783532878,22297,3,0,0,26,192,1489,26,164252992,0,0,0,22051,86478168896,302360550118
2022-05-12,ZHZ3QC5K,0,50152280,3,0,786764094,22328,3,0,0,26,193,1490,26,50152280,0,0,0,22082,86517436960,302695462982
2022-05-13,ZHZ3QC5K,0,227624272,3,0,790106792,22344,3,0,0,26,194,1491,26,227624272,0,0,0,22098,86547553400,302842818534
2022-05-14,ZHZ3QC5K,0,105570032,3,0,794982237,22375,3,0,0,26,195,1492,26,105570032,0,0,0,22129,86618232608,303138366414
2022-05-15,ZHZ3QC5K,0,63169984,3,0,796671196,22391,3,0,0,26,195,1493,26,63169984,0,0,0,22145,86653139856,303305200150
2022-05-16,ZHZ3QC5K,0,4393304,3,0,800277093,22422,3,0,0,27,196,1494,27,4393304,0,0,0,22176,86719778040,303668066710
2022-05-17,ZHZ3QC5K,0,190042792,3,0,801798340,22438,3,0,0,29,196,1495,29,190042792,0,0,0,22192,86752204872,303821289366
2022-05-18,ZHZ3QC5K,0,3562992,3,0,804242539,22454,3,0,0,26,196,1496,26,3562992,0,0,0,22207,86798008592,304077287414
2022-05-19,ZHZ3QC5K,0,143229160,3,0,808619332,22485,3,0,0,26,197,1497,26,143229160,0,0,0,22239,86870179608,304388923342
2022-05-20,ZHZ3QC5K,0,105398048,3,0,810714631,22501,3,0,0,26,197,1498,26,105398048,0,0,0,22254,86913446976,304551966486
2022-05-21,ZHZ3QC5K,0,173543992,3,0,817202882,22533,3,0,0,27,197,1499,27,173543992,0,0,0,22286,86981128560,304796571478
2022-05-22,ZHZ3QC5K,0,31368856,3,0,820698735,22564,3,0,0,26,197,1500,26,31368856,0,0,0,22317,87058619568,305065186854
2022-05-23,ZHZ3QC5K,0,218591336,3,0,822428017,22580,3,0,0,26,197,1501,26,218591336,0,0,0,22333,87108191944,305202836958
2022-05-24,ZHZ3QC5K,0,53892824,3,0,825705687,22611,3,0,0,26,197,1502,26,53892824,0,0,0,22364,87190054968,305444557758
2022-05-25,ZHZ3QC5K,0,81489968,3,0,830284019,22627,3,0,0,27,197,1503,27,81489968,0,0,0,22380,87234794328,305671556318
2022-05-26,ZHZ3QC5K,0,227632672,3,0,834770729,22658,3,0,0,27,197,1504,27,227632672,0,0,0,22411,87317345032,305979288950
2022-05-27,ZHZ3QC5K,0,134311176,3,0,837001026,22674,3,0,0,27,197,1505,27,134311176,0,0,0,22427,87358159680,306089293454
2022-05-28,ZHZ3QC5K,0,181785368,3,0,842993220,22706,3,0,0,25,197,1506,25,181785368,0,0,0,22458,87437690400,306301377702
2022-05-29,ZHZ3QC5K,0,128008520,3,0,845003550,22721,3,0,0,27,197,1507,27,128008520,0,0,0,22474,87478828704,306450603206
2022-05-30,ZHZ3QC5K,0,56619000,3,0,848624143,22753,3,0,0,25,197,1508,25,56619000,0,0,0,22505,87552277976,306794045902
2022-05-31,ZHZ3QC5K,0,18438016,3,0,850715854,22769,3,0,0,27,197,1509,27,18438016,0,0,0,22521,87588913696,306963369846
2022-06-01,ZHZ3QC5K,0,165444168,3,0,857412550,22800,3,0,0,25,198,1510,25,165444168,0,0,0,22552,87661662080,307281768246
2022-06-02,ZHZ3QC5K,0,74442736,3,0,859249549,22816,3,0,0,27,199,1511,27,74442736,0,0,0,22568,87711927392,307384642150
2022-06-03,ZHZ3QC5K,0,222850696,3,0,864289191,22847,3,0,0,26,199,1512,26,222850696,0,0,0,22599,87780242104,307708876078
2022-06-04,ZHZ3QC5K,0,137339952,3,0,868008179,22863,3,0,0,27,199,1513,27,137339952,0,0,0,22615,87822758728,307824989342
2022-06-05,ZHZ3QC5K,0,53081848,3,0,872341284,22895,3,0,0,25,199,1514,25,53081848,0,0,0,22646,87902139336,308149632086
2022-06-07,ZHZ3QC5K,0,181516144,3,0,878428424,22942,3,0,0,25,201,1516,25,181516144,0,0,0,22693,88020357192,308648129926
2022-06-08,ZHZ3QC5K,0,164898304,3,0,881869627,22957,3,0,0,25,201,1517,25,164898304,0,0,0,22709,88074513608,308821496382
2022-06-09,ZHZ3QC5K,0,47459152,3,0,886667572,22989,3,0,0,24,202,1518,24,47459152,0,0,0,22740,88138605312,309128247278
2022-06-10,ZHZ3QC5K,0,169540168,3,0,888370491,23004,3,0,0,25,202,1519,25,169540168,0,0,0,22755,88170266208,309218667398
2022-06-11,ZHZ3QC5K,0,191783440,3,0,894595820,23036,3,0,0,26,203,1520,26,191783440,0,0,0,22787,88230005168,309425312342
2022-06-12,ZHZ3QC5K,0,235797288,3,0,901582875,23067,3,0,0,27,203,1521,27,235797288,0,0,0,22818,88288703216,309654768886
2022-06-13,ZHZ3QC5K,0,181779208,3,0,903507098,23083,3,0,0,26,203,1522,26,181779208,0,0,0,22833,88324409592,309809185414
2022-06-14,ZHZ3QC5K,0,77197200,3,0,906939035,23114,3,0,0,26,203,1523,26,77197200,0,0,0,22865,88389559832,310127734446
2022-06-15,ZHZ3QC5K,0,80915080,3,0,911072079,23130,3,0,0,27,203,1524,27,80915080,0,0,0,22880,88423614000,310341538790
2022-06-16,ZHZ3QC5K,0,34504480,3,0,915633702,23161,3,0,0,27,204,1525,27,34504480,0,0,0,22912,88481429560,310725594158
2022-06-17,ZHZ3QC5K,0,15558504,3,0,918098180,23177,3,0,0,27,204,1526,27,15558504,0,0,0,22927,88517418368,310914800006
2022-06-18,ZHZ3QC5K,0,104231776,3,0,924437775,23208,3,0,0,25,204,1527,25,104231776,0,0,0,22959,88578510416,311186521990
2022-06-19,ZHZ3QC5K,0,56368984,3,0,926503371,23224,3,0,0,26,204,1528,26,56368984,0,0,0,22974,88622609488,311338700982
2022-06-20,ZHZ3QC5K,0,213463896,3,0,929952376,23255,3,0,0,25,204,1529,25,213463896,0,0,0,23005,88690031192,311672515286
2022-06-21,ZHZ3QC5K,0,78961608,3,0,931755041,23271,3,0,0,27,205,1530,27,78961608,0,0,0,23021,88721338312,311750846662
2022-06-22,ZHZ3QC5K,0,148887936,3,0,937388087,23302,3,0,0,25,205,1531,25,148887936,0,0,0,23052,88786074632,312000177830
2022-06-23,ZHZ3QC5K,0,86022336,3,0,939348273,23318,3,0,0,28,205,1532,28,86022336,0,0,0,23067,88822870576,312144657182
2022-06-24,ZHZ3QC5K,0,109533160,3,0,943062538,23349,3,0,0,26,206,1533,26,109533160,0,0,0,23099,88889175552,312346003662
2022-06-25,ZHZ3QC5K,0,141161640,4,0,945267538,23365,4,0,0,27,206,1541,27,141161640,0,0,0,23113,88923982984,312586965546
2022-06-26,ZHZ3QC5K,0,204273624,4,0,948953723,23397,4,0,0,26,206,1542,26,204273624,0,0,0,23145,88988424640,313073917514
2022-06-27,ZHZ3QC5K,0,214598504,4,0,950746113,23413,4,0,0,27,206,1543,27,214598504,0,0,0,23160,89023789792,313293017874
2022-06-28,ZHZ3QC5K,0,166365680,4,0,954020136,23444,4,0,0,26,207,1544,26,166365680,0,0,0,23192,89079346632,313677511082
2022-06-29,ZHZ3QC5K,0,165677296,4,0,960546692,23475,4,0,0,27,207,1546,27,165677296,0,0,0,23223,89159579048,314084871954
2022-06-30,ZHZ3QC5K,0,104154544,4,0,962227434,23491,4,0,0,27,207,1546,27,104154544,0,0,0,23238,89191842584,314235226330
2022-07-01,ZHZ3QC5K,0,394464,4,0,967456735,23522,4,0,0,26,207,1547,26,394464,0,0,0,23269,89256843112,314554750642
2022-07-02,ZHZ3QC5K,0,137675696,4,0,970978834,23538,4,0,0,26,207,1548,26,137675696,0,0,0,23285,89304860664,314644014322
2022-07-03,ZHZ3QC5K,0,221784208,4,0,974331944,23569,4,0,0,28,208,1549,28,221784208,0,0,0,23316,89377643416,314899480802
2022-07-04,ZHZ3QC5K,0,151169376,4,0,976206226,23585,4,0,0,28,209,1550,28,151169376,0,0,0,23332,89418531704,315032118962
2022-07-05,ZHZ3QC5K,0,224800152,4,0,979702785,23616,4,0,0,27,210,1551,27,224800152,0,0,0,23363,89485864448,315282558114
2022-07-06,ZHZ3QC5K,0,197556000,4,0,983416692,23632,4,0,0,27,210,1552,27,197556000,0,0,0,23379,89533221184,315452097898
2022-07-07,ZHZ3QC5K,0,242129096,4,0,988911656,23664,4,0,0,25,210,1553,25,242129096,0,0,0,23410,89623601608,315894571834
2022-07-08,ZHZ3QC5K,0,229245616,4,0,991186777,23679,4,0,0,25,210,1554,25,229245616,0,0,0,23426,89658939184,316090491418
2022-07-09,ZHZ3QC5K,0,49537000,4,0,997599972,23711,4,0,0,25,210,1555,25,49537000,0,0,0,23457,89723769104,316334236898
2022-07-10,ZHZ3QC5K,0,231220440,4,0,999970291,23727,4,0,0,26,210,1556,26,231220440,0,0,0,23473,89764814992,316474874450
2022-07-11,ZHZ3QC5K,0,99436344,4,0,3418489,23758,4,0,0,25,210,1557,25,99436344,0,0,0,23504,89821524192,316774662674
2022-07-12,ZHZ3QC5K,0,59635992,4,0,6120285,23774,4,0,0,25,210,1558,25,59635992,0,0,0,23520,89865721464,316934805834
2022-07-13,ZHZ3QC5K,0,47055544,4,0,13212670,23805,4,0,0,25,211,1559,25,47055544,0,0,0,23551,89945295008,317330933362
2022-07-14,ZHZ3QC5K,0,217384528,4,0,17016810,23836,4,0,0,26,211,1561,26,217384528,0,0,0,23582,90011538472,317679160058
2022-07-15,ZHZ3QC5K,0,187119448,4,0,19553211,23852,4,0,0,25,211,1561,25,187119448,0,0,0,23598,90041704128,317862870050
2022-07-16,ZHZ3QC5K,0,230256944,4,0,25913785,23883,4,0,0,26,211,1563,26,230256944,0,0,0,23629,90108704704,318083147770
2022-07-17,ZHZ3QC5K,0,181101064,4,0,27905877,23899,4,0,0,24,211,1563,24,181101064,0,0,0,23645,90148271976,318238565578
2022-07-18,ZHZ3QC5K,0,110133440,4,0,31405356,23930,4,0,0,26,211,1565,26,110133440,0,0,0,23676,90203318664,318600833210
2022-07-19,ZHZ3QC5K,0,71314144,4,0,33377359,23946,4,0,0,26,211,1565,26,71314144,0,0,0,23692,90243196360,318766277018
2022-07-20,ZHZ3QC5K,0,8089016,4,0,38619271,23978,4,0,0,25,212,1566,25,8089016,0,0,0,23723,90322441048,319112123594
2022-07-21,ZHZ3QC5K,0,213040208,4,0,40637594,23993,4,0,0,24,212,1567,24,213040208,0,0,0,23739,90361039928,319278475906
2022-07-22,ZHZ3QC5K,0,70284648,4,0,45648669,24025,4,0,0,24,213,1568,24,70284648,0,0,0,23770,90425893768,319559147802
2022-07-23,ZHZ3QC5K,0,217360464,4,0,49065455,24041,4,0,0,23,213,1569,23,217360464,0,0,0,23786,90460818072,319671299314
2022-07-24,ZHZ3QC5K,0,59539560,4,0,52449867,24072,4,0,0,24,214,1570,24,59539560,0,0,0,23817,90521121344,319941456666
2022-07-25,ZHZ3QC5K,0,217374344,4,0,54287667,24088,4,0,0,24,214,1571,24,217374344,0,0,0,23832,90550532920,320069879874
2022-07-26,ZHZ3QC5K,0,25084936,4,0,62246467,24119,4,0,0,24,214,1572,24,25084936,0,0,0,23864,90615721760,320544823954
2022-07-27,ZHZ3QC5K,0,219404608,4,0,65556789,24135,4,0,0,24,214,1573,24,219404608,0,0,0,23879,90651731200,320703134186
2022-07-28,ZHZ3QC5K,0,45715384,4,0,69746504,24166,4,0,0,24,214,1574,24,45715384,0,0,0,23911,90711765400,320957696098
2022-07-29,ZHZ3QC5K,0,234213384,4,0,71749920,24182,4,0,0,24,214,1575,24,234213384,0,0,0,23926,90749589496,321108370002
2022-07-30,ZHZ3QC5K,0,64196256,4,0,78503553,24213,4,0,0,24,214,1576,24,64196256,0,0,0,23957,90815199360,321361024754
2022-07-31,ZHZ3QC5K,0,40756376,4,0,80534264,24229,4,0,0,23,214,1577,23,40756376,0,0,0,23973,90859774384,321537150570
2022-08-01,ZHZ3QC5K,0,34032192,4,0,83583744,24260,4,0,0,24,215,1578,24,34032192,0,0,0,24004,90921727968,321712613514
2022-08-02,ZHZ3QC5K,0,149296056,4,0,85256155,24276,4,0,0,23,216,1579,23,149296056,0,0,0,24020,90958360888,321791244458
2022-08-03,ZHZ3QC5K,0,212506096,4,0,90960574,24308,4,0,0,24,216,1580,24,212506096,0,0,0,24051,91028103088,322028852970
2022-08-04,ZHZ3QC5K,0,36792936,4,0,95254103,24339,4,0,0,24,217,1582,24,36792936,0,0,0,24082,91098761528,322270770594
2022-08-05,ZHZ3QC5K,0,3857776,4,0,97753116,24355,4,0,0,24,217,1582,24,3857776,0,0,0,24098,91137488864,322443248730
2022-08-06,ZHZ3QC5K,0,96187192,4,0,104055356,24386,4,0,0,24,217,1584,24,96187192,0,0,0,24129,91198220976,322718987146
2022-08-07,ZHZ3QC5K,0,35070824,4,0,105949074,24402,4,0,0,25,217,1584,25,35070824,0,0,0,24145,91238638320,322861594074
2022-08-08,ZHZ3QC5K,0,9495856,4,0,109552719,24433,4,0,0,24,218,1586,24,9495856,0,0,0,24176,91302616472,323260323034
2022-08-09,ZHZ3QC5K,0,209519080,4,0,111563641,24449,4,0,0,24,218,1586,24,209519080,0,0,0,24191,91338997352,323423965378
2022-08-10,ZHZ3QC5K,0,16379608,4,0,116955250,24480,4,0,0,24,219,1587,24,16379608,0,0,0,24223,91416576112,323641528474
2022-08-11,ZHZ3QC5K,0,179306384,4,0,120432100,24496,4,0,0,24,219,1588,24,179306384,0,0,0,24238,91466514936,323754516426
2022-08-12,ZHZ3QC5K,0,218758570,4,0,124050537,24527,4,0,0,23,220,1592,23,218758570,0,0,0,24269,91535903576,323968720916
2022-08-13,ZHZ3QC5K,0,107612624,4,0,127964784,24559,4,0,0,24,221,1593,24,107612624,0,0,0,24301,91611105536,324270654492
2022-08-14,ZHZ3QC5K,0,53751168,4,0,129809166,24575,4,0,0,24,221,1594,24,53751168,0,0,0,24317,91647627576,324424414068
2022-08-15,ZHZ3QC5K,0,37347040,4,0,134274394,24606,4,0,0,23,221,1595,23,37347040,0,0,0,24348,91736080600,324807841724
2022-08-16,ZHZ3QC5K,0,203984152,4,0,136164794,24622,4,0,0,24,221,1596,24,203984152,0,0,0,24363,91771562928,324938996508
2022-08-17,ZHZ3QC5K,0,220387976,4,0,139205970,24638,4,0,0,23,221,1596,23,220387976,0,0,0,24379,91822899648,325148204340
2022-08-18,ZHZ3QC5K,0,145712792,4,0,144302709,24669,4,0,0,24,221,1598,24,145712792,0,0,0,24410,91909138976,325475571588
2022-08-19,ZHZ3QC5K,0,132121336,4,0,146586248,24685,4,0,0,24,221,1598,24,132121336,0,0,0,24426,91971546384,325643714420
2022-08-20,ZHZ3QC5K,0,220376784,4,0,153850184,24716,4,0,0,24,221,1600,24,220376784,0,0,0,24457,92055539952,325892117052
2022-08-21,ZHZ3QC5K,0,193835808,4,0,158024825,24748,4,0,0,24,221,1601,24,193835808,0,0,0,24489,92140349888,326269047580
2022-08-22,ZHZ3QC5K,0,191855480,4,0,160076281,24764,4,0,0,23,221,1601,23,191855480,0,0,0,24504,92181047272,326470510964
2022-08-23,ZHZ3QC5K,0,118575088,4,0,164006442,24795,4,0,0,24,222,1603,24,118575088,0,0,0,24536,92259916320,326806643060
2022-08-24,ZHZ3QC5K,0,114219888,4,0,167898440,24811,4,0,0,25,222,1603,25,114219888,0,0,0,24551,92313990480,326992357484
2022-08-25,ZHZ3QC5K,0,99242552,4,0,172589974,24842,4,0,0,24,222,1605,24,99242552,0,0,0,24583,92416487304,327363164820
2022-08-26,ZHZ3QC5K,0,73913312,4,0,175497133,24858,4,0,0,24,222,1605,24,73913312,0,0,0,24598,92471067200,327527396316
2022-08-27,ZHZ3QC5K,0,159837496,4,0,182939092,24889,4,0,0,24,222,1607,24,159837496,0,0,0,24629,92569329520,327759198820
2022-08-28,ZHZ3QC5K,0,152704848,4,0,185352441,24905,4,0,0,23,222,1607,23,152704848,0,0,0,24645,92631740416,327933795916
2022-08-29,ZHZ3QC5K,0,23531272,4,0,189353146,24937,4,0,0,23,223,1609,23,23531272,0,0,0,24676,92719492408,328205151724
2022-08-30,ZHZ3QC5K,0,35715328,4,0,191714080,24952,4,0,0,22,223,1609,22,35715328,0,0,0,24692,92769065808,328411903212
2022-08-31,ZHZ3QC5K,0,40337976,4,0,197965395,24984,4,0,0,23,224,1611,23,40337976,0,0,0,24724,92869322720,328804550340
2022-09-01,ZHZ3QC5K,0,49842632,4,0,200394686,25000,4,0,0,22,224,1611,22,49842632,0,0,0,24739,92922694552,329004823900
2022-09-02,ZHZ3QC5K,0,133254328,4,0,204913843,25031,4,0,0,24,224,1613,24,133254328,0,0,0,24771,93033632608,329221438180
2022-09-03,ZHZ3QC5K,0,37777328,4,0,208783991,25047,4,0,0,23,224,1613,23,37777328,0,0,0,24786,93091328312,329312406172
2022-09-04,ZHZ3QC5K,0,5662320,4,0,215195060,25079,4,0,0,23,225,1615,23,5662320,0,0,0,24817,93204556592,329655344316
2022-09-05,ZHZ3QC5K,0,21045584,4,0,217731291,25094,4,0,0,22,225,1615,22,21045584,0,0,0,24833,93261721280,329857703748
2022-09-06,ZHZ3QC5K,0,91655384,4,0,222576924,25126,4,0,0,24,225,1617,24,91655384,0,0,0,24865,93364080280,330314236308
2022-09-07,ZHZ3QC5K,0,163260728,4,0,225813630,25142,4,0,0,26,225,1617,26,163260728,0,0,0,24880,93415669704,330578393300
2022-09-08,ZHZ3QC5K,0,230429848,4,0,233615208,25173,4,0,0,24,225,1619,24,230429848,0,0,0,24912,93533356520,331016157268
2022-09-09,ZHZ3QC5K,0,7091288,4,0,236346170,25189,4,0,0,24,225,1619,24,7091288,0,0,0,24928,93597605800,331216851276
2022-09-10,ZHZ3QC5K,0,130696936,4,0,246665424,25220,4,0,0,25,225,1621,25,130696936,0,0,0,24959,93671051704,331511151660
2022-09-11,ZHZ3QC5K,0,61427744,4,0,250052963,25236,4,0,0,24,225,1621,24,61427744,0,0,0,24975,93701966168,331655108788
2022-09-12,ZHZ3QC5K,0,221545976,4,0,254043011,25268,4,0,0,23,227,1623,23,221545976,0,0,0,25006,93757964720,332003369244
2022-09-13,ZHZ3QC5K,0,133356192,4,0,255977038,25283,4,0,0,24,227,1623,24,133356192,0,0,0,25022,93790142072,332127142740
2022-09-14,ZHZ3QC5K,0,93750624,4,0,261925801,25315,4,0,0,27,228,1625,27,93750624,0,0,0,25053,93843359760,332522601596
2022-09-15,ZHZ3QC5K,0,49380784,4,0,267381000,25346,4,0,0,24,228,1626,24,49380784,0,0,0,25084,93891464296,332918408644
2022-09-16,ZHZ3QC5K,0,25810432,4,0,269850519,25362,4,0,0,23,228,1626,23,25810432,0,0,0,25100,93923848360,333106594860
2022-09-17,ZHZ3QC5K,0,48284248,4,0,276700141,25393,4,0,0,23,230,1628,23,48284248,0,0,0,25131,93982407040,333314650748
2022-09-18,ZHZ3QC5K,0,26930496,4,0,279111021,25409,4,0,0,22,230,1628,22,26930496,0,0,0,25147,94027853824,333491991068
2022-09-19,ZHZ3QC5K,0,215111096,4,0,282258279,25440,4,0,0,23,232,1630,23,215111096,0,0,0,25178,94076348528,333631676964
2022-09-20,ZHZ3QC5K,0,193341312,4,0,284381743,25456,4,0,0,22,232,1630,22,193341312,0,0,0,25194,94106731720,333823664620
2022-09-21,ZHZ3QC5K,0,220628024,4,0,290359396,25488,4,0,0,23,233,1632,23,220628024,0,0,0,25225,94163154776,334282809652
2022-09-22,ZHZ3QC5K,0,180057536,4,0,292561802,25503,4,0,0,24,233,1632,24,180057536,0,0,0,25240,94193614136,334455920572
2022-09-23,ZHZ3QC5K,0,233307288,4,0,297405696,25535,4,0,0,24,234,1634,24,233307288,0,0,0,25272,94249918192,334697006900
2022-09-24,ZHZ3QC5K,0,137219552,4,0,301811445,25551,4,0,0,24,234,1634,24,137219552,0,0,0,25288,94283833632,334811144388
2022-09-25,ZHZ3QC5K,0,57211792,4,0,305744117,25582,4,0,0,27,234,1636,27,57211792,0,0,0,25319,94332621864,335170630484
2022-09-26,ZHZ3QC5K,0,240419040,4,0,307734272,25598,4,0,0,28,234,1636,28,240419040,0,0,0,25335,94367096320,335319363276
2022-09-27,ZHZ3QC5K,0,170242056,4,0,311665694,25630,4,0,0,28,234,1638,28,170242056,0,0,0,25366,94419747128,335684817340
2022-09-28,ZHZ3QC5K,0,185760400,4,0,318799680,25661,4,0,0,23,235,1639,23,185760400,0,0,0,25397,94467975896,336140388180
2022-09-29,ZHZ3QC5K,0,37561120,4,0,320362052,25677,4,0,0,22,235,1640,22,37561120,0,0,0,25413,94488368592,336215936884
2022-09-30,ZHZ3QC5K,0,30920440,4,0,326785131,25708,4,0,0,24,235,1641,24,30920440,0,0,0,25444,94541806240,336399999188
2022-10-01,ZHZ3QC5K,0,139699040,4,0,329866820,25724,4,0,0,23,235,1641,23,139699040,0,0,0,25460,94568540184,336482043844
2022-10-02,ZHZ3QC5K,0,150436752,4,0,333205851,25756,4,0,0,23,236,1643,23,150436752,0,0,0,25491,94617456968,336688005548
2022-10-03,ZHZ3QC5K,0,154988568,4,0,335431421,25771,4,0,0,24,236,1643,24,154988568,0,0,0,25507,94650399600,336903755596
2022-10-04,ZHZ3QC5K,0,188239416,4,0,338907154,25803,4,0,0,23,237,1645,23,188239416,0,0,0,25538,94703812472,337127734340
2022-10-05,ZHZ3QC5K,0,162920288,4,0,342871476,25819,4,0,0,24,237,1645,24,162920288,0,0,0,25554,94736062336,337314306716
2022-10-06,ZHZ3QC5K,0,119848584,4,0,348353498,25850,4,0,0,24,238,1647,24,119848584,0,0,0,25586,94781184072,337714394972
2022-10-07,ZHZ3QC5K,0,23183280,4,0,350671874,25866,4,0,0,24,238,1647,24,23183280,0,0,0,25601,94809511304,337833543236
2022-10-08,ZHZ3QC5K,0,10898528,4,0,357505066,25898,4,0,0,24,238,1649,24,10898528,0,0,0,25633,94845987872,338028922564
2022-10-09,ZHZ3QC5K,0,178722504,4,0,359602807,25913,4,0,0,24,238,1649,24,178722504,0,0,0,25648,94872153320,338170581092
2022-10-10,ZHZ3QC5K,0,131761808,4,0,363181360,25945,4,0,0,24,238,1651,24,131761808,0,0,0,25680,94910508048,338573547116
2022-10-11,ZHZ3QC5K,0,94932216,4,0,365170011,25961,4,0,0,24,238,1651,24,94932216,0,0,0,25696,94933628840,338757737436
2022-10-12,ZHZ3QC5K,0,78878344,4,0,372052577,25992,4,0,0,24,238,1653,24,78878344,0,0,0,25727,94980201576,339183392164
2022-10-13,ZHZ3QC5K,0,40134496,4,0,376156992,26024,4,0,0,24,238,1654,24,40134496,0,0,0,25758,95039171832,339573963036
2022-10-14,ZHZ3QC5K,0,238589352,4,0,379140023,26039,4,0,0,23,239,1655,23,238589352,0,0,0,25774,95061208328,339750381396
2022-10-15,ZHZ3QC5K,0,93023568,4,0,385274986,26071,4,0,0,24,239,1656,24,93023568,0,0,0,25805,95130493040,340023812292
2022-10-16,ZHZ3QC5K,0,2185280,4,0,386992933,26087,4,0,0,23,239,1657,23,2185280,0,0,0,25821,95150205656,340157402044
2022-10-17,ZHZ3QC5K,0,183598160,4,0,390989854,26118,4,0,0,24,240,1658,24,183598160,0,0,0,25852,95196036800,340537124580
2022-10-18,ZHZ3QC5K,0,154332352,4,0,392864860,26134,4,0,0,23,241,1659,23,154332352,0,0,0,25868,95216829632,340731206572
2022-10-19,ZHZ3QC5K,0,137535752,4,0,396008910,26150,4,0,0,24,241,1659,24,137535752,0,0,0,25884,95245154544,340930225756
2022-10-20,ZHZ3QC5K,0,113003280,4,0,401062450,26181,4,0,0,24,241,1660,24,113003280,0,0,0,25915,95294657096,341344472172
2022-10-21,ZHZ3QC5K,0,130689808,4,0,403325568,26197,4,0,0,24,241,1661,24,130689808,0,0,0,25931,95322219552,341578736988
2022-10-22,ZHZ3QC5K,0,197696544,4,0,410495204,26229,4,0,0,23,243,1663,23,197696544,0,0,0,25962,95374659408,341837444500
2022-10-23,ZHZ3QC5K,0,48484440,4,0,418318098,26260,4,0,0,24,243,1664,24,48484440,0,0,0,25993,95425616256,342369697820
2022-10-24,ZHZ3QC5K,0,41536824,4,0,421228287,26276,4,0,0,23,243,1664,23,41536824,0,0,0,26009,95449812144,342582695044
2022-10-25,ZHZ3QC5K,0,170942640,4,0,424887046,26307,4,0,0,23,243,1666,23,170942640,0,0,0,26040,95501321080,342904732676
2022-10-26,ZHZ3QC5K,0,208736088,4,0,429121370,26323,4,0,0,23,243,1666,23,208736088,0,0,0,26056,95529917528,343158070308
2022-10-27,ZHZ3QC5K,0,171277200,4,0,435430674,26355,4,0,0,23,243,1668,23,171277200,0,0,0,26088,95594440016,343544370572
2022-10-28,ZHZ3QC5K,0,140588584,4,0,438063187,26370,4,0,0,23,243,1668,23,140588584,0,0,0,26103,95626994432,343725268460
2022-10-29,ZHZ3QC5K,0,193783528,4,0,444761036,26402,4,0,0,23,244,1670,23,193783528,0,0,0,26134,95685419792,343964178676
2022-10-30,ZHZ3QC5K,0,131424592,4,0,446722212,26418,4,0,0,22,244,1670,22,131424592,0,0,0,26150,95715202312,344116177852
2022-10-31,ZHZ3QC5K,0,183848352,4,0,450183689,26449,4,0,0,23,245,1672,23,183848352,0,0,0,26181,95758506248,344369438308
2022-11-01,ZHZ3QC5K,0,90517992,4,0,452109164,26465,4,0,0,23,245,1672,23,90517992,0,0,0,26197,95786149648,344492605180
2022-11-02,ZHZ3QC5K,0,18790528,4,0,457949320,26496,4,0,0,22,245,1674,22,18790528,0,0,0,26228,95852159872,344843148980
2022-11-03,ZHZ3QC5K,0,193907632,4,0,460048720,26512,4,0,0,23,245,1674,23,193907632,0,0,0,26244,95891813944,344978612012
2022-11-04,ZHZ3QC5K,0,65953680,4,0,464729880,26543,4,0,0,23,245,1676,23,65953680,0,0,0,26275,95947598432,345283155084
2022-11-05,ZHZ3QC5K,0,207796808,4,0,468994427,26559,4,0,0,23,245,1676,23,207796808,0,0,0,26290,95985760960,345386835684
2022-11-06,ZHZ3QC5K,0,89617512,4,0,473367348,26590,4,0,0,23,246,1678,23,89617512,0,0,0,26321,96041519384,345701179476
2022-11-07,ZHZ3QC5K,0,43564272,4,0,475312655,26605,4,0,0,23,246,1678,23,43564272,0,0,0,26337,96067731760,345873054580
2022-11-08,ZHZ3QC5K,0,127889344,4,0,479060942,26637,4,0,0,23,247,1680,23,127889344,0,0,0,26368,96129305768,346139946388
2022-11-09,ZHZ3QC5K,0,21137032,4,0,483674817,26668,4,0,0,23,247,1682,23,21137032,0,0,0,26399,96200331920,346450450188
2022-11-10,ZHZ3QC5K,0,222202152,4,0,485879974,26683,4,0,0,23,247,1682,23,222202152,0,0,0,26414,96235338272,346616508956
2022-11-11,ZHZ3QC5K,0,53775128,4,0,491213532,26715,4,0,0,23,248,1684,23,53775128,0,0,0,26445,96302514624,346869187956
2022-11-12,ZHZ3QC5K,0,195964864,4,0,495247962,26730,4,0,0,23,248,1684,23,195964864,0,0,0,26461,96342204920,346971687396
2022-11-13,ZHZ3QC5K,0,93781128,4,0,499091490,26762,4,0,0,24,248,1686,24,93781128,0,0,0,26492,96411235040,347288754916
2022-11-14,ZHZ3QC5K,0,65671200,4,0,501178111,26777,4,0,0,23,248,1686,23,65671200,0,0,0,26507,96442236528,347473784196
2022-11-15,ZHZ3QC5K,0,173973200,4,0,504667380,26808,4,0,0,22,248,1688,22,173973200,0,0,0,26538,96506996072,347761467492
2022-11-16,ZHZ3QC5K,0,181764032,4,0,508206323,26824,4,0,0,23,248,1688,23,181764032,0,0,0,26554,96538608472,347981786908
2022-11-17,ZHZ3QC5K,0,50906512,4,0,515378147,26855,4,0,0,25,249,1689,25,50906512,0,0,0,26585,96578783040,348299036284
2022-11-18,ZHZ3QC5K,0,205796320,4,0,519657633,26871,4,0,0,23,249,1690,23,205796320,0,0,0,26600,96605007288,348427701844
2022-11-19,ZHZ3QC5K,0,14910432,4,0,528551175,26902,4,0,0,23,250,1691,23,14910432,0,0,0,26632,96650166512,348679937996
2022-11-20,ZHZ3QC5K,0,158031632,4,0,532179270,26933,4,0,0,23,252,1693,23,158031632,0,0,0,26663,96706311096,349011055516
2022-11-21,ZHZ3QC5K,0,109099128,4,0,533911121,26949,4,0,0,24,252,1693,24,109099128,0,0,0,26678,96731232592,349181342148
2022-11-22,ZHZ3QC5K,0,55251312,4,0,537674602,26980,4,0,0,23,252,1695,23,55251312,0,0,0,26709,96779318608,349567689660
2022-11-23,ZHZ3QC5K,0,101347888,4,0,541709517,26995,4,0,0,24,252,1695,24,101347888,0,0,0,26725,96807559840,349829685772
2022-11-24,ZHZ3QC5K,0,15553544,4,0,546916371,27027,4,0,0,23,252,1697,23,15553544,0,0,0,26756,96835168648,350204564116
2022-11-25,ZHZ3QC5K,0,222207592,4,0,549221792,27042,4,0,0,24,252,1697,24,222207592,0,0,0,26771,96871778632,350374608180
2022-11-26,ZHZ3QC5K,0,44033736,4,0,557239277,27073,4,0,0,23,252,1699,23,44033736,0,0,0,26803,96939314712,350617179508
2022-11-27,ZHZ3QC5K,0,5666368,4,0,559398163,27089,4,0,0,24,252,1699,24,5666368,0,0,0,26818,96988595776,350773671836
2022-11-28,ZHZ3QC5K,0,150777096,4,0,563044752,27120,4,0,0,24,252,1701,24,150777096,0,0,0,26849,97048142040,351103377004
2022-11-29,ZHZ3QC5K,0,131330168,4,0,565297010,27136,4,0,0,23,252,1701,23,131330168,0,0,0,26865,97089199288,351287013460
2022-11-30,ZHZ3QC5K,0,136116864,4,0,571699867,27167,4,0,0,23,253,1702,23,136116864,0,0,0,26896,97170525776,351698755084
2022-12-01,ZHZ3QC5K,0,139013688,4,0,574847158,27183,4,0,0,23,253,1703,23,139013688,0,0,0,26911,97227870888,351888447636
2022-12-02,ZHZ3QC5K,0,72600440,4,0,581269900,27214,4,0,0,23,253,1704,23,72600440,0,0,0,26942,97319858984,352218327700
2022-12-03,ZHZ3QC5K,0,107667768,4,0,588977470,27245,4,0,0,23,254,1706,23,107667768,0,0,0,26973,97388824272,352428570372
2022-12-04,ZHZ3QC5K,0,67790624,4,0,591043085,27261,4,0,0,23,254,1706,23,67790624,0,0,0,26989,97417168696,352604489580
2022-12-05,ZHZ3QC5K,0,207578832,4,0,594825893,27292,4,0,0,23,254,1708,23,207578832,0,0,0,27020,97485944704,352919642412
2022-12-06,ZHZ3QC5K,0,189040424,4,0,596983430,27307,4,0,0,23,254,1708,23,189040424,0,0,0,27036,97516344432,353114845084
2022-12-07,ZHZ3QC5K,0,169705200,4,0,603180396,27339,4,0,0,22,254,1710,22,169705200,0,0,0,27067,97592712896,353507422796
2022-12-08,ZHZ3QC5K,0,140819656,4,0,605429197,27354,4,0,0,22,254,1710,22,140819656,0,0,0,27083,97640454168,353674936644
2022-12-09,ZHZ3QC5K,0,103378432,4,0,611098367,27386,4,0,0,22,255,1712,22,103378432,0,0,0,27113,97712943448,354053287660
2022-12-11,ZHZ3QC5K,0,156200544,4,0,619680518,27432,4,0,0,23,255,1714,23,156200544,0,0,0,27160,97792008824,354515325812
2022-12-11,ZHZ3QC5K,0,156200544,4,0,619680518,27432,4,0,0,23,255,1714,23,156200544,0,0,0,27160,97792008824,354515325812
2022-12-12,ZHZ3QC5K,0,100424976,4,0,621951671,27448,4,0,0,23,255,1714,23,100424976,0,0,0,27176,97820491864,354675207836
2022-12-13,ZHZ3QC5K,0,50524192,4,0,629698004,27479,4,0,0,23,255,1716,23,50524192,0,0,0,27207,97872467288,355061612892
2022-12-14,ZHZ3QC5K,0,73248888,4,0,634146653,27495,4,0,0,22,255,1716,22,73248888,0,0,0,27222,97918239128,355282706380
2022-12-15,ZHZ3QC5K,0,243368408,4,0,639525950,27526,4,0,0,22,255,1717,22,243368408,0,0,0,27253,97987310280,355627895412
2022-12-16,ZHZ3QC5K,0,235559136,4,0,641943390,27542,4,0,0,21,255,1718,21,235559136,0,0,0,27269,98031302200,355820234852
2022-12-17,ZHZ3QC5K,0,28426472,4,0,649341371,27574,4,0,0,23,256,1719,23,28426472,0,0,0,27301,98096511464,356036174372
2022-12-18,ZHZ3QC5K,0,156378784,4,0,653373123,27605,4,0,0,24,256,1721,24,156378784,0,0,0,27332,98181082408,356323696380
2022-12-19,ZHZ3QC5K,0,71031464,4,0,655329965,27621,4,0,0,23,256,1721,23,71031464,0,0,0,27348,98216720048,356446852052
2022-12-20,ZHZ3QC5K,0,204802992,4,0,659585568,27653,4,0,0,24,256,1723,24,204802992,0,0,0,27379,98286603568,356754880844
2022-12-21,ZHZ3QC5K,0,189961072,4,0,664147906,27669,4,0,0,24,256,1723,24,189961072,0,0,0,27395,98325340944,356945442252
2022-12-22,ZHZ3QC5K,0,118930608,4,0,668679332,27700,4,0,0,23,256,1725,23,118930608,0,0,0,27426,98395480880,357292553204
2022-12-23,ZHZ3QC5K,0,64613808,4,0,671285200,27716,4,0,0,23,256,1725,23,64613808,0,0,0,27442,98431158528,357446699388
2022-12-24,ZHZ3QC5K,0,167274344,4,0,679517908,27747,4,0,0,22,257,1727,22,167274344,0,0,0,27473,98515416040,357709243044
2022-12-25,ZHZ3QC5K,0,132082544,4,0,682271931,27763,4,0,0,21,257,1727,21,132082544,0,0,0,27489,98559202576,357874405436
2022-12-26,ZHZ3QC5K,0,64656232,4,0,688089426,27795,4,0,0,22,257,1729,22,64656232,0,0,0,27520,98624352672,358230110300
2022-12-27,ZHZ3QC5K,0,44463216,4,0,691004744,27810,4,0,0,22,257,1729,22,44463216,0,0,0,27536,98656292624,358422117964
2022-12-28,ZHZ3QC5K,0,29554640,4,0,698645625,27842,4,0,0,22,257,1730,22,29554640,0,0,0,27568,98704959584,358846823692
2022-12-29,ZHZ3QC5K,0,87454584,4,0,700847109,27858,4,0,0,22,257,1731,22,87454584,0,0,0,27583,98735815904,359118008036
2022-12-30,ZHZ3QC5K,0,70828456,4,0,706292543,27889,4,0,0,22,257,1732,22,70828456,0,0,0,27615,98794179160,359531300332
2022-12-31,ZHZ3QC5K,0,200621824,4,0,710664267,27905,4,0,0,22,257,1733,22,200621824,0,0,0,27630,98822866336,359632406524
