2022-01-01,ZHZ44CSH,0,88271736,5,0,482504460,18459,4,0,4295032833,29,175,898,29,88271736,0,0,0,18313,69106774568,254224430140
2022-01-02,ZHZ44CSH,0,196979872,5,0,483406699,18475,4,0,4295032833,29,176,899,29,196979872,0,0,0,18329,69110486376,254329426468
2022-01-03,ZHZ44CSH,0,143552976,5,0,487604596,18506,4,0,4295032833,29,177,900,29,143552976,0,0,0,18361,69118150368,254512476244
2022-01-04,ZHZ44CSH,0,38546800,5,0,488558517,18522,4,0,4295032833,30,177,901,30,38546800,0,0,0,18377,69121260104,254648501348
2022-01-05,ZHZ44CSH,0,13231328,5,0,490139136,18554,4,0,4295032833,29,178,902,29,13231328,0,0,0,18409,69124917688,254863668940
2022-01-06,ZHZ44CSH,0,130596408,5,0,490969407,18570,4,0,4295032833,29,179,903,29,130596408,0,0,0,18424,69126988008,254978963700
2022-01-07,ZHZ44CSH,0,160363792,5,0,492599523,18602,4,0,4295032833,30,179,904,30,160363792,0,0,0,18456,69130450256,255249409516
2022-01-08,ZHZ44CSH,0,23220784,5,0,493375891,18618,4,0,4295032833,31,180,905,31,23220784,0,0,0,18472,69131971152,255354886388
2022-01-09,ZHZ44CSH,0,85493384,5,0,495401345,18650,4,0,4295032833,32,181,906,32,85493384,0,0,0,18504,69137063856,255656206916
2022-01-10,ZHZ44CSH,0,200634800,5,0,498515945,18666,4,0,4295032833,31,182,907,31,200634800,0,0,0,18520,69138804800,255769607388
2022-01-11,ZHZ44CSH,0,61625160,5,0,500906519,18698,4,0,4295032833,30,182,908,30,61625160,0,0,0,18551,69145481616,256112202524
2022-01-12,ZHZ44CSH,0,46271200,5,0,502322618,18714,4,0,4295032833,31,182,909,31,46271200,0,0,0,18567,69150637248,256335834332
2022-01-13,ZHZ44CSH,0,106716440,5,0,505130816,18745,4,0,4295032833,30,183,910,30,106716440,0,0,0,18599,69167047960,256624009964
2022-01-14,ZHZ44CSH,0,237661744,5,0,505984216,18761,4,0,4295032833,31,184,911,31,237661744,0,0,0,18614,69169051560,256752951668
2022-01-15,ZHZ44CSH,0,171190968,5,0,514101185,18793,4,0,4295032833,30,185,912,30,171190968,0,0,0,18646,69179178280,257164635660
2022-01-16,ZHZ44CSH,0,115488152,5,0,515330642,18809,4,0,4295032833,31,185,913,31,115488152,0,0,0,18662,69183172704,257349079068
2022-01-17,ZHZ44CSH,0,101580384,5,0,519702033,18841,4,0,4295032833,29,186,914,29,101580384,0,0,0,18694,69189377344,257573107308
2022-01-18,ZHZ44CSH,0,48518632,5,0,520778372,18857,4,0,4295032833,30,186,915,30,48518632,0,0,0,18710,69191333888,257762229868
2022-01-19,ZHZ44CSH,0,199505224,5,0,523081516,18889,4,0,4295032833,30,187,916,30,199505224,0,0,0,18741,69193377288,258155313996
2022-01-20,ZHZ44CSH,0,49523352,5,0,524038667,18905,4,0,4295032833,30,188,917,30,49523352,0,0,0,18757,69196899784,258245950396
2022-01-21,ZHZ44CSH,0,145690072,5,0,527217401,18936,4,0,4295032833,29,188,918,29,145690072,0,0,0,18789,69202909128,258580248404
2022-01-22,ZHZ44CSH,0,124951624,5,0,530325480,18952,4,0,4295032833,29,188,919,29,124951624,0,0,0,18804,69204266704,258802293068
2022-01-23,ZHZ44CSH,0,197503416,5,0,532359523,18984,4,0,4295032833,29,188,920,29,197503416,0,0,0,18836,69207259616,259115992924
2022-01-24,ZHZ44CSH,0,49290552,5,0,534147437,18999,4,0,4295032833,28,188,921,28,49290552,0,0,0,18851,69208437072,259210743236
2022-01-25,ZHZ44CSH,0,958608,5,0,536956109,19031,4,0,4295032833,28,188,922,28,958608,0,0,0,18883,69210111696,259404877396
2022-01-26,ZHZ44CSH,0,121826864,5,0,537725635,19047,4,0,4295032833,29,189,923,29,121826864,0,0,0,18898,69210888112,259524969236
2022-01-27,ZHZ44CSH,0,169351368,5,0,539585570,19079,4,0,4295032833,29,190,924,29,169351368,0,0,0,18930,69213369584,259814152980
2022-01-28,ZHZ44CSH,0,122954800,5,0,540630850,19095,4,0,4295032833,29,190,925,29,122954800,0,0,0,18946,69223014872,260002252236
2022-01-29,ZHZ44CSH,0,43789808,5,0,545973771,19126,4,0,4295032833,29,190,926,29,43789808,0,0,0,18978,69232197952,260402185820
2022-01-30,ZHZ44CSH,0,192092440,5,0,547173674,19142,4,0,4295032833,29,190,927,29,192092440,0,0,0,18993,69237772920,260544913484
2022-01-31,ZHZ44CSH,0,153100720,5,0,550688062,19174,4,0,4295032833,29,191,928,29,153100720,0,0,0,19025,69240279544,260747555852
2022-02-01,ZHZ44CSH,0,53920568,5,0,552028155,19190,4,0,4295032833,29,191,929,29,53920568,0,0,0,19041,69242250480,260890545724
2022-02-02,ZHZ44CSH,0,176495336,5,0,554249744,19222,4,0,4295032833,29,191,930,29,176495336,0,0,0,19072,69247311064,261252200628
2022-02-03,ZHZ44CSH,0,54411304,5,0,555066932,19237,4,0,4295032833,29,191,931,29,54411304,0,0,0,19088,69248009136,261373559244
2022-02-04,ZHZ44CSH,0,142154808,5,0,558448033,19269,4,0,4295032833,31,191,932,31,142154808,0,0,0,19119,69250423280,261703029468
2022-02-05,ZHZ44CSH,0,16958272,5,0,562835801,19301,4,0,4295032833,28,191,934,28,16958272,0,0,0,19150,69254922184,262061615436
2022-02-06,ZHZ44CSH,0,213127336,5,0,564133997,19316,4,0,4295032833,30,191,934,30,213127336,0,0,0,19166,69258562752,262254143932
2022-02-07,ZHZ44CSH,0,178066576,5,0,568409412,19348,4,0,4295032833,29,192,936,29,178066576,0,0,0,19197,69262232528,262459554180
2022-02-08,ZHZ44CSH,0,101769120,5,0,569549684,19364,4,0,4295032833,30,192,936,30,101769120,0,0,0,19213,69264040512,262625589572
2022-02-09,ZHZ44CSH,0,242406784,5,0,572269687,19395,4,0,4295032833,30,192,938,30,242406784,0,0,0,19244,69270039416,263004369076
2022-02-10,ZHZ44CSH,0,148814080,5,0,573245709,19411,4,0,4295032833,31,192,938,31,148814080,0,0,0,19260,69270838536,263154117948
2022-02-11,ZHZ44CSH,0,14621456,6,0,579522722,19445,5,0,4295032833,27,192,948,27,14621456,0,0,0,19291,69272372792,265948086472
2022-02-12,ZHZ44CSH,0,150187584,6,0,583673387,19460,5,0,4295032833,25,192,948,25,150187584,0,0,0,19307,69274303008,267058285744
2022-02-13,ZHZ44CSH,0,102782480,6,0,588537946,19491,5,0,4295032833,25,192,950,25,102782480,0,0,0,19337,69275477552,269451123712
2022-02-14,ZHZ44CSH,0,161479600,6,0,590342761,19507,5,0,4295032833,25,192,950,25,161479600,0,0,0,19353,69275876384,269509422000
2022-02-15,ZHZ44CSH,0,215529800,6,0,595199953,19538,5,0,4295032833,26,193,952,26,215529800,0,0,0,19384,69279279128,270536635464
2022-02-16,ZHZ44CSH,0,106217376,6,0,598008810,19553,5,0,4295032833,36,193,952,36,106217376,0,0,0,19399,69282772168,271644533888
2022-02-17,ZHZ44CSH,0,144450024,6,0,604489879,19585,5,0,4295032833,27,193,954,27,144450024,0,0,0,19430,69286598664,273876210624
2022-02-18,ZHZ44CSH,0,115041424,6,0,611616852,19615,5,0,4295032833,26,193,955,26,115041424,0,0,0,19461,69289462864,276041204872
2022-02-19,ZHZ44CSH,0,145347880,6,0,614778324,19631,5,0,4295032833,26,193,955,26,145347880,0,0,0,19476,69291529824,277046007232
2022-02-20,ZHZ44CSH,0,199695552,6,0,621029786,19662,5,0,4295032833,25,193,957,25,199695552,0,0,0,19507,69295521336,278805348856
2022-02-21,ZHZ44CSH,0,19474464,6,0,623118985,19678,5,0,4295032833,26,193,957,26,19474464,0,0,0,19523,69298570904,278866218832
2022-02-22,ZHZ44CSH,0,126464984,6,0,628658284,19708,5,0,4295032833,26,194,959,26,126464984,0,0,0,19553,69300945376,279703256904
2022-02-23,ZHZ44CSH,0,81948840,6,0,631924208,19724,5,0,4295032833,26,194,959,26,81948840,0,0,0,19569,69303034960,280633214160
2022-02-24,ZHZ44CSH,0,45598512,6,0,640081834,19755,5,0,4295032833,26,194,961,26,45598512,0,0,0,19599,69307372352,282545652288
2022-02-25,ZHZ44CSH,0,86997808,6,0,643287923,19770,5,0,4295032833,26,194,961,26,86997808,0,0,0,19615,69308857200,283562130080
2022-02-26,ZHZ44CSH,0,218613680,6,0,652091487,19801,5,0,4295032833,27,195,963,27,218613680,0,0,0,19646,69311487616,285155959912
2022-02-27,ZHZ44CSH,0,16295976,6,0,655215451,19817,5,0,4295032833,26,195,963,26,16295976,0,0,0,19661,69312193648,286173648712
2022-02-28,ZHZ44CSH,0,124386512,6,0,659485491,19848,5,0,4295032833,25,195,965,25,124386512,0,0,0,19692,69315636800,287010718544
2022-03-01,ZHZ44CSH,0,22182984,6,0,661909326,19864,5,0,4295032833,26,195,965,26,22182984,0,0,0,19707,69317934080,287394504616
2022-03-02,ZHZ44CSH,0,201713416,6,0,667588683,19895,5,0,4295032833,26,196,967,26,201713416,0,0,0,19738,69333533152,290244012488
2022-03-03,ZHZ44CSH,0,111285160,6,0,670666809,19910,5,0,4295032833,26,196,967,26,111285160,0,0,0,19754,69397650072,291310177840
2022-03-04,ZHZ44CSH,0,189151256,6,0,677120317,19941,5,0,4295032833,26,196,969,26,189151256,0,0,0,19784,69493867512,293733259776
2022-03-05,ZHZ44CSH,0,215927048,6,0,681234817,19957,5,0,4295032833,26,196,969,26,215927048,0,0,0,19800,69546563912,294683902240
2022-03-06,ZHZ44CSH,0,62455560,6,0,689054143,19988,5,0,4295032833,26,196,971,26,62455560,0,0,0,19831,69638007584,296392115224
2022-03-07,ZHZ44CSH,0,190974400,6,0,691416006,20004,5,0,4295032833,26,196,971,26,190974400,0,0,0,19847,69688339568,296714442792
2022-03-08,ZHZ44CSH,0,215072232,6,0,697142455,20035,5,0,4295032833,26,196,973,26,215072232,0,0,0,19878,69801415160,296869605776
2022-03-09,ZHZ44CSH,0,45042712,6,0,703317453,20066,5,0,4295032833,26,196,974,26,45042712,0,0,0,19908,69912149464,298297827696
2022-03-10,ZHZ44CSH,0,156300360,6,0,706596354,20082,5,0,4295032833,26,196,975,26,156300360,0,0,0,19924,69972446856,299081210544
2022-03-11,ZHZ44CSH,0,118517760,6,0,713684068,20113,5,0,4295032833,26,196,976,26,118517760,0,0,0,19955,70084686680,300884316168
2022-03-12,ZHZ44CSH,0,54002176,6,0,718441370,20128,5,0,4295032833,26,196,976,26,54002176,0,0,0,19970,70141717120,301739333984
2022-03-13,ZHZ44CSH,0,150457632,6,0,726515302,20160,5,0,4295032833,26,196,978,26,150457632,0,0,0,20001,70263815648,303178536136
2022-03-14,ZHZ44CSH,0,165738336,6,0,728751703,20175,5,0,4295032833,25,196,978,25,165738336,0,0,0,20017,70336775144,303364998192
2022-03-15,ZHZ44CSH,0,181904688,6,0,734681875,20207,5,0,4295032833,25,197,980,25,181904688,0,0,0,20048,70439054128,303523026712
2022-03-16,ZHZ44CSH,0,124120488,6,0,738024459,20222,5,0,4295032833,26,197,980,26,124120488,0,0,0,20063,70509074776,304127644312
2022-03-17,ZHZ44CSH,0,70878818,7,0,746081352,20254,6,0,4295032833,26,197,983,26,70878818,0,0,0,20094,70600043080,305936561914
2022-03-18,ZHZ44CSH,0,145458376,7,0,749104889,20269,6,0,4295032833,27,197,983,27,145458376,0,0,0,20110,70649536768,306694070074
2022-03-19,ZHZ44CSH,0,208341904,7,0,755576585,20300,6,0,4295032833,26,197,985,26,208341904,0,0,0,20141,70748287752,308123047978
2022-03-20,ZHZ44CSH,0,95043144,7,0,758679076,20316,6,0,4295032833,26,197,985,26,95043144,0,0,0,20157,70802288416,308932311250
2022-03-21,ZHZ44CSH,0,237933544,7,0,764139725,20347,6,0,4295032833,26,197,987,26,237933544,0,0,0,20187,70900683104,309709229730
2022-03-22,ZHZ44CSH,0,61467336,7,0,771286903,20379,6,0,4295032833,27,197,988,27,61467336,0,0,0,20219,71013731680,309907996890
2022-03-23,ZHZ44CSH,0,206804528,7,0,776542593,20394,6,0,4295032833,27,197,989,27,206804528,0,0,0,20234,71072088272,310727399578
2022-03-24,ZHZ44CSH,0,30790232,7,0,779786280,20410,6,0,4295032833,26,197,989,26,30790232,0,0,0,20250,71127620224,311716558466
2022-03-25,ZHZ44CSH,0,72801288,7,0,785842294,20441,6,0,4295032833,25,197,990,25,72801288,0,0,0,20281,71252100344,314075500442
2022-03-26,ZHZ44CSH,0,181205240,7,0,791817220,20472,6,0,4295032833,26,197,992,26,181205240,0,0,0,20311,71359239208,316029894834
2022-03-27,ZHZ44CSH,0,69750464,7,0,795292093,20488,6,0,4295032833,26,197,992,26,69750464,0,0,0,20327,71412737792,317085646162
2022-03-28,ZHZ44CSH,0,187204952,7,0,800888152,20519,6,0,4295032833,26,198,994,26,187204952,0,0,0,20358,71516599368,317831661346
2022-03-29,ZHZ44CSH,0,92964920,7,0,804104731,20534,6,0,4295032833,26,198,994,26,92964920,0,0,0,20373,71579629776,317918531586
2022-03-30,ZHZ44CSH,0,84660632,7,0,810405741,20566,6,0,4295032833,26,199,996,26,84660632,0,0,0,20404,71680630984,319029930122
2022-03-31,ZHZ44CSH,0,140597312,7,0,813622530,20581,6,0,4295032833,26,199,996,26,140597312,0,0,0,20420,71756281872,319742638466
2022-04-01,ZHZ44CSH,0,109554992,7,0,820298426,20612,6,0,4295032833,26,199,998,26,109554992,0,0,0,20451,71886848720,321290018346
2022-04-02,ZHZ44CSH,0,117744216,7,0,824358314,20628,6,0,4295032833,26,199,998,26,117744216,0,0,0,20466,71967445192,321950034090
2022-04-03,ZHZ44CSH,0,42581976,7,0,832401069,20659,6,0,4295032833,26,199,1000,26,42581976,0,0,0,20497,72092529504,323214632330
2022-04-04,ZHZ44CSH,0,142273168,7,0,834913920,20675,6,0,4295032833,26,199,1000,26,142273168,0,0,0,20513,72165559248,323485434410
2022-04-05,ZHZ44CSH,0,190969008,7,0,840767626,20706,6,0,4295032833,26,199,1001,26,190969008,0,0,0,20544,72295386928,323648443258
2022-04-06,ZHZ44CSH,0,52406656,7,0,846964024,20737,6,0,4295032833,26,200,1003,26,52406656,0,0,0,20575,72422337808,324359493306
2022-04-07,ZHZ44CSH,0,31576048,7,0,850178109,20753,6,0,4295032833,26,200,1003,26,31576048,0,0,0,20591,72491285704,325002136994
2022-04-08,ZHZ44CSH,0,228236608,7,0,857060963,20784,6,0,4295032833,26,200,1005,26,228236608,0,0,0,20621,72621931688,326532995930
2022-04-09,ZHZ44CSH,0,233626400,7,0,861525212,20800,6,0,4295032833,26,200,1005,26,233626400,0,0,0,20637,72690631136,327202108218
2022-04-10,ZHZ44CSH,0,178416672,7,0,870141951,20831,6,0,4295032833,26,200,1007,26,178416672,0,0,0,20668,72795153512,328507221266
2022-04-11,ZHZ44CSH,0,228748328,7,0,872778613,20847,6,0,4295032833,26,200,1007,26,228748328,0,0,0,20684,72857009216,328739838082
2022-04-12,ZHZ44CSH,0,242624032,7,0,879063772,20878,6,0,4295032833,26,202,1009,26,242624032,0,0,0,20715,72958255864,328896607930
2022-04-13,ZHZ44CSH,0,4185464,7,0,885678574,20893,6,0,4295032833,26,202,1009,26,4185464,0,0,0,20731,73006201544,331295772186
2022-04-14,ZHZ44CSH,0,88733416,7,0,903147202,20924,6,0,4295032833,26,202,1011,26,88733416,0,0,0,20761,73093234968,338129229826
2022-04-15,ZHZ44CSH,0,38029352,7,0,911058213,20940,6,0,4295032833,27,202,1011,27,38029352,0,0,0,20777,73144051360,340469117722
2022-04-16,ZHZ44CSH,0,106939608,7,0,928485359,20971,6,0,4295032833,27,202,1012,27,106939608,0,0,0,20808,73233572696,345331322522
2022-04-17,ZHZ44CSH,0,223951832,7,0,939326769,20987,6,0,4295032833,28,202,1013,28,223951832,0,0,0,20823,73254738352,348112718066
2022-04-18,ZHZ44CSH,0,91062624,7,0,952849396,21018,6,0,4295032833,27,202,1014,27,91062624,0,0,0,20855,73368218904,350796037658
2022-04-19,ZHZ44CSH,0,14217912,7,0,956964005,21034,6,0,4295032833,28,202,1015,28,14217912,0,0,0,20870,73425709448,350905843034
2022-04-20,ZHZ44CSH,0,109478184,7,0,962879061,21065,6,0,4295032833,27,203,1016,27,109478184,0,0,0,20901,73537129096,351133824410
2022-04-21,ZHZ44CSH,0,12907768,7,0,970157615,21097,6,0,4295032833,27,203,1018,27,12907768,0,0,0,20933,73617159128,352666208930
2022-04-22,ZHZ44CSH,0,119980096,7,0,974165414,21112,6,0,4295032833,28,203,1018,28,119980096,0,0,0,20948,73656052512,353466810058
2022-04-23,ZHZ44CSH,0,94707296,7,0,982981256,21144,6,0,4295032833,28,204,1020,28,94707296,0,0,0,20980,73725964256,354836470106
2022-04-24,ZHZ44CSH,0,102854336,7,0,987252137,21159,6,0,4295032833,29,204,1020,29,102854336,0,0,0,20995,73770126744,355532876994
2022-04-25,ZHZ44CSH,0,63235920,7,0,993164591,21191,6,0,4295032833,27,206,1022,27,63235920,0,0,0,21026,73846618016,356149189506
2022-04-26,ZHZ44CSH,0,188630856,7,0,996312627,21207,6,0,4295032833,28,206,1022,28,188630856,0,0,0,21042,73892817696,356228384762
2022-04-27,ZHZ44CSH,0,983632,7,0,2559010,21238,6,0,4295032833,28,206,1024,28,983632,0,0,0,21073,73972514376,356937604002
2022-04-28,ZHZ44CSH,0,79190384,7,0,5888732,21254,6,0,4295032833,29,206,1024,29,79190384,0,0,0,21089,74013942584,357706804946
2022-04-29,ZHZ44CSH,0,107471832,7,0,12331730,21286,6,0,4295032833,29,207,1026,29,107471832,0,0,0,21121,74093567184,359120306186
2022-04-30,ZHZ44CSH,0,30324120,7,0,16327793,21301,6,0,4295032833,29,207,1026,29,30324120,0,0,0,21136,74137676448,359975612290
2022-05-01,ZHZ44CSH,0,74050720,7,0,23796269,21332,6,0,4295032833,27,207,1028,27,74050720,0,0,0,21167,74211668032,361898475482
2022-05-02,ZHZ44CSH,0,220016272,7,0,26217538,21348,6,0,4295032833,26,207,1028,26,220016272,0,0,0,21183,74247204680,362253045066
2022-05-03,ZHZ44CSH,0,168788328,7,0,31928606,21379,6,0,4295032833,26,208,1030,26,168788328,0,0,0,21214,74318279984,362374882634
2022-05-04,ZHZ44CSH,0,16834872,7,0,37660113,21410,6,0,4295032833,27,208,1032,27,16834872,0,0,0,21245,74399472248,363362440698
2022-05-05,ZHZ44CSH,0,175420112,7,0,40679521,21425,6,0,4295032833,26,208,1032,26,175420112,0,0,0,21260,74447426512,364449634834
2022-05-06,ZHZ44CSH,0,26065080,7,0,47331337,21456,6,0,4295032833,26,208,1034,26,26065080,0,0,0,21290,74515134440,366185698554
2022-05-07,ZHZ44CSH,0,98950168,7,0,50539579,21472,6,0,4295032833,24,208,1056,24,98950168,0,0,0,21300,74515860896,366257857186
2022-05-08,ZHZ44CSH,0,180411184,7,0,56239247,21502,6,0,4295032833,26,208,1074,26,180411184,0,0,0,21328,74634052240,367930111908
2022-05-09,ZHZ44CSH,0,52937104,7,0,61976384,21533,6,0,4295032833,27,208,1075,27,52937104,0,0,0,21359,74736444288,368920949532
2022-05-10,ZHZ44CSH,0,37762336,7,0,65281112,21549,6,0,4295032833,26,208,1076,26,37762336,0,0,0,21374,74787479032,369831303004
2022-05-11,ZHZ44CSH,0,162937840,8,0,72014532,21579,7,0,4295032833,27,208,1078,27,162937840,0,0,0,21405,74887859264,371565083854
2022-05-12,ZHZ44CSH,0,62343296,8,0,75893773,21595,7,0,4295032833,27,208,1078,27,62343296,0,0,0,21421,74927278720,372401632912
2022-05-13,ZHZ44CSH,0,174178640,9,0,83497189,21626,8,0,4295032833,27,208,1080,27,174178640,0,0,0,21452,75011593848,374138138930
2022-05-14,ZHZ44CSH,0,21565752,9,0,86659943,21642,8,0,4295032833,27,208,1080,27,21565752,0,0,0,21467,75050346544,374923336810
2022-05-15,ZHZ44CSH,0,39893784,9,0,93437958,21673,8,0,4295032833,27,208,1082,27,39893784,0,0,0,21498,75122792248,376578204362
2022-05-16,ZHZ44CSH,0,147889080,9,0,96068280,21689,8,0,4295032833,26,208,1082,26,147889080,0,0,0,21514,75165348128,376643643778
2022-05-17,ZHZ44CSH,0,86720504,9,0,102445547,21720,8,0,4295032833,27,209,1084,27,86720504,0,0,0,21545,75252311776,376739652306
2022-05-18,ZHZ44CSH,0,84331632,9,0,106910222,21736,8,0,4295032833,28,209,1084,28,84331632,0,0,0,21561,75309173928,377656964370
2022-05-19,ZHZ44CSH,0,162820288,9,0,115203668,21767,8,0,4295032833,30,209,1086,30,162820288,0,0,0,21592,75400529416,379353082634
2022-05-20,ZHZ44CSH,0,21052472,9,0,119258444,21783,8,0,4295032833,28,209,1086,28,21052472,0,0,0,21608,75447681608,380140725674
2022-05-21,ZHZ44CSH,0,136880104,9,0,129090514,21814,8,0,4295032833,30,209,1088,30,136880104,0,0,0,21639,75544707104,381624372362
2022-05-22,ZHZ44CSH,0,27106928,9,0,133577878,21830,8,0,4295032833,28,209,1088,28,27106928,0,0,0,21655,75594456728,382197272826
2022-05-23,ZHZ44CSH,0,16670800,9,0,140359025,21861,8,0,4295032833,28,209,1090,28,16670800,0,0,0,21685,75689480744,382824235410
2022-05-24,ZHZ44CSH,0,137407136,9,0,143807935,21877,8,0,4295032833,27,209,1090,27,137407136,0,0,0,21701,75737814056,382896638434
2022-05-25,ZHZ44CSH,0,180978376,9,0,151064341,21908,8,0,4295032833,29,209,1092,29,180978376,0,0,0,21732,75826086728,384072641066
2022-05-26,ZHZ44CSH,0,148186648,9,0,154802328,21924,8,0,4295032833,29,209,1092,29,148186648,0,0,0,21748,75872192392,384970307098
2022-05-27,ZHZ44CSH,0,191229432,9,0,162371083,21955,8,0,4295032833,30,209,1093,30,191229432,0,0,0,21779,75953761800,386640765162
2022-05-28,ZHZ44CSH,0,199065608,9,0,166813120,21971,8,0,4295032833,30,209,1094,30,199065608,0,0,0,21795,76003328424,387331456802
2022-05-29,ZHZ44CSH,0,101695408,9,0,175296667,22003,8,0,4295032833,29,209,1096,29,101695408,0,0,0,21826,76090132864,389344549242
2022-05-30,ZHZ44CSH,0,127271336,9,0,177888918,22019,8,0,4295032833,28,209,1096,28,127271336,0,0,0,21842,76138036240,389810503290
2022-05-31,ZHZ44CSH,0,124577872,9,0,185091661,22050,8,0,4295032833,29,209,1097,29,124577872,0,0,0,21873,76224823984,389965162714
2022-06-01,ZHZ44CSH,0,146281288,9,0,188918395,22066,8,0,4295032833,28,209,1098,28,146281288,0,0,0,21889,76265951896,390678170178
2022-06-02,ZHZ44CSH,0,104790152,9,0,196138817,22098,8,0,4295032833,29,209,1099,29,104790152,0,0,0,21920,76348473976,393483862746
2022-06-03,ZHZ44CSH,0,118556216,9,0,203950447,22129,8,0,4295032833,33,209,1101,33,118556216,0,0,0,21951,76438852944,395848659210
2022-06-04,ZHZ44CSH,0,110533656,9,0,208139332,22145,8,0,4295032833,33,209,1101,33,110533656,0,0,0,21967,76486588416,396525323362
2022-06-05,ZHZ44CSH,0,134308560,9,0,216606587,22176,8,0,4295032833,33,209,1103,33,134308560,0,0,0,21998,76591115392,397909420010
2022-06-06,ZHZ44CSH,0,87572392,9,0,219488981,22192,8,0,4295032833,30,209,1103,30,87572392,0,0,0,22014,76641133728,398056806994
2022-06-07,ZHZ44CSH,0,78900256,9,0,225933473,22223,8,0,4295032833,30,211,1105,30,78900256,0,0,0,22045,76740349536,398193059682
2022-06-08,ZHZ44CSH,0,42926264,9,0,229629491,22239,8,0,4295032833,30,211,1105,30,42926264,0,0,0,22061,76800048112,398829809522
2022-06-09,ZHZ44CSH,0,59582872,9,0,236824350,22270,8,0,4295032833,33,211,1107,33,59582872,0,0,0,22092,76890778176,400464721626
2022-06-10,ZHZ44CSH,0,51744240,9,0,240286181,22286,8,0,4295032833,32,211,1107,32,51744240,0,0,0,22107,76941099040,401138984778
2022-06-11,ZHZ44CSH,0,29032232,9,0,250903242,22317,8,0,4295032833,32,211,1109,32,29032232,0,0,0,22138,77019709040,402258366698
2022-06-12,ZHZ44CSH,0,211123928,9,0,260003122,22348,8,0,4295032833,29,211,1110,29,211123928,0,0,0,22170,77105111000,403575760058
2022-06-13,ZHZ44CSH,0,74508416,9,0,262846559,22364,8,0,4295032833,31,211,1111,31,74508416,0,0,0,22185,77145623536,403642772698
2022-06-14,ZHZ44CSH,0,54155952,9,0,268956675,22395,8,0,4295032833,32,211,1112,32,54155952,0,0,0,22216,77227552176,403784633338
2022-06-15,ZHZ44CSH,0,74943288,9,0,273080250,22411,8,0,4295032833,33,211,1112,33,74943288,0,0,0,22232,77267688720,404741847394
2022-06-16,ZHZ44CSH,0,17916880,9,0,282005290,22442,8,0,4295032833,27,211,1114,27,17916880,0,0,0,22263,77349373456,406556262658
2022-06-17,ZHZ44CSH,0,128992816,9,0,286072390,22458,8,0,4295032833,27,211,1114,27,128992816,0,0,0,22279,77398069072,407351064906
2022-06-18,ZHZ44CSH,0,128979184,9,0,294900622,22489,8,0,4295032833,28,211,1116,28,128979184,0,0,0,22310,77485342696,408972762994
2022-06-19,ZHZ44CSH,0,194135776,9,0,299208707,22505,8,0,4295032833,27,211,1116,27,194135776,0,0,0,22326,77528985848,409726698522
2022-06-20,ZHZ44CSH,0,43483984,9,0,305039516,22536,8,0,4295032833,26,212,1118,26,43483984,0,0,0,22357,77616630808,410220824346
2022-06-21,ZHZ44CSH,0,155013472,9,0,308240196,22552,8,0,4295032833,28,212,1118,28,155013472,0,0,0,22373,77654761824,410294222818
2022-06-22,ZHZ44CSH,0,217615928,9,0,315847569,22583,8,0,4295032833,27,214,1120,27,217615928,0,0,0,22403,77729154696,411747277410
2022-06-23,ZHZ44CSH,0,82374840,9,0,323529393,22615,8,0,4295032833,27,214,1121,27,82374840,0,0,0,22435,77809849960,413484469074
2022-06-24,ZHZ44CSH,0,146053624,9,0,326529251,22631,8,0,4295032833,27,214,1122,27,146053624,0,0,0,22450,77833271448,414745430874
2022-06-25,ZHZ44CSH,0,70856824,9,0,330558609,22646,8,0,4295032833,27,214,1122,27,70856824,0,0,0,22466,77849670336,415874545650
2022-06-26,ZHZ44CSH,0,9239056,9,0,338253650,22678,8,0,4295032833,27,214,1124,27,9239056,0,0,0,22497,77923380504,417692352786
2022-06-27,ZHZ44CSH,0,53508320,9,0,340770771,22694,8,0,4295032833,26,214,1124,26,53508320,0,0,0,22513,77966109912,417938033274
2022-06-28,ZHZ44CSH,0,28269024,9,0,346497288,22725,8,0,4295032833,27,214,1125,27,28269024,0,0,0,22544,78056597064,418066447466
2022-06-29,ZHZ44CSH,0,146287000,9,0,349387142,22741,8,0,4295032833,27,214,1126,27,146287000,0,0,0,22560,78111696768,418129365738
2022-06-30,ZHZ44CSH,0,214604384,9,0,356452002,22772,8,0,4295032833,29,214,1127,29,214604384,0,0,0,22591,78182494224,420324175866
2022-07-01,ZHZ44CSH,0,48264104,9,0,363724569,22803,8,0,4295032833,28,214,1129,28,48264104,0,0,0,22622,78275055776,422262541290
2022-07-02,ZHZ44CSH,0,164957592,9,0,368299447,22819,8,0,4295032833,28,214,1129,28,164957592,0,0,0,22637,78314983560,423071729634
2022-07-03,ZHZ44CSH,0,203958648,9,0,376444896,22850,8,0,4295032833,27,214,1131,27,203958648,0,0,0,22668,78401652584,424488906458
2022-07-04,ZHZ44CSH,0,85920792,9,0,379337085,22865,8,0,4295032833,27,214,1131,27,85920792,0,0,0,22684,78447761344,424568900586
2022-07-05,ZHZ44CSH,0,128350368,9,0,385848910,22897,8,0,4295032833,28,214,1133,28,128350368,0,0,0,22715,78532937712,424770294426
2022-07-06,ZHZ44CSH,0,60711064,9,0,389447058,22912,8,0,4295032833,28,214,1133,28,60711064,0,0,0,22731,78579836496,425632319946
2022-07-07,ZHZ44CSH,0,93175216,9,0,397298853,22944,8,0,4295032833,30,214,1134,30,93175216,0,0,0,22762,78654450144,427543298218
2022-07-08,ZHZ44CSH,0,77325816,9,0,401512770,22959,8,0,4295032833,30,214,1135,30,77325816,0,0,0,22777,78690832272,428467629602
2022-07-09,ZHZ44CSH,0,97901656,9,0,410835637,22991,8,0,4295032833,32,214,1136,32,97901656,0,0,0,22809,78756513808,430131508882
2022-07-10,ZHZ44CSH,0,119924800,9,0,415544480,23006,8,0,4295032833,30,214,1137,30,119924800,0,0,0,22824,78801112024,430841356258
2022-07-11,ZHZ44CSH,0,58742808,9,0,422037037,23038,8,0,4295032833,27,214,1138,27,58742808,0,0,0,22855,78865869680,431447838850
2022-07-12,ZHZ44CSH,0,177853424,9,0,425241219,23053,8,0,4295032833,29,215,1139,29,177853424,0,0,0,22871,78905188048,431527631098
2022-07-13,ZHZ44CSH,0,235654168,9,0,432076931,23084,8,0,4295032833,30,215,1140,30,235654168,0,0,0,22902,78987660664,432235381746
2022-07-14,ZHZ44CSH,0,77131136,9,0,439223563,23116,8,0,4295032833,29,215,1142,29,77131136,0,0,0,22934,79072930592,433944714626
2022-07-15,ZHZ44CSH,0,75818216,9,0,442956424,23132,8,0,4295032833,31,215,1142,31,75818216,0,0,0,22949,79109732352,434883162714
2022-07-16,ZHZ44CSH,0,297216,9,0,451918986,23163,8,0,4295032833,31,215,1144,31,297216,0,0,0,22980,79192573296,436433786298
2022-07-17,ZHZ44CSH,0,18276304,9,0,456191199,23178,8,0,4295032833,31,215,1144,31,18276304,0,0,0,22996,79232087464,437144673586
2022-07-18,ZHZ44CSH,0,51988440,9,0,462157896,23210,8,0,4295032833,30,216,1146,30,51988440,0,0,0,23027,79315153608,437583601346
2022-07-19,ZHZ44CSH,0,152804808,9,0,465185271,23225,8,0,4295032833,29,216,1146,29,152804808,0,0,0,23042,79351599152,437647972170
2022-07-20,ZHZ44CSH,0,225686512,9,0,472434399,23256,8,0,4295032833,29,217,1148,29,225686512,0,0,0,23073,79443828224,438605187794
2022-07-21,ZHZ44CSH,0,172246064,9,0,475675322,23272,8,0,4295032833,29,217,1148,29,172246064,0,0,0,23089,79493819104,439722461410
2022-07-22,ZHZ44CSH,0,167021328,9,0,481835986,23303,8,0,4295032833,32,217,1149,32,167021328,0,0,0,23120,79588027824,442064435994
2022-07-23,ZHZ44CSH,0,109729952,9,0,485880703,23319,8,0,4295032833,32,217,1150,32,109729952,0,0,0,23136,79635341400,442936394082
2022-07-24,ZHZ44CSH,0,87313752,9,0,494175517,23350,8,0,4295032833,32,218,1151,32,87313752,0,0,0,23167,79715988072,444786457530
2022-07-25,ZHZ44CSH,0,117279424,9,0,496981972,23366,8,0,4295032833,31,218,1152,31,117279424,0,0,0,23183,79757489344,445019062690
2022-07-26,ZHZ44CSH,0,87618328,9,0,502960569,23398,8,0,4295032833,31,219,1153,31,87618328,0,0,0,23214,79840499368,445150532202
2022-07-27,ZHZ44CSH,0,131695264,9,0,506177502,23413,8,0,4295032833,31,219,1154,31,131695264,0,0,0,23230,79893026928,445386222602
2022-07-28,ZHZ44CSH,0,46841704,9,0,513176795,23445,8,0,4295032833,31,219,1155,31,46841704,0,0,0,23261,79965402616,447426270418
2022-07-29,ZHZ44CSH,0,129197344,9,0,520736263,23476,8,0,4295032833,32,219,1157,32,129197344,0,0,0,23292,80056708736,449126309922
2022-07-30,ZHZ44CSH,0,101406008,9,0,524975028,23492,8,0,4295032833,32,219,1157,32,101406008,0,0,0,23308,80088194696,450043595588
2022-07-31,ZHZ44CSH,0,208749536,9,0,528504736,23508,8,0,4295032833,31,219,1158,31,208749536,0,0,0,23323,80124587080,450846968780
2022-08-01,ZHZ44CSH,0,122915968,9,0,533319122,23539,8,0,4295032833,31,219,1159,31,122915968,0,0,0,23354,80201847664,451416298268
2022-08-02,ZHZ44CSH,0,94749472,9,0,539389256,23570,8,0,4295032833,31,220,1161,31,94749472,0,0,0,23385,80272533480,451561586588
2022-08-03,ZHZ44CSH,0,14109776,9,0,542724674,23586,8,0,4295032833,31,220,1161,31,14109776,0,0,0,23401,80332561120,451909203020
2022-08-04,ZHZ44CSH,0,220575392,9,0,550233394,23617,8,0,4295032833,32,220,1163,32,220575392,0,0,0,23432,80423840736,453489233900
2022-08-05,ZHZ44CSH,0,13209560,9,0,554520777,23633,8,0,4295032833,32,220,1163,32,13209560,0,0,0,23448,80481693384,454200578300
2022-08-06,ZHZ44CSH,0,83263560,9,0,563495867,23664,8,0,4295032833,32,220,1165,32,83263560,0,0,0,23479,80574622440,455642547524
2022-08-07,ZHZ44CSH,0,65307944,9,0,568145555,23680,8,0,4295032833,32,220,1165,32,65307944,0,0,0,23494,80625211552,456306424884
2022-08-08,ZHZ44CSH,0,200650824,9,0,575030273,23711,8,0,4295032833,31,220,1167,31,200650824,0,0,0,23526,80714520344,456840740492
2022-08-09,ZHZ44CSH,0,93945272,9,0,578292469,23727,8,0,4295032833,31,220,1167,31,93945272,0,0,0,23541,80771168152,456921527764
2022-08-10,ZHZ44CSH,0,20419608,9,0,585114578,23758,8,0,4295032833,31,220,1169,31,20419608,0,0,0,23573,80864914008,457486678556
2022-08-11,ZHZ44CSH,0,48294136,9,0,588385239,23774,8,0,4295032833,31,220,1169,31,48294136,0,0,0,23589,80920261080,458191630540
2022-08-12,ZHZ44CSH,0,53562520,9,0,595924801,23806,8,0,4295032833,32,220,1171,32,53562520,0,0,0,23620,81060415440,459765729676
2022-08-13,ZHZ44CSH,0,239801744,9,0,605007228,23837,8,0,4295032833,32,220,1172,32,239801744,0,0,0,23651,81184010856,461049076884
2022-08-14,ZHZ44CSH,0,229697800,9,0,609317113,23853,8,0,4295032833,32,220,1173,32,229697800,0,0,0,23667,81247682712,461707723236
2022-08-15,ZHZ44CSH,0,193408192,9,0,615977112,23884,8,0,4295032833,32,220,1174,32,193408192,0,0,0,23698,81374950592,462032447308
2022-08-16,ZHZ44CSH,0,76632448,9,0,619040599,23900,8,0,4295032833,31,221,1175,31,76632448,0,0,0,23714,81431823792,462102939180
2022-08-17,ZHZ44CSH,0,217272008,9,0,625699511,23931,8,0,4295032833,32,221,1176,32,217272008,0,0,0,23745,81549116208,462614568020
2022-08-18,ZHZ44CSH,0,63063752,9,0,629653158,23947,8,0,4295032833,32,221,1177,32,63063752,0,0,0,23761,81602220056,463383818788
2022-08-19,ZHZ44CSH,0,163686696,9,0,637669262,23978,8,0,4295032833,32,221,1178,32,163686696,0,0,0,23792,81723745184,464827761004
2022-08-20,ZHZ44CSH,0,72620192,9,0,642340860,23994,8,0,4295032833,33,221,1178,33,72620192,0,0,0,23808,81791527912,465401334284
2022-08-21,ZHZ44CSH,0,226423784,9,0,651363053,24025,8,0,4295032833,32,221,1180,32,226423784,0,0,0,23839,81913932472,466653437220
2022-08-22,ZHZ44CSH,0,194786360,9,0,654743374,24041,8,0,4295032833,31,221,1180,31,194786360,0,0,0,23854,81988396936,466791475988
2022-08-23,ZHZ44CSH,0,205345848,9,0,661369325,24072,8,0,4295032833,31,221,1182,31,205345848,0,0,0,23885,82095428288,466939144756
2022-08-24,ZHZ44CSH,0,106516928,9,0,664743019,24088,8,0,4295032833,31,221,1182,31,106516928,0,0,0,23901,82153913680,467025971116
2022-08-25,ZHZ44CSH,0,235280256,9,0,671347515,24119,8,0,4295032833,31,221,1184,31,235280256,0,0,0,23932,82260887168,468756746732
2022-08-26,ZHZ44CSH,0,55044584,9,0,674891510,24135,8,0,4295032833,32,221,1184,32,55044584,0,0,0,23948,82329640824,469728461028
2022-08-27,ZHZ44CSH,0,2608824,9,0,682933359,24166,8,0,4295032833,32,221,1186,32,2608824,0,0,0,23979,82444417640,471514375188
2022-08-28,ZHZ44CSH,0,138397328,9,0,687256451,24182,8,0,4295032833,32,221,1186,32,138397328,0,0,0,23995,82506046816,472320956620
2022-08-29,ZHZ44CSH,0,19386408,9,0,694139301,24213,8,0,4295032833,31,221,1188,31,19386408,0,0,0,24026,82627880776,473056674492
2022-08-30,ZHZ44CSH,0,87549904,9,0,701095432,24245,8,0,4295032833,31,221,1189,31,87549904,0,0,0,24057,82756318328,473240541340
2022-08-31,ZHZ44CSH,0,115578080,9,0,704663355,24261,8,0,4295032833,32,221,1190,32,115578080,0,0,0,24073,82811939400,473457089196
2022-09-01,ZHZ44CSH,0,211303784,9,0,708632660,24276,8,0,4295032833,31,221,1190,31,211303784,0,0,0,24088,82872429696,474224747076
2022-09-02,ZHZ44CSH,0,3021488,9,0,715702386,24308,8,0,4295032833,31,221,1192,31,3021488,0,0,0,24119,82997505816,475844520748
2022-09-03,ZHZ44CSH,0,21990144,9,0,719952324,24323,8,0,4295032833,32,221,1192,32,21990144,0,0,0,24135,83058339224,476535079460
2022-09-04,ZHZ44CSH,0,184488216,9,0,728817693,24355,8,0,4295032833,32,221,1194,32,184488216,0,0,0,24166,83173763672,477802856492
2022-09-05,ZHZ44CSH,0,144035680,9,0,732477115,24371,8,0,4295032833,31,221,1194,31,144035680,0,0,0,24182,83234553016,478189896004
2022-09-06,ZHZ44CSH,0,167386592,9,0,739288607,24402,8,0,4295032833,31,221,1196,31,167386592,0,0,0,24213,83342406208,478349534396
2022-09-07,ZHZ44CSH,0,28706784,9,0,745844388,24433,8,0,4295032833,31,221,1197,31,28706784,0,0,0,24244,83451466736,478834216804
2022-09-08,ZHZ44CSH,0,14713144,9,0,749354082,24449,8,0,4295032833,31,221,1198,31,14713144,0,0,0,24260,83505603384,479498508524
2022-09-09,ZHZ44CSH,0,4544680,9,0,757243231,24480,8,0,4295032833,32,221,1199,32,4544680,0,0,0,24291,83616831336,480841957212
2022-09-10,ZHZ44CSH,0,132923552,9,0,761684710,24496,8,0,4295032833,32,221,1200,32,132923552,0,0,0,24307,83685812664,481389636268
2022-09-11,ZHZ44CSH,0,49338112,9,0,770497922,24527,8,0,4295032833,32,221,1201,32,49338112,0,0,0,24338,83796146112,482660561556
2022-09-12,ZHZ44CSH,0,68145984,9,0,774165495,24543,8,0,4295032833,31,221,1202,31,68145984,0,0,0,24354,83855804592,482863852404
2022-09-13,ZHZ44CSH,0,121456304,9,0,781197900,24575,8,0,4295032833,31,222,1203,31,121456304,0,0,0,24385,83985481400,483031626564
2022-09-14,ZHZ44CSH,0,230009888,9,0,784583946,24590,8,0,4295032833,31,222,1203,31,230009888,0,0,0,24401,84002735776,483122925772
2022-09-15,ZHZ44CSH,0,169848736,9,0,792565031,24622,8,0,4295032833,32,222,1205,32,169848736,0,0,0,24432,84097032016,484433313028
2022-09-16,ZHZ44CSH,0,188454904,9,0,796925554,24637,8,0,4295032833,32,222,1205,32,188454904,0,0,0,24448,84157970336,485123403060
2022-09-17,ZHZ44CSH,0,136976256,9,0,806194937,24669,8,0,4295032833,32,223,1207,32,136976256,0,0,0,24479,84267821192,486426917836
2022-09-18,ZHZ44CSH,0,188558192,9,0,810681437,24684,8,0,4295032833,32,223,1207,32,188558192,0,0,0,24494,84329137424,486905465084
2022-09-19,ZHZ44CSH,0,187472776,9,0,817998596,24716,8,0,4295032833,31,223,1209,31,187472776,0,0,0,24526,84445817512,487520121724
2022-09-20,ZHZ44CSH,0,83583864,9,0,821455682,24731,8,0,4295032833,31,223,1209,31,83583864,0,0,0,24541,84503854192,487602336988
2022-09-21,ZHZ44CSH,0,142416984,9,0,828424640,24763,8,0,4295032833,31,223,1211,31,142416984,0,0,0,24573,84624936040,487784228892
2022-09-22,ZHZ44CSH,0,125111936,9,0,836293261,24794,8,0,4295032833,31,223,1212,31,125111936,0,0,0,24604,84734940096,489121764116
2022-09-23,ZHZ44CSH,0,152207408,9,0,839997806,24810,8,0,4295032833,31,223,1213,31,152207408,0,0,0,24619,84799185504,489817036364
2022-09-24,ZHZ44CSH,0,190234000,9,0,849382607,24841,8,0,4295032833,32,223,1214,32,190234000,0,0,0,24651,84887140016,490987812436
2022-09-25,ZHZ44CSH,0,3787688,9,0,854924588,24857,8,0,4295032833,32,223,1215,32,3787688,0,0,0,24666,84924316336,491252471084
2022-09-26,ZHZ44CSH,0,99908504,9,0,862874298,24888,8,0,4295032833,31,223,1216,31,99908504,0,0,0,24698,84989901024,491527147884
2022-09-27,ZHZ44CSH,0,235518000,9,0,866668410,24904,8,0,4295032833,30,224,1217,30,235518000,0,0,0,24713,85019950904,491632707500
2022-09-28,ZHZ44CSH,0,161076872,9,0,870932632,24935,8,0,4295032833,30,224,1218,30,161076872,0,0,0,24744,85073994480,491992504060
2022-09-29,ZHZ44CSH,0,35181816,9,0,875627633,24967,8,0,4295032833,31,225,1219,31,35181816,0,0,0,24776,85125194464,492303690284
2022-09-30,ZHZ44CSH,0,238748816,9,0,878791523,24982,8,0,4295032833,31,225,1220,31,238748816,0,0,0,24791,85144427952,492488023796
2022-10-01,ZHZ44CSH,0,202331096,9,0,885975432,25014,8,0,4295032833,31,226,1221,31,202331096,0,0,0,24823,85218956880,492865358412
2022-10-02,ZHZ44CSH,0,189402976,9,0,888194991,25030,8,0,4295032833,30,226,1222,30,189402976,0,0,0,24838,85254966616,493060561196
2022-10-03,ZHZ44CSH,0,239082952,9,0,894799540,25061,8,0,4295032833,31,226,1223,31,239082952,0,0,0,24870,85341765144,493267583372
2022-10-04,ZHZ44CSH,0,160411512,9,0,897942105,25077,8,0,4295032833,30,226,1224,30,160411512,0,0,0,24885,85382565936,493392251772
2022-10-05,ZHZ44CSH,0,127938312,9,0,902760958,25108,8,0,4295032833,31,226,1225,31,127938312,0,0,0,24916,85466038144,493764587724
2022-10-06,ZHZ44CSH,0,92270552,9,0,904839594,25124,8,0,4295032833,30,226,1226,30,92270552,0,0,0,24932,85490364976,493948733844
2022-10-07,ZHZ44CSH,0,239767896,9,0,910649171,25155,8,0,4295032833,31,226,1227,31,239767896,0,0,0,24963,85548213536,494282523404
2022-10-08,ZHZ44CSH,0,190420136,9,0,914255651,25171,8,0,4295032833,30,226,1228,30,190420136,0,0,0,24979,85574066904,494451463452
2022-10-09,ZHZ44CSH,0,90012944,9,0,918344716,25202,8,0,4295032833,31,226,1229,31,90012944,0,0,0,25010,85632421664,494780982812
2022-10-10,ZHZ44CSH,0,232158048,9,0,921914519,25218,8,0,4295032833,30,227,1230,30,232158048,0,0,0,25026,85665861704,494889687876
2022-10-11,ZHZ44CSH,0,90494736,9,0,927667384,25249,8,0,4295032833,31,227,1231,31,90494736,0,0,0,25057,85721361568,495180806204
2022-10-12,ZHZ44CSH,0,94063600,9,0,930091378,25265,8,0,4295032833,30,227,1232,30,94063600,0,0,0,25072,85757863104,495392014212
2022-10-13,ZHZ44CSH,0,207967400,9,0,933858560,25296,8,0,4295032833,31,227,1233,31,207967400,0,0,0,25103,85820631472,495687290276
2022-10-14,ZHZ44CSH,0,217515680,9,0,936403889,25312,8,0,4295032833,30,227,1234,30,217515680,0,0,0,25119,85859993768,495901617124
2022-10-15,ZHZ44CSH,0,238695600,9,0,944235224,25344,8,0,4295032833,30,227,1235,30,238695600,0,0,0,25150,85918740840,496352331268
2022-10-16,ZHZ44CSH,0,229449280,9,0,946551423,25359,8,0,4295032833,30,227,1236,30,229449280,0,0,0,25166,85951965040,496554001580
2022-10-17,ZHZ44CSH,0,39446152,9,0,952360254,25391,8,0,4295032833,30,228,1237,30,39446152,0,0,0,25197,85999281832,496804963124
2022-10-18,ZHZ44CSH,0,201963480,9,0,955337864,25406,8,0,4295032833,30,228,1238,30,201963480,0,0,0,25213,86027877904,496938884380
2022-10-19,ZHZ44CSH,0,101383072,9,0,959206215,25438,8,0,4295032833,30,229,1239,30,101383072,0,0,0,25245,86078414432,497276048740
2022-10-20,ZHZ44CSH,0,47008968,9,0,961390055,25454,8,0,4295032833,30,229,1240,30,47008968,0,0,0,25260,86114665192,497429564564
2022-10-21,ZHZ44CSH,0,200300640,9,0,965993582,25485,8,0,4295032833,31,229,1241,31,200300640,0,0,0,25291,86172176048,497769486124
2022-10-22,ZHZ44CSH,0,217924080,9,0,970353399,25501,8,0,4295032833,31,229,1241,31,217924080,0,0,0,25307,86206941032,497996485212
2022-10-23,ZHZ44CSH,0,147638888,9,0,975470550,25532,8,0,4295032833,30,229,1243,30,147638888,0,0,0,25338,86257933104,498363489252
2022-10-24,ZHZ44CSH,0,56969584,9,0,978261456,25548,8,0,4295032833,30,229,1243,30,56969584,0,0,0,25354,86288523928,498486369756
2022-10-25,ZHZ44CSH,0,97126072,9,0,984579766,25579,8,0,4295032833,30,230,1245,30,97126072,0,0,0,25385,86351697232,498707493572
2022-10-26,ZHZ44CSH,0,53847152,9,0,986828404,25594,8,0,4295032833,30,230,1245,30,53847152,0,0,0,25400,86387819928,498872232588
2022-10-27,ZHZ44CSH,0,192282856,9,0,990950630,25626,8,0,4295032833,30,230,1247,30,192282856,0,0,0,25432,86452465080,499190163772
2022-10-28,ZHZ44CSH,0,175084576,9,0,993429033,25642,8,0,4295032833,31,230,1247,31,175084576,0,0,0,25448,86495402264,499374169052
2022-10-29,ZHZ44CSH,0,156992944,9,0,1193605,25673,8,0,4295032833,30,230,1249,30,156992944,0,0,0,25479,86557972432,499781788596
2022-10-30,ZHZ44CSH,0,62324680,9,0,5763883,25705,8,0,4295032833,30,230,1250,30,62324680,0,0,0,25510,86631959400,500101415228
2022-10-31,ZHZ44CSH,0,195101192,9,0,8936397,25721,8,0,4295032833,30,230,1251,30,195101192,0,0,0,25526,86660749776,500205401364
2022-11-01,ZHZ44CSH,0,231089152,9,0,14369917,25752,8,0,4295032833,30,231,1252,30,231089152,0,0,0,25557,86716974936,500429304796
2022-11-02,ZHZ44CSH,0,63411568,9,0,18474837,25783,8,0,4295032833,30,231,1253,30,63411568,0,0,0,25588,86793977448,500672906204
2022-11-03,ZHZ44CSH,0,179936776,9,0,19942193,25799,8,0,4295032833,30,232,1254,30,179936776,0,0,0,25604,86819643136,500763765724
2022-11-04,ZHZ44CSH,0,27397800,9,0,26423119,25831,8,0,4295032833,31,232,1255,31,27397800,0,0,0,25636,86917352248,501001799044
2022-11-05,ZHZ44CSH,0,161552968,9,0,29247343,25847,8,0,4295032833,30,233,1256,30,161552968,0,0,0,25651,86944322664,501108983796
2022-11-06,ZHZ44CSH,0,14043976,9,0,33610865,25878,8,0,4295032833,31,233,1257,31,14043976,0,0,0,25683,87024942336,501369136396
2022-11-07,ZHZ44CSH,0,105606880,9,0,37235766,25894,8,0,4295032833,30,234,1258,30,105606880,0,0,0,25699,87047294776,501438346860
2022-11-08,ZHZ44CSH,0,192129624,9,0,42445418,25926,8,0,4295032833,31,234,1259,31,192129624,0,0,0,25730,87133079064,501683226348
2022-11-09,ZHZ44CSH,0,126578040,9,0,44280202,25942,8,0,4295032833,30,234,1261,30,126578040,0,0,0,25746,87165605752,501829289388
2022-11-10,ZHZ44CSH,0,68157152,9,0,46567943,25957,8,0,4295032833,30,234,1261,30,68157152,0,0,0,25761,87206896496,501973718436
2022-11-11,ZHZ44CSH,0,187274728,9,0,51150594,25989,8,0,4295032833,30,234,1263,30,187274728,0,0,0,25793,87264096512,502279776716
2022-11-12,ZHZ44CSH,0,165136408,9,0,55387515,26005,8,0,4295032833,31,234,1263,31,165136408,0,0,0,25809,87298206104,502467669436
2022-11-13,ZHZ44CSH,0,61552344,9,0,60265327,26037,8,0,4295032833,30,235,1265,30,61552344,0,0,0,25840,87366075912,502784496972
2022-11-14,ZHZ44CSH,0,211416304,9,0,63065535,26052,8,0,4295032833,30,235,1265,30,211416304,0,0,0,25856,87405108864,502895327980
2022-11-15,ZHZ44CSH,0,9518640,9,0,69259578,26084,8,0,4295032833,30,236,1267,30,9518640,0,0,0,25888,87458606624,503128213916
2022-11-16,ZHZ44CSH,0,193834416,9,0,71486056,26100,8,0,4295032833,30,236,1267,30,193834416,0,0,0,25904,87503643872,503267492444
2022-11-17,ZHZ44CSH,0,8081504,9,0,77003104,26132,8,0,4295032833,30,237,1269,30,8081504,0,0,0,25935,87574081896,503499583084
2022-11-18,ZHZ44CSH,0,126642416,9,0,80455628,26148,8,0,4295032833,31,237,1269,31,126642416,0,0,0,25951,87618511744,503573714148
2022-11-19,ZHZ44CSH,0,166727264,9,0,87754509,26179,8,0,4295032833,29,237,1271,29,166727264,0,0,0,25982,87704080152,503772371220
2022-11-20,ZHZ44CSH,0,104821168,9,0,89917240,26195,8,0,4295032833,31,237,1271,31,104821168,0,0,0,25998,87741927760,503916758148
2022-11-21,ZHZ44CSH,0,217536752,9,0,99584600,26227,8,0,4295032833,30,237,1272,30,217536752,0,0,0,26030,87819002600,504196539524
2022-11-22,ZHZ44CSH,0,102351320,9,0,103020023,26243,8,0,4295032833,30,237,1273,30,102351320,0,0,0,26046,87858483000,504286014356
2022-11-23,ZHZ44CSH,0,168752952,9,0,107546763,26275,8,0,4295032833,30,237,1274,30,168752952,0,0,0,26078,87931066736,504523972892
2022-11-24,ZHZ44CSH,0,108932664,9,0,109678917,26291,8,0,4295032833,30,237,1275,30,108932664,0,0,0,26094,87966096128,504673263844
2022-11-25,ZHZ44CSH,0,225214984,9,0,113925630,26323,8,0,4295032833,30,237,1276,30,225214984,0,0,0,26126,88036041680,504963741286
2022-11-26,ZHZ44CSH,0,189492944,9,0,118356821,26339,8,0,4295032833,30,237,1277,30,189492944,0,0,0,26141,88075865992,505132335718
2022-11-27,ZHZ44CSH,0,59707512,9,0,123377978,26371,8,0,4295032833,30,237,1278,30,59707512,0,0,0,26173,88136536168,505430161542
2022-11-28,ZHZ44CSH,0,229095672,9,0,126253333,26387,8,0,4295032833,30,238,1279,30,229095672,0,0,0,26189,88175270816,505560815054
2022-11-29,ZHZ44CSH,0,231620520,9,0,132422841,26419,8,0,4295032833,30,239,1280,30,231620520,0,0,0,26221,88224732672,505758018678
2022-11-30,ZHZ44CSH,0,176078712,9,0,134607967,26435,8,0,4295032833,30,239,1281,30,176078712,0,0,0,26237,88256466152,505914884022
2022-12-01,ZHZ44CSH,0,7665264,9,0,138188698,26467,8,0,4295032833,30,239,1283,30,7665264,0,0,0,26268,88312823952,506178394070
2022-12-02,ZHZ44CSH,0,153166864,9,0,143799724,26499,8,0,4295032833,31,240,1284,31,153166864,0,0,0,26300,88371257704,506509602550
2022-12-03,ZHZ44CSH,0,142708624,9,0,147877892,26515,8,0,4295032833,31,240,1284,31,142708624,0,0,0,26316,88425981456,506688561190
2022-12-04,ZHZ44CSH,0,64203336,9,0,152313424,26547,8,0,4295032833,31,240,1286,31,64203336,0,0,0,26348,88507899120,507016419622
2022-12-05,ZHZ44CSH,0,203439712,9,0,155783616,26563,8,0,4295032833,30,240,1286,30,203439712,0,0,0,26364,88557353584,507106201534
2022-12-06,ZHZ44CSH,0,80016504,9,0,161645112,26594,8,0,4295032833,31,240,1288,31,80016504,0,0,0,26395,88632562656,507395850758
2022-12-07,ZHZ44CSH,0,158586232,9,0,164095820,26610,8,0,4295032833,30,240,1288,30,158586232,0,0,0,26411,88685567608,507665556246
2022-12-08,ZHZ44CSH,0,80825480,9,0,168033628,26642,8,0,4295032833,31,240,1290,31,80825480,0,0,0,26443,88756400456,508005244150
2022-12-09,ZHZ44CSH,0,147656856,9,0,170224393,26658,8,0,4295032833,30,240,1290,30,147656856,0,0,0,26459,88795565872,508277050742
2022-12-11,ZHZ44CSH,0,92070648,9,0,179937437,26706,8,0,4295032833,30,240,1292,30,92070648,0,0,0,26506,88899203080,509094390510
2022-12-11,ZHZ44CSH,0,92070648,9,0,179937437,26706,8,0,4295032833,30,240,1292,30,92070648,0,0,0,26506,88899203080,509094390510
2022-12-12,ZHZ44CSH,0,167003944,9,0,186111208,26738,8,0,4295032833,31,240,1294,31,167003944,0,0,0,26538,88973633384,509339034214
2022-12-13,ZHZ44CSH,0,80406696,9,0,189255815,26754,8,0,4295032833,30,240,1294,30,80406696,0,0,0,26554,89008695448,509461515534
2022-12-14,ZHZ44CSH,0,132667776,9,0,191503125,26770,8,0,4295032833,30,240,1295,30,132667776,0,0,0,26570,89046098232,509720514558
2022-12-15,ZHZ44CSH,0,20180768,9,0,195450457,26802,8,0,4295032833,30,240,1296,30,20180768,0,0,0,26602,89130594120,510011813022
2022-12-16,ZHZ44CSH,0,202834720,9,0,197738799,26818,8,0,4295032833,31,240,1297,31,202834720,0,0,0,26618,89176026392,510149034702
2022-12-17,ZHZ44CSH,0,40762032,9,0,204825645,26850,8,0,4295032833,31,240,1298,31,40762032,0,0,0,26650,89253461536,510641948958
2022-12-18,ZHZ44CSH,0,140540056,9,0,209764775,26882,8,0,4295032833,30,240,1300,30,140540056,0,0,0,26682,89338605320,511144864734
2022-12-19,ZHZ44CSH,0,28562800,9,0,213308203,26898,8,0,4295032833,30,240,1300,30,28562800,0,0,0,26698,89391177968,511224456102
2022-12-20,ZHZ44CSH,0,128462720,9,0,219532906,26930,8,0,4295032833,30,240,1302,30,128462720,0,0,0,26729,89492416784,511467258006
2022-12-21,ZHZ44CSH,0,160139328,9,0,221720857,26946,8,0,4295032833,30,240,1302,30,160139328,0,0,0,26745,89541176032,511694316214
2022-12-22,ZHZ44CSH,0,9683600,9,0,225816750,26978,8,0,4295032833,31,240,1304,31,9683600,0,0,0,26777,89618159424,511955158574
2022-12-23,ZHZ44CSH,0,215131912,9,0,228148733,26994,8,0,4295032833,30,240,1304,30,215131912,0,0,0,26793,89659298368,512119467942
2022-12-24,ZHZ44CSH,0,205937888,9,0,235944516,27026,8,0,4295032833,31,240,1306,31,205937888,0,0,0,26825,89739073240,512518780678
2022-12-25,ZHZ44CSH,0,8355296,9,0,238708327,27042,8,0,4295032833,30,240,1306,30,8355296,0,0,0,26841,89782074824,512766477942
2022-12-26,ZHZ44CSH,0,75326392,9,0,244985134,27074,8,0,4295032833,31,241,1308,31,75326392,0,0,0,26873,89856433408,513003231086
2022-12-27,ZHZ44CSH,0,237259648,9,0,248461555,27090,8,0,4295032833,30,241,1308,30,237259648,0,0,0,26889,89898251648,513123346102
2022-12-28,ZHZ44CSH,0,242831752,9,0,252375074,27122,8,0,4295032833,31,241,1309,31,242831752,0,0,0,26920,89961772768,513553678830
2022-12-29,ZHZ44CSH,0,227631928,9,0,254534102,27138,8,0,4295032833,30,241,1310,30,227631928,0,0,0,26936,90000212824,513744181230
2022-12-30,ZHZ44CSH,0,10183520,9,0,260091072,27170,8,0,4295032833,31,241,1312,31,10183520,0,0,0,26968,90072841456,514186526462
2022-12-31,ZHZ44CSH,0,54392520,9,0,264380060,27186,8,0,4295032833,30,241,1312,30,54392520,0,0,0,26984,90117447792,514430269798
