2022-01-01,ZHZ4VK1G,0,69854832,9,0,362559193,17848,9,0,0,39,2,1269,39,69854832,0,0,0,17590,67267417504,257754640970
2022-01-02,ZHZ4VK1G,0,10058424,9,0,370697047,17879,9,0,0,39,2,1270,39,10058424,0,0,0,17621,67272719744,259886809298
2022-01-03,ZHZ4VK1G,0,70982832,9,0,373793507,17894,9,0,0,39,2,1271,39,70982832,0,0,0,17636,67276986320,261652454954
2022-01-04,ZHZ4VK1G,0,123181968,9,0,379069514,17926,9,0,0,38,2,1272,38,123181968,0,0,0,17667,67279683912,263166806882
2022-01-05,ZHZ4VK1G,0,233094736,9,0,381618420,17941,9,0,0,38,2,1273,38,233094736,0,0,0,17682,67281999264,264495108370
2022-01-06,ZHZ4VK1G,0,115018872,9,0,388064479,17972,9,0,0,39,2,1274,39,115018872,0,0,0,17713,67284887472,268280607698
2022-01-07,ZHZ4VK1G,0,122163232,9,0,391693439,17988,9,0,0,39,2,1275,39,122163232,0,0,0,17729,67286393880,269995231402
2022-01-08,ZHZ4VK1G,0,166139896,9,0,398619304,18019,9,0,0,40,2,1276,40,166139896,0,0,0,17760,67289153504,272721996650
2022-01-09,ZHZ4VK1G,0,162187496,9,0,402927565,18034,9,0,0,40,2,1277,40,162187496,0,0,0,17775,67291407840,273692352978
2022-01-10,ZHZ4VK1G,0,137754296,9,0,411390795,18066,9,0,0,39,2,1278,39,137754296,0,0,0,17806,67296193504,276104541834
2022-01-11,ZHZ4VK1G,0,131453320,9,0,421666083,18112,9,0,0,39,2,1280,39,131453320,0,0,0,17852,67308336440,278039225050
2022-01-12,ZHZ4VK1G,0,131453320,9,0,421666083,18112,9,0,0,39,2,1280,39,131453320,0,0,0,17852,67308336440,278039225050
2022-01-13,ZHZ4VK1G,0,13214728,9,0,430429213,18144,9,0,0,39,2,1281,39,13214728,0,0,0,17883,67314435224,280356295346
2022-01-14,ZHZ4VK1G,0,206327768,9,0,434109118,18159,9,0,0,40,2,1282,40,206327768,0,0,0,17899,67317035016,281523372226
2022-01-15,ZHZ4VK1G,0,110434880,9,0,441099270,18190,9,0,0,40,2,1283,40,110434880,0,0,0,17930,67321251264,285085374962
2022-01-16,ZHZ4VK1G,0,74099192,9,0,449926699,18222,9,0,0,40,2,1285,40,74099192,0,0,0,17961,67330585256,288213548698
2022-01-17,ZHZ4VK1G,0,151378216,9,0,453305288,18237,9,0,0,40,2,1285,40,151378216,0,0,0,17976,67340997912,289745266066
2022-01-18,ZHZ4VK1G,0,76052112,9,0,459387552,18268,9,0,0,39,2,1287,39,76052112,0,0,0,18007,67356697328,290630804834
2022-01-19,ZHZ4VK1G,0,219124024,9,0,462358176,18284,9,0,0,40,2,1287,40,219124024,0,0,0,18022,67360193696,291746948866
2022-01-20,ZHZ4VK1G,0,9828152,9,0,469485610,18315,9,0,0,40,2,1288,40,9828152,0,0,0,18054,67366823328,293972431802
2022-01-21,ZHZ4VK1G,0,226878936,9,0,473016500,18331,9,0,0,40,2,1289,40,226878936,0,0,0,18069,67368084080,295164784706
2022-01-22,ZHZ4VK1G,0,232854872,9,0,480403253,18362,9,0,0,41,2,1290,41,232854872,0,0,0,18100,67371258104,297608995122
2022-01-23,ZHZ4VK1G,0,194908368,9,0,485248127,18378,9,0,0,41,2,1291,41,194908368,0,0,0,18116,67372415152,298546454562
2022-01-24,ZHZ4VK1G,0,161181504,9,0,493939913,18409,9,0,0,40,2,1292,40,161181504,0,0,0,18147,67374680352,300707730506
2022-01-25,ZHZ4VK1G,0,93526512,9,0,497027764,18424,9,0,0,40,2,1293,40,93526512,0,0,0,18162,67375624248,301127413082
2022-01-26,ZHZ4VK1G,0,33202016,9,0,503269634,18455,9,0,0,40,2,1295,40,33202016,0,0,0,18193,67379475128,302039801402
2022-01-27,ZHZ4VK1G,0,23117968,9,0,506175891,18471,9,0,0,40,2,1295,40,23117968,0,0,0,18209,67380755784,303004999754
2022-01-28,ZHZ4VK1G,0,154626064,9,0,512052627,18503,9,0,0,40,2,1297,40,154626064,0,0,0,18240,67382527512,305820336194
2022-01-29,ZHZ4VK1G,0,94748896,9,0,515292996,18519,9,0,0,40,2,1297,40,94748896,0,0,0,18256,67384161472,307711979754
2022-01-30,ZHZ4VK1G,0,61130528,9,0,522940832,18550,9,0,0,40,2,1299,40,61130528,0,0,0,18287,67387959352,310604267658
2022-01-31,ZHZ4VK1G,0,58724272,9,0,526991766,18566,9,0,0,40,2,1299,40,58724272,0,0,0,18303,67390423208,312064247282
2022-02-01,ZHZ4VK1G,0,161852560,9,0,533750544,18598,9,0,0,40,2,1301,40,161852560,0,0,0,18335,67394104720,313384398570
2022-02-02,ZHZ4VK1G,0,165739648,9,0,542135621,18629,9,0,0,41,2,1302,41,165739648,0,0,0,18366,67398144640,315093231314
2022-02-03,ZHZ4VK1G,0,184407280,9,0,545358299,18644,9,0,0,40,2,1303,40,184407280,0,0,0,18381,67398904424,316331843306
2022-02-04,ZHZ4VK1G,0,188948800,9,0,552080184,18675,9,0,0,40,2,1304,40,188948800,0,0,0,18412,67406027768,318526529194
2022-02-05,ZHZ4VK1G,0,84570984,9,0,556231742,18691,9,0,0,40,2,1304,40,84570984,0,0,0,18428,67411774800,319637108378
2022-02-06,ZHZ4VK1G,0,188228968,9,0,565346783,18723,9,0,0,40,2,1306,40,188228968,0,0,0,18459,67538097144,321323429730
2022-02-07,ZHZ4VK1G,0,10280640,9,0,570422234,18739,9,0,0,40,2,1306,40,10280640,0,0,0,18475,67541286616,322362996122
2022-02-08,ZHZ4VK1G,0,130008944,9,0,577228564,18770,9,0,0,40,2,1308,40,130008944,0,0,0,18506,67547315592,323209117810
2022-02-09,ZHZ4VK1G,0,60323192,9,0,580679127,18786,9,0,0,40,2,1308,40,60323192,0,0,0,18522,67549463224,324113848210
2022-02-10,ZHZ4VK1G,0,30817464,9,0,587075694,18817,9,0,0,40,2,1310,40,30817464,0,0,0,18553,67552762472,327254888498
2022-02-11,ZHZ4VK1G,0,71016312,9,0,589952615,18833,9,0,0,40,2,1310,40,71016312,0,0,0,18568,67553469240,329003370690
2022-02-12,ZHZ4VK1G,0,160704248,9,0,595937189,18864,9,0,0,40,2,1312,40,160704248,0,0,0,18599,67555895960,332264499226
2022-02-13,ZHZ4VK1G,0,187798880,9,0,604627762,18896,9,0,0,40,2,1313,40,187798880,0,0,0,18631,67563082176,334481686658
2022-02-14,ZHZ4VK1G,0,180649760,9,0,607870286,18911,9,0,0,41,2,1313,41,180649760,0,0,0,18646,67565134312,335693189002
2022-02-15,ZHZ4VK1G,0,62706352,9,0,612585143,18942,9,0,0,40,2,1315,40,62706352,0,0,0,18677,67567510920,336305291250
2022-02-16,ZHZ4VK1G,0,225653464,9,0,615312579,18958,9,0,0,40,2,1315,40,225653464,0,0,0,18693,67569469184,336954561898
2022-02-17,ZHZ4VK1G,0,144561616,9,0,622102280,18989,9,0,0,40,2,1317,40,144561616,0,0,0,18724,67571994600,339312351978
2022-02-18,ZHZ4VK1G,0,217700480,9,0,625900989,19005,9,0,0,40,2,1317,40,217700480,0,0,0,18739,67573270824,340360777770
2022-02-19,ZHZ4VK1G,0,177771664,9,0,629147331,19020,9,0,0,40,2,1318,40,177771664,0,0,0,18755,67574891424,341295791218
2022-02-20,ZHZ4VK1G,0,173140600,9,0,638079509,19051,9,0,0,41,2,1319,41,173140600,0,0,0,18786,67577544040,343241633474
2022-02-21,ZHZ4VK1G,0,79287768,9,0,646473824,19083,9,0,0,40,2,1321,40,79287768,0,0,0,18817,67578673632,345832211810
2022-02-22,ZHZ4VK1G,0,45115120,9,0,648200915,19098,9,0,0,40,2,1321,40,45115120,0,0,0,18833,67579231896,346285762202
2022-02-23,ZHZ4VK1G,0,46520160,9,0,652801694,19130,9,0,0,40,2,1323,40,46520160,0,0,0,18864,67580521256,347262458362
2022-02-24,ZHZ4VK1G,0,19580296,9,0,655563481,19145,9,0,0,40,2,1323,40,19580296,0,0,0,18880,67581560672,348943476906
2022-02-25,ZHZ4VK1G,0,43106176,9,0,660947313,19177,9,0,0,40,2,1324,40,43106176,0,0,0,18910,67584794536,351893470034
2022-02-26,ZHZ4VK1G,0,77838400,9,0,664571578,19192,9,0,0,40,2,1325,40,77838400,0,0,0,18926,67585926192,353636058282
2022-02-27,ZHZ4VK1G,0,167621392,9,0,672909493,19223,9,0,0,40,2,1326,40,167621392,0,0,0,18957,67588274168,355920773994
2022-02-28,ZHZ4VK1G,0,155804608,9,0,676557295,19239,9,0,0,40,2,1327,40,155804608,0,0,0,18972,67589416688,357128518274
2022-03-01,ZHZ4VK1G,0,132855056,9,0,681341495,19270,9,0,0,40,2,1328,40,132855056,0,0,0,19003,67590279048,358325412890
2022-03-02,ZHZ4VK1G,0,185635936,9,0,683632233,19285,9,0,0,39,2,1329,39,185635936,0,0,0,19018,67592362456,358376110362
2022-03-03,ZHZ4VK1G,0,197623952,9,0,690042259,19316,9,0,0,40,2,1330,40,197623952,0,0,0,19049,67671106800,360018340458
2022-03-04,ZHZ4VK1G,0,42371768,9,0,697609223,19347,9,0,0,40,2,1332,40,42371768,0,0,0,19080,67762412448,361969049794
2022-03-05,ZHZ4VK1G,0,62757216,9,0,701467949,19363,9,0,0,40,2,1332,40,62757216,0,0,0,19096,67803098776,362925312106
2022-03-06,ZHZ4VK1G,0,68789264,9,0,710379049,19394,9,0,0,40,2,1334,40,68789264,0,0,0,19127,67889825656,364553602338
2022-03-07,ZHZ4VK1G,0,140018416,9,0,714872241,19410,9,0,0,40,2,1334,40,140018416,0,0,0,19142,67955269960,365535951050
2022-03-08,ZHZ4VK1G,0,159899208,9,0,720214225,19441,9,0,0,40,2,1336,40,159899208,0,0,0,19173,68064631168,366423034002
2022-03-09,ZHZ4VK1G,0,70005832,9,0,725343261,19472,9,0,0,40,2,1337,40,70005832,0,0,0,19204,68161612600,366724441554
2022-03-10,ZHZ4VK1G,0,79113664,9,0,728281522,19487,9,0,0,40,2,1338,40,79113664,0,0,0,19220,68211677048,367904189018
2022-03-11,ZHZ4VK1G,0,93572328,9,0,734357488,19519,9,0,0,40,2,1339,40,93572328,0,0,0,19251,68322372376,370493509386
2022-03-12,ZHZ4VK1G,0,115390904,9,0,737362118,19534,9,0,0,40,2,1340,40,115390904,0,0,0,19266,68369804320,371932743986
2022-03-13,ZHZ4VK1G,0,137021800,9,0,745158200,19565,9,0,0,41,2,1341,41,137021800,0,0,0,19297,68478277488,374043168546
2022-03-14,ZHZ4VK1G,0,96339784,9,0,749188232,19581,9,0,0,40,2,1341,40,96339784,0,0,0,19313,68523214120,375178279034
2022-03-15,ZHZ4VK1G,0,218933104,9,0,754443891,19612,9,0,0,40,2,1343,40,218933104,0,0,0,19344,68598136496,375958372394
2022-03-16,ZHZ4VK1G,0,29725584,9,0,756738419,19628,9,0,0,39,2,1343,39,29725584,0,0,0,19359,68600784768,376010657234
2022-03-17,ZHZ4VK1G,0,23958816,9,0,762857880,19659,9,0,0,40,2,1345,40,23958816,0,0,0,19390,68653626264,377905174706
2022-03-18,ZHZ4VK1G,0,14341760,9,0,766177820,19674,9,0,0,40,2,1345,40,14341760,0,0,0,19405,68703002048,378822745178
2022-03-19,ZHZ4VK1G,0,132750592,9,0,772818009,19705,9,0,0,40,2,1347,40,132750592,0,0,0,19436,68802855512,380794426362
2022-03-20,ZHZ4VK1G,0,76568968,9,0,777138232,19721,9,0,0,40,2,1347,40,76568968,0,0,0,19452,68858487008,381659176346
2022-03-21,ZHZ4VK1G,0,40327304,9,0,785538713,19752,9,0,0,40,2,1349,40,40327304,0,0,0,19483,68952327088,383238080450
2022-03-22,ZHZ4VK1G,0,229905920,9,0,788032359,19768,9,0,0,39,2,1349,39,229905920,0,0,0,19499,69009513632,383614613210
2022-03-23,ZHZ4VK1G,0,62993872,9,0,793503597,19799,9,0,0,40,2,1351,40,62993872,0,0,0,19529,69106204792,383839291594
2022-03-24,ZHZ4VK1G,0,212446528,9,0,800836504,19830,9,0,0,40,2,1352,40,212446528,0,0,0,19560,69217145848,385586788442
2022-03-25,ZHZ4VK1G,0,164894928,9,0,804689807,19845,9,0,0,40,2,1352,40,164894928,0,0,0,19576,69271298360,386461647658
2022-03-26,ZHZ4VK1G,0,210014432,9,0,812513311,19877,9,0,0,40,2,1354,40,210014432,0,0,0,19607,69399523368,388087527786
2022-03-27,ZHZ4VK1G,0,120730664,9,0,817092104,19892,9,0,0,40,2,1354,40,120730664,0,0,0,19622,69443515888,388930814330
2022-03-28,ZHZ4VK1G,0,45437712,9,0,824947816,19924,9,0,0,40,2,1356,40,45437712,0,0,0,19653,69546509432,390949795058
2022-03-29,ZHZ4VK1G,0,127225768,9,0,829763029,19939,9,0,0,40,2,1356,40,127225768,0,0,0,19669,69596891816,391225341826
2022-03-30,ZHZ4VK1G,0,96676976,9,0,836139013,19970,9,0,0,39,2,1358,39,96676976,0,0,0,19700,69706898456,393526198226
2022-03-31,ZHZ4VK1G,0,144162960,9,0,839229306,19986,9,0,0,40,2,1358,40,144162960,0,0,0,19715,69773457096,394727830354
2022-04-01,ZHZ4VK1G,0,129694912,9,0,845034608,20017,9,0,0,39,2,1360,39,129694912,0,0,0,19746,69887259112,397040968546
2022-04-02,ZHZ4VK1G,0,232293664,9,0,848221484,20033,9,0,0,40,2,1360,40,232293664,0,0,0,19762,69951404072,398055985778
2022-04-03,ZHZ4VK1G,0,99300128,9,0,855442397,20064,9,0,0,39,2,1362,39,99300128,0,0,0,19793,70070729400,399756802066
2022-04-04,ZHZ4VK1G,0,106289656,9,0,859468083,20080,9,0,0,40,2,1362,40,106289656,0,0,0,19808,70139100936,400427842250
2022-04-05,ZHZ4VK1G,0,50999008,9,0,866223333,20111,9,0,0,40,2,1364,40,50999008,0,0,0,19839,70248873792,401483482418
2022-04-06,ZHZ4VK1G,0,90238504,9,0,872795274,20142,9,0,0,39,2,1365,39,90238504,0,0,0,19870,70364632840,403115949226
2022-04-07,ZHZ4VK1G,0,18480360,9,0,876167156,20158,9,0,0,39,2,1366,39,18480360,0,0,0,19886,70423732520,403961654354
2022-04-08,ZHZ4VK1G,0,159945272,9,0,884500411,20189,9,0,0,39,2,1367,39,159945272,0,0,0,19917,70539395856,405452301450
2022-04-09,ZHZ4VK1G,0,42152144,10,0,888541189,20205,10,0,0,40,2,1369,40,42152144,0,0,0,19932,70586023280,406264443660
2022-04-10,ZHZ4VK1G,0,121808168,10,0,892537283,20221,10,0,0,39,2,1369,39,121808168,0,0,0,19948,70648125344,407014419996
2022-04-11,ZHZ4VK1G,0,179889872,10,0,899817846,20251,10,0,0,39,2,1370,39,179889872,0,0,0,19979,70739743576,408689869412
2022-04-12,ZHZ4VK1G,0,168238920,10,0,903223299,20267,10,0,0,39,2,1371,39,168238920,0,0,0,19994,70800376920,409350007588
2022-04-13,ZHZ4VK1G,0,201783936,10,0,909103380,20298,10,0,0,39,2,1372,39,201783936,0,0,0,20026,70917825472,409510244684
2022-04-14,ZHZ4VK1G,0,165823256,10,0,916508145,20329,10,0,0,39,2,1374,39,165823256,0,0,0,20056,71024307176,410832647372
2022-04-15,ZHZ4VK1G,0,191012856,10,0,920049481,20345,10,0,0,39,2,1374,39,191012856,0,0,0,20072,71084029704,411530536572
2022-04-16,ZHZ4VK1G,0,35549848,10,0,926622240,20376,10,0,0,39,2,1376,39,35549848,0,0,0,20103,71185028856,413227201628
2022-04-17,ZHZ4VK1G,0,119830424,10,0,930581162,20391,10,0,0,39,2,1376,39,119830424,0,0,0,20118,71273857392,413955076228
2022-04-18,ZHZ4VK1G,0,67995176,10,0,938714647,20423,10,0,0,39,2,1378,39,67995176,0,0,0,20149,71383317968,415746908236
2022-04-19,ZHZ4VK1G,0,97413792,10,0,941258487,20438,10,0,0,39,2,1378,39,97413792,0,0,0,20165,71429292560,416462775612
2022-04-20,ZHZ4VK1G,0,233821160,10,0,947749852,20470,10,0,0,40,2,1380,40,233821160,0,0,0,20196,71488016736,416784599436
2022-04-21,ZHZ4VK1G,0,243032504,10,0,953810174,20501,10,0,0,39,2,1381,39,243032504,0,0,0,20228,71570904216,419396474100
2022-04-22,ZHZ4VK1G,0,135158552,10,0,957017947,20517,10,0,0,39,2,1381,39,135158552,0,0,0,20243,71603627240,420720728996
2022-04-23,ZHZ4VK1G,0,34525544,10,0,965290054,20548,10,0,0,40,2,1383,40,34525544,0,0,0,20275,71670102416,423239170828
2022-04-24,ZHZ4VK1G,0,220011016,10,0,969632930,20564,10,0,0,40,2,1383,40,220011016,0,0,0,20290,71724567200,424102616540
2022-04-25,ZHZ4VK1G,0,34458936,10,0,977804358,20595,10,0,0,40,2,1385,40,34458936,0,0,0,20322,71811313936,425783444668
2022-04-26,ZHZ4VK1G,0,113862152,10,0,980652887,20611,10,0,0,39,2,1385,39,113862152,0,0,0,20337,71856934072,426061368660
2022-04-27,ZHZ4VK1G,0,171556784,10,0,987179570,20643,10,0,0,40,2,1387,40,171556784,0,0,0,20368,71936047520,426528231204
2022-04-28,ZHZ4VK1G,0,141740616,10,0,990570697,20659,10,0,0,39,2,1387,39,141740616,0,0,0,20384,71975968416,427435057092
2022-04-29,ZHZ4VK1G,0,156194120,10,0,997311365,20691,10,0,0,39,2,1389,39,156194120,0,0,0,20416,72066325928,429312278820
2022-04-30,ZHZ4VK1G,0,61430536,10,0,708506,20706,10,0,0,39,2,1389,39,61430536,0,0,0,20432,72112797136,430147607076
2022-05-01,ZHZ4VK1G,0,99016008,10,0,9481570,20738,10,0,0,40,2,1391,40,99016008,0,0,0,20463,72189123784,431817851676
2022-05-02,ZHZ4VK1G,0,199771128,10,0,14155272,20753,10,0,0,40,2,1391,40,199771128,0,0,0,20479,72240762416,432599390732
2022-05-03,ZHZ4VK1G,0,40592960,10,0,17809851,20769,10,0,0,40,2,1392,40,40592960,0,0,0,20494,72278750352,433378787756
2022-05-04,ZHZ4VK1G,0,16869736,10,0,23541988,20800,10,0,0,40,2,1393,40,16869736,0,0,0,20525,72365755616,433512199900
2022-05-05,ZHZ4VK1G,0,99522408,10,0,27035188,20816,10,0,0,40,2,1394,40,99522408,0,0,0,20540,72408913072,434039976684
2022-05-06,ZHZ4VK1G,0,185997120,10,0,39867966,20863,10,0,0,40,2,1396,40,185997120,0,0,0,20587,72511110536,436221520572
2022-05-07,ZHZ4VK1G,0,192222240,10,0,43146232,20878,10,0,0,40,2,1397,40,192222240,0,0,0,20602,72531944520,437183475180
2022-05-08,ZHZ4VK1G,0,75450416,10,0,49905234,20909,10,0,0,40,2,1398,40,75450416,0,0,0,20634,72578295968,439217617996
2022-05-09,ZHZ4VK1G,0,16206648,10,0,53274355,20925,10,0,0,40,2,1398,40,16206648,0,0,0,20649,72622085184,440335288812
2022-05-10,ZHZ4VK1G,0,13064960,10,0,59124088,20956,10,0,0,39,2,1400,39,13064960,0,0,0,20680,72709099456,441221697412
2022-05-11,ZHZ4VK1G,0,96983160,10,0,62084033,20972,10,0,0,40,2,1400,40,96983160,0,0,0,20696,72736215872,441278499196
2022-05-12,ZHZ4VK1G,0,52008280,10,0,68080571,21003,10,0,0,40,2,1402,40,52008280,0,0,0,20727,72798297176,442880429484
2022-05-13,ZHZ4VK1G,0,41234336,10,0,71500963,21019,10,0,0,40,2,1402,40,41234336,0,0,0,20743,72839121568,444049537132
2022-05-14,ZHZ4VK1G,0,239619384,10,0,79438959,21050,10,0,0,40,2,1404,40,239619384,0,0,0,20774,72922273872,446606190164
2022-05-15,ZHZ4VK1G,0,81333600,10,0,83815774,21066,10,0,0,40,2,1404,40,81333600,0,0,0,20789,72975437472,447615444884
2022-05-16,ZHZ4VK1G,0,156318280,10,0,92031737,21097,10,0,0,40,2,1406,40,156318280,0,0,0,20820,73065840392,449309015428
2022-05-17,ZHZ4VK1G,0,118452040,10,0,94685683,21113,10,0,0,39,2,1406,39,118452040,0,0,0,20836,73073242768,449752028140
2022-05-18,ZHZ4VK1G,0,192340800,10,0,100381259,21144,10,0,0,40,2,1409,40,192340800,0,0,0,20867,73168185544,449975114756
2022-05-19,ZHZ4VK1G,0,205441344,10,0,103890835,21160,10,0,0,40,2,1409,40,205441344,0,0,0,20882,73222429032,450910539364
2022-05-20,ZHZ4VK1G,0,73294832,10,0,110491137,21191,10,0,0,40,2,1411,40,73294832,0,0,0,20914,73302902152,452651045924
2022-05-21,ZHZ4VK1G,0,18307336,10,0,113942140,21207,10,0,0,39,2,1411,39,18307336,0,0,0,20930,73355600000,453519923828
2022-05-22,ZHZ4VK1G,0,154025728,10,0,121770980,21238,10,0,0,39,2,1412,39,154025728,0,0,0,20961,73447356400,455028730172
2022-05-23,ZHZ4VK1G,0,214225296,10,0,130030570,21269,10,0,0,40,2,1414,40,214225296,0,0,0,20992,73543840280,456457290964
2022-05-24,ZHZ4VK1G,0,137007032,10,0,132369743,21285,10,0,0,39,2,1414,39,137007032,0,0,0,21007,73586011776,456582042036
2022-05-25,ZHZ4VK1G,0,212287632,10,0,138458342,21316,10,0,0,40,2,1416,40,212287632,0,0,0,21038,73694793184,457280963612
2022-05-26,ZHZ4VK1G,0,149302712,10,0,142212371,21332,10,0,0,40,2,1417,40,149302712,0,0,0,21054,73733080568,458156257548
2022-05-27,ZHZ4VK1G,0,236825304,10,0,150124440,21363,10,0,0,40,2,1418,40,236825304,0,0,0,21085,73797292048,459644413300
2022-05-28,ZHZ4VK1G,0,64934024,10,0,153698642,21379,10,0,0,40,2,1419,40,64934024,0,0,0,21101,73837124440,460409252692
2022-05-29,ZHZ4VK1G,0,47287608,10,0,161802801,21410,10,0,0,40,2,1420,40,47287608,0,0,0,21132,73930100696,462007615252
2022-05-30,ZHZ4VK1G,0,133390864,10,0,166328565,21426,10,0,0,40,2,1421,40,133390864,0,0,0,21148,73968623264,462787618508
2022-05-31,ZHZ4VK1G,0,68379552,10,0,172666400,21457,10,0,0,39,2,1422,39,68379552,0,0,0,21179,74051297272,463616497468
2022-06-01,ZHZ4VK1G,0,173231720,10,0,175642812,21473,10,0,0,39,2,1423,39,173231720,0,0,0,21194,74095200400,463677446508
2022-06-02,ZHZ4VK1G,0,15201880,10,0,181300007,21504,10,0,0,40,2,1426,40,15201880,0,0,0,21225,74178871376,464412309980
2022-06-03,ZHZ4VK1G,0,125843240,10,0,184418408,21520,10,0,0,40,2,1426,40,125843240,0,0,0,21241,74219213456,465459172404
2022-06-04,ZHZ4VK1G,0,170746984,10,0,190073138,21551,10,0,0,39,2,1427,39,170746984,0,0,0,21272,74296974096,467623583060
2022-06-05,ZHZ4VK1G,0,170115448,10,0,193684114,21567,10,0,0,39,2,1428,39,170115448,0,0,0,21288,74341195960,468555292772
2022-06-06,ZHZ4VK1G,0,138410104,10,0,202076705,21598,10,0,0,39,2,1429,39,138410104,0,0,0,21319,74411688120,470894502708
2022-06-07,ZHZ4VK1G,0,237536824,10,0,205167569,21614,10,0,0,39,2,1430,39,237536824,0,0,0,21335,74459547760,471678194948
2022-06-08,ZHZ4VK1G,0,125802200,10,0,211096807,21645,10,0,0,40,2,1432,40,125802200,0,0,0,21366,74549978576,471964310804
2022-06-09,ZHZ4VK1G,0,2643080,10,0,214654761,21661,10,0,0,40,2,1432,40,2643080,0,0,0,21381,74593670696,473018163228
2022-06-10,ZHZ4VK1G,0,1311280,10,0,221542937,21692,10,0,0,40,2,1434,40,1311280,0,0,0,21413,74681685856,474881955900
2022-06-11,ZHZ4VK1G,0,52986600,10,0,224824768,21708,10,0,0,40,2,1434,40,52986600,0,0,0,21428,74728087832,475619651692
2022-06-12,ZHZ4VK1G,0,57598072,10,0,232568922,21739,10,0,0,39,2,1436,39,57598072,0,0,0,21459,74807655000,477253680908
2022-06-13,ZHZ4VK1G,0,228614136,10,0,242637042,21770,10,0,0,40,2,1437,40,228614136,0,0,0,21490,74879058192,478818138252
2022-06-14,ZHZ4VK1G,0,59369928,10,0,245618109,21786,10,0,0,39,2,1437,39,59369928,0,0,0,21506,74932029936,479084203684
2022-06-15,ZHZ4VK1G,0,38620888,10,0,251566208,21817,10,0,0,39,2,1439,39,38620888,0,0,0,21537,75021100928,479218524284
2022-06-16,ZHZ4VK1G,0,214889232,10,0,254568299,21833,10,0,0,40,2,1439,40,214889232,0,0,0,21552,75072227616,479343665940
2022-06-17,ZHZ4VK1G,0,207709880,10,0,262060935,21864,10,0,0,39,2,1441,39,207709880,0,0,0,21584,75154958544,480962741332
2022-06-18,ZHZ4VK1G,0,70837024,10,0,266001029,21879,10,0,0,40,2,1441,40,70837024,0,0,0,21599,75202834264,481754555564
2022-06-19,ZHZ4VK1G,0,2273120,10,0,274821622,21911,10,0,0,39,2,1443,39,2273120,0,0,0,21630,75286200920,483311610356
2022-06-20,ZHZ4VK1G,0,20479088,10,0,279514196,21926,10,0,0,39,2,1443,39,20479088,0,0,0,21646,75331208992,484017230604
2022-06-21,ZHZ4VK1G,0,59382640,10,0,286157645,21958,10,0,0,39,2,1445,39,59382640,0,0,0,21677,75409221928,484954684220
2022-06-22,ZHZ4VK1G,0,56372072,10,0,292595519,21989,10,0,0,39,2,1447,39,56372072,0,0,0,21708,75506347416,485342829564
2022-06-23,ZHZ4VK1G,0,4784968,10,0,295971651,22004,10,0,0,39,2,1447,39,4784968,0,0,0,21724,75548127512,486226025236
2022-06-24,ZHZ4VK1G,0,177756536,10,0,303190057,22036,10,0,0,39,2,1449,39,177756536,0,0,0,21755,75644948480,488011161828
2022-06-25,ZHZ4VK1G,0,53561600,10,0,306934784,22052,10,0,0,39,2,1449,39,53561600,0,0,0,21770,75694104456,488814374196
2022-06-26,ZHZ4VK1G,0,243256344,10,0,315341848,22083,10,0,0,40,2,1451,40,243256344,0,0,0,21802,75764460208,491130980012
2022-06-27,ZHZ4VK1G,0,212927640,10,0,319395674,22099,10,0,0,38,2,1451,38,212927640,0,0,0,21817,75802051160,492283764380
2022-06-28,ZHZ4VK1G,0,137061672,10,0,325357318,22130,10,0,0,38,2,1453,38,137061672,0,0,0,21848,75894370016,494068705380
2022-06-29,ZHZ4VK1G,0,60004840,10,0,328570219,22146,10,0,0,38,2,1453,38,60004840,0,0,0,21864,75938899080,495167823420
2022-06-30,ZHZ4VK1G,0,158447656,10,0,335985926,22177,10,0,0,39,2,1455,39,158447656,0,0,0,21895,76016886976,497385547940
2022-07-01,ZHZ4VK1G,0,31045328,10,0,340330675,22192,10,0,0,40,2,1455,40,31045328,0,0,0,21910,76063766584,498187834300
2022-07-02,ZHZ4VK1G,0,189864488,10,0,347752605,22224,10,0,0,40,2,1456,40,189864488,0,0,0,21941,76141880920,499977531892
2022-07-03,ZHZ4VK1G,0,116660816,10,0,351253219,22239,10,0,0,40,2,1457,40,116660816,0,0,0,21957,76192520736,500830251372
2022-07-04,ZHZ4VK1G,0,182602160,10,0,358239802,22271,10,0,0,39,2,1459,39,182602160,0,0,0,21988,76291402304,502506296828
2022-07-05,ZHZ4VK1G,0,58153736,10,0,364193678,22302,10,0,0,39,2,1460,39,58153736,0,0,0,22019,76384968336,503020704372
2022-07-06,ZHZ4VK1G,0,165700704,10,0,367210032,22317,10,0,0,38,2,1460,38,165700704,0,0,0,22035,76427623872,503085595804
2022-07-07,ZHZ4VK1G,0,78933272,10,0,370200732,22333,10,0,0,39,2,1461,39,78933272,0,0,0,22050,76483594384,503186998492
2022-07-08,ZHZ4VK1G,0,71243320,11,0,377901306,22364,11,0,0,39,2,1463,39,71243320,0,0,0,22081,76570331312,504801557822
2022-07-09,ZHZ4VK1G,0,238501680,11,0,385447140,22396,11,0,0,39,2,1465,39,238501680,0,0,0,22112,76664546120,506339445822
2022-07-10,ZHZ4VK1G,0,32967832,11,0,390172531,22411,11,0,0,39,2,1465,39,32967832,0,0,0,22128,76722714800,507052306446
2022-07-11,ZHZ4VK1G,0,212143008,11,0,398118865,22443,11,0,0,39,2,1467,39,212143008,0,0,0,22159,76802824376,508616216790
2022-07-12,ZHZ4VK1G,0,1921072,11,0,401002317,22458,11,0,0,39,2,1467,39,1921072,0,0,0,22175,76849361016,508847740358
2022-07-13,ZHZ4VK1G,0,149563944,11,0,407345193,22489,11,0,0,39,2,1468,39,149563944,0,0,0,22206,76900497944,508944246302
2022-07-14,ZHZ4VK1G,0,215512856,11,0,410916921,22505,11,0,0,38,2,1469,38,215512856,0,0,0,22221,76944393072,509698722566
2022-07-15,ZHZ4VK1G,0,28177560,12,0,417625751,22536,12,0,0,39,2,1470,39,28177560,0,0,0,22253,77034616200,511374290208
2022-07-16,ZHZ4VK1G,0,90082696,12,0,421221249,22552,12,0,0,39,2,1471,39,90082696,0,0,0,22268,77084839312,512118394568
2022-07-17,ZHZ4VK1G,0,149098992,12,0,429404376,22584,12,0,0,39,2,1472,39,149098992,0,0,0,22300,77164009480,513563085800
2022-07-18,ZHZ4VK1G,0,119839328,12,0,433743144,22599,12,0,0,39,2,1473,39,119839328,0,0,0,22315,77213585656,514216672240
2022-07-19,ZHZ4VK1G,0,1012160,12,0,440061980,22631,12,0,0,38,2,1474,38,1012160,0,0,0,22346,77295731760,515236402632
2022-07-20,ZHZ4VK1G,0,162721912,12,0,446666500,22662,12,0,0,39,2,1476,39,162721912,0,0,0,22377,77400776288,515781349304
2022-07-21,ZHZ4VK1G,0,86481536,12,0,449663509,22677,12,0,0,38,2,1476,38,86481536,0,0,0,22393,77439017768,517131712656
2022-07-22,ZHZ4VK1G,0,59386184,12,0,452945951,22693,12,0,0,39,2,1477,39,59386184,0,0,0,22408,77490100272,518274239664
2022-07-23,ZHZ4VK1G,0,9381184,12,0,459306845,22724,12,0,0,39,2,1478,39,9381184,0,0,0,22439,77577769592,520822116416
2022-07-24,ZHZ4VK1G,0,242500768,12,0,467297274,22755,12,0,0,39,2,1479,39,242500768,0,0,0,22470,77650153840,522691837504
2022-07-25,ZHZ4VK1G,0,195279040,12,0,471774658,22771,12,0,0,38,2,1480,38,195279040,0,0,0,22486,77676001216,523595332528
2022-07-26,ZHZ4VK1G,0,86472784,12,0,478754734,22802,12,0,0,38,2,1481,38,86472784,0,0,0,22518,77751750184,524631481352
2022-07-27,ZHZ4VK1G,0,104203832,12,0,482147670,22818,12,0,0,39,2,1482,39,104203832,0,0,0,22533,77761552808,525615973528
2022-07-28,ZHZ4VK1G,0,5881024,12,0,489142203,22850,12,0,0,39,2,1483,39,5881024,0,0,0,22564,77842444448,527389885680
2022-07-29,ZHZ4VK1G,0,112943664,12,0,492861065,22865,12,0,0,39,2,1484,39,112943664,0,0,0,22580,77884769768,528187045688
2022-07-30,ZHZ4VK1G,0,70894376,12,0,500465747,22897,12,0,0,39,2,1485,39,70894376,0,0,0,22611,77960973160,529777778240
2022-07-31,ZHZ4VK1G,0,209798760,12,0,504819563,22912,12,0,0,39,2,1486,39,209798760,0,0,0,22627,77991183168,530618894714
2022-08-01,ZHZ4VK1G,0,29831592,12,0,513194850,22944,12,0,0,38,2,1487,38,29831592,0,0,0,22658,78066251480,532316985418
2022-08-02,ZHZ4VK1G,0,84124088,12,0,519295144,22975,12,0,0,38,2,1489,38,84124088,0,0,0,22690,78184363728,532741446930
2022-08-03,ZHZ4VK1G,0,199748432,12,0,522386476,22991,12,0,0,38,2,1489,38,199748432,0,0,0,22705,78234234320,532807200682
2022-08-04,ZHZ4VK1G,0,35050376,12,0,529831562,23022,12,0,0,39,2,1490,39,35050376,0,0,0,22736,78331380952,534254340922
2022-08-05,ZHZ4VK1G,0,183843200,12,0,533276937,23037,12,0,0,39,2,1491,39,183843200,0,0,0,22751,78383025608,535083911682
2022-08-06,ZHZ4VK1G,0,58349520,12,0,540661041,23069,12,0,0,39,2,1492,39,58349520,0,0,0,22782,78467250784,536827318370
2022-08-07,ZHZ4VK1G,0,124117992,12,0,545438472,23084,12,0,0,39,2,1493,39,124117992,0,0,0,22798,78513005160,537579754562
2022-08-08,ZHZ4VK1G,0,49146544,12,0,552953138,23116,12,0,0,39,2,1494,39,49146544,0,0,0,22829,78603144152,539123629186
2022-08-09,ZHZ4VK1G,0,86609520,12,0,555840312,23131,12,0,0,38,2,1495,38,86609520,0,0,0,22844,78654887288,539353489746
2022-08-10,ZHZ4VK1G,0,92474168,12,0,562059034,23163,12,0,0,39,2,1496,39,92474168,0,0,0,22876,78766236128,539492146378
2022-08-11,ZHZ4VK1G,0,219878216,12,0,565079502,23178,12,0,0,38,2,1497,38,219878216,0,0,0,22891,78816878752,539568907802
2022-08-12,ZHZ4VK1G,0,66258144,12,0,572555446,23210,12,0,0,39,2,1498,39,66258144,0,0,0,22922,78926667632,540770343330
2022-08-13,ZHZ4VK1G,0,233503704,12,0,576695473,23225,12,0,0,39,2,1499,39,233503704,0,0,0,22938,78996275928,541600402786
2022-08-14,ZHZ4VK1G,0,218062856,12,0,584702808,23257,12,0,0,39,2,1500,39,218062856,0,0,0,22969,79106138632,543428225570
2022-08-15,ZHZ4VK1G,0,31409392,12,0,589187284,23272,12,0,0,39,2,1501,39,31409392,0,0,0,22984,79153926112,544414488466
2022-08-16,ZHZ4VK1G,0,82005352,12,0,596510082,23304,12,0,0,39,2,1502,39,82005352,0,0,0,23016,79188780440,545650934218
2022-08-17,ZHZ4VK1G,0,173316920,12,0,603752989,23335,12,0,0,39,2,1504,39,173316920,0,0,0,23047,79295745352,546123562378
2022-08-18,ZHZ4VK1G,0,4658344,12,0,607380421,23351,12,0,0,39,2,1504,39,4658344,0,0,0,23062,79338958072,547132394730
2022-08-19,ZHZ4VK1G,0,113164432,12,0,614281662,23382,12,0,0,39,2,1506,39,113164432,0,0,0,23094,79462326744,548582377002
2022-08-20,ZHZ4VK1G,0,11688008,12,0,618036971,23398,12,0,0,39,2,1506,39,11688008,0,0,0,23109,79515013960,549404776290
2022-08-21,ZHZ4VK1G,0,60279376,12,0,625972875,23429,12,0,0,39,2,1508,39,60279376,0,0,0,23140,79638233608,550794992146
2022-08-22,ZHZ4VK1G,0,46137672,12,0,630276246,23445,12,0,0,39,2,1508,39,46137672,0,0,0,23156,79695413776,551456092722
2022-08-23,ZHZ4VK1G,0,152924392,12,0,637733576,23476,12,0,0,38,2,1510,38,152924392,0,0,0,23187,79825435640,551921139114
2022-08-24,ZHZ4VK1G,0,57413000,12,0,641100131,23492,12,0,0,38,2,1510,38,57413000,0,0,0,23203,79886398320,552008805682
2022-08-25,ZHZ4VK1G,0,213064528,12,0,648487561,23523,12,0,0,39,2,1512,39,213064528,0,0,0,23234,80003888000,553267671050
2022-08-26,ZHZ4VK1G,0,19339088,12,0,652070294,23539,12,0,0,39,2,1512,39,19339088,0,0,0,23250,80067247696,553987149146
2022-08-27,ZHZ4VK1G,0,123055512,12,0,659742920,23570,12,0,0,39,2,1514,39,123055512,0,0,0,23281,80176149472,555446808730
2022-08-28,ZHZ4VK1G,0,105989528,12,0,663897190,23586,12,0,0,39,2,1514,39,105989528,0,0,0,23296,80235661808,556102652954
2022-08-29,ZHZ4VK1G,0,119841296,12,0,673501979,23617,12,0,0,39,2,1515,39,119841296,0,0,0,23328,80341835536,557475175650
2022-08-30,ZHZ4VK1G,0,120874840,12,0,680502300,23649,12,0,0,38,2,1517,38,120874840,0,0,0,23359,80469198304,557837128402
2022-08-31,ZHZ4VK1G,0,165094056,12,0,684054549,23665,12,0,0,39,2,1517,39,165094056,0,0,0,23375,80521813992,558072872562
2022-09-01,ZHZ4VK1G,0,172077936,12,0,688357110,23680,12,0,0,39,2,1518,39,172077936,0,0,0,23390,80587831808,558746260834
2022-09-02,ZHZ4VK1G,0,21272248,12,0,696013020,23712,12,0,0,38,2,1519,38,21272248,0,0,0,23422,80706145664,560186126922
2022-09-03,ZHZ4VK1G,0,146054784,12,0,699840324,23728,12,0,0,39,2,1520,39,146054784,0,0,0,23438,80769391816,560980085450
2022-09-04,ZHZ4VK1G,0,211608024,12,0,711847065,23760,12,0,0,39,2,1521,39,211608024,0,0,0,23469,80881658192,562154076530
2022-09-05,ZHZ4VK1G,0,227749440,12,0,717038123,23775,12,0,0,39,2,1522,39,227749440,0,0,0,23485,80946813464,562837484642
2022-09-06,ZHZ4VK1G,0,106556592,12,0,724495040,23807,12,0,0,38,2,1523,38,106556592,0,0,0,23516,81056601592,563827207738
2022-09-07,ZHZ4VK1G,0,32487208,12,0,727738765,23823,12,0,0,38,2,1524,38,32487208,0,0,0,23532,81126517128,563927363450
2022-09-08,ZHZ4VK1G,0,151442152,12,0,734282402,23854,12,0,0,39,2,1525,39,151442152,0,0,0,23564,81226718568,564190257586
2022-09-09,ZHZ4VK1G,0,121157536,12,0,742594973,23886,12,0,0,39,2,1527,39,121157536,0,0,0,23595,81350824312,565500711578
2022-09-10,ZHZ4VK1G,0,140411496,12,0,746682509,23902,12,0,0,39,2,1527,39,140411496,0,0,0,23611,81404909000,566198303090
2022-09-11,ZHZ4VK1G,0,79860672,12,0,751307891,23917,12,0,0,39,2,1528,39,79860672,0,0,0,23626,81483024160,566792059250
2022-09-12,ZHZ4VK1G,0,167765896,12,0,760713134,23949,12,0,0,39,2,1529,39,167765896,0,0,0,23658,81621295712,567962397186
2022-09-13,ZHZ4VK1G,0,47611344,12,0,764694941,23964,12,0,0,38,2,1530,38,47611344,0,0,0,23673,81675944104,568520017050
2022-09-14,ZHZ4VK1G,0,157887544,12,0,771317171,23996,12,0,0,38,2,1531,38,157887544,0,0,0,23705,81808541160,568741836826
2022-09-15,ZHZ4VK1G,0,241768800,12,0,778222327,24027,12,0,0,39,2,1533,39,241768800,0,0,0,23736,81919239728,569203300842
2022-09-16,ZHZ4VK1G,0,124858544,12,0,781693324,24043,12,0,0,39,2,1533,39,124858544,0,0,0,23752,81961932248,570264401986
2022-09-17,ZHZ4VK1G,0,41233288,12,0,788574783,24074,12,0,0,38,2,1535,38,41233288,0,0,0,23783,82108512280,572231463778
2022-09-18,ZHZ4VK1G,0,35303952,12,0,792090933,24090,12,0,0,38,2,1535,38,35303952,0,0,0,23799,82192911488,573117698666
2022-09-19,ZHZ4VK1G,0,60504680,12,0,799493954,24122,12,0,0,39,2,1537,39,60504680,0,0,0,23830,82334898984,574954039594
2022-09-20,ZHZ4VK1G,0,132527448,12,0,802725719,24137,12,0,0,38,2,1537,38,132527448,0,0,0,23846,82417951072,575187151138
2022-09-21,ZHZ4VK1G,0,198654928,12,0,810127533,24169,12,0,0,38,2,1539,38,198654928,0,0,0,23877,82571030240,576565044234
2022-09-22,ZHZ4VK1G,0,7216592,12,0,813854921,24184,12,0,0,39,2,1539,39,7216592,0,0,0,23892,82665172984,577256026266
2022-09-23,ZHZ4VK1G,0,204318448,12,0,822209572,24216,12,0,0,38,2,1541,38,204318448,0,0,0,23923,82808831152,578530174034
2022-09-24,ZHZ4VK1G,0,124266928,12,0,830910931,24247,12,0,0,38,2,1542,38,124266928,0,0,0,23955,82859122312,579620535170
2022-09-25,ZHZ4VK1G,0,61076304,12,0,835267214,24263,12,0,0,38,2,1542,38,61076304,0,0,0,23970,82869110120,579791497474
2022-09-26,ZHZ4VK1G,0,214426888,12,0,841409529,24295,12,0,0,38,2,1544,38,214426888,0,0,0,24002,82934625136,580123473706
2022-09-27,ZHZ4VK1G,0,124848240,12,0,844637840,24310,12,0,0,38,2,1545,38,124848240,0,0,0,24017,82953526288,580259134658
2022-09-28,ZHZ4VK1G,0,60594120,12,0,848656555,24326,12,0,0,37,2,1545,37,60594120,0,0,0,24033,82999718328,580392829130
2022-09-29,ZHZ4VK1G,0,236467848,12,0,851119689,24342,12,0,0,38,2,1546,38,236467848,0,0,0,24049,83026686904,580541734282
2022-09-30,ZHZ4VK1G,0,99963224,16,0,855149669,24383,16,0,0,37,2,1617,37,99963224,0,0,0,24074,83049024216,581359455456
2022-10-01,ZHZ4VK1G,0,96791960,16,0,861651379,24399,16,0,0,37,2,1617,37,96791960,0,0,0,24090,83052973464,584282024784
2022-10-02,ZHZ4VK1G,0,240687152,16,0,878881256,24430,16,0,0,38,2,1618,38,240687152,0,0,0,24121,83082216680,590256056530
2022-10-03,ZHZ4VK1G,0,230058720,16,0,888744458,24446,16,0,0,38,2,1619,38,230058720,0,0,0,24137,83106860512,592906332610
2022-10-04,ZHZ4VK1G,0,170163184,16,0,909888130,24477,16,0,0,38,2,1620,38,170163184,0,0,0,24169,83137036208,598431499162
2022-10-05,ZHZ4VK1G,0,213116712,16,0,920549981,24493,16,0,0,38,2,1621,38,213116712,0,0,0,24184,83149074088,601147962914
2022-10-06,ZHZ4VK1G,0,197891600,16,0,935929222,24525,16,0,0,37,2,1622,37,197891600,0,0,0,24215,83206161752,603272916890
2022-10-07,ZHZ4VK1G,0,168843816,16,0,939466802,24540,16,0,0,37,2,1623,37,168843816,0,0,0,24231,83255250840,603438920658
2022-10-08,ZHZ4VK1G,0,147939688,16,0,946336850,24572,16,0,0,36,2,1624,36,147939688,0,0,0,24262,83350689136,603810859730
2022-10-09,ZHZ4VK1G,0,184063888,16,0,954441015,24603,16,0,0,37,2,1626,37,184063888,0,0,0,24293,83430423976,604255530770
2022-10-10,ZHZ4VK1G,0,194911520,16,0,956757111,24619,16,0,0,36,2,1626,36,194911520,0,0,0,24309,83463950408,604476992610
2022-10-11,ZHZ4VK1G,0,89616136,16,0,962368237,24650,16,0,0,37,2,1628,37,89616136,0,0,0,24340,83526355096,604797573834
2022-10-12,ZHZ4VK1G,0,240308528,16,0,966093420,24666,16,0,0,37,2,1628,37,240308528,0,0,0,24356,83572202544,604902418778
2022-10-13,ZHZ4VK1G,0,148913856,16,0,971795121,24697,16,0,0,38,2,1630,38,148913856,0,0,0,24387,83650694864,605220813186
2022-10-14,ZHZ4VK1G,0,115506552,16,0,975799329,24713,16,0,0,36,2,1630,36,115506552,0,0,0,24403,83702275440,605379965962
2022-10-15,ZHZ4VK1G,0,208040888,16,0,980073614,24744,16,0,0,37,2,1632,37,208040888,0,0,0,24434,83778471256,605640445346
2022-10-16,ZHZ4VK1G,0,214174176,16,0,984339977,24760,16,0,0,37,2,1632,37,214174176,0,0,0,24450,83826778864,605842411658
2022-10-17,ZHZ4VK1G,0,116017816,16,0,989285188,24791,16,0,0,36,2,1634,36,116017816,0,0,0,24481,83899580112,606159735554
2022-10-18,ZHZ4VK1G,0,15388576,16,0,992303200,24807,16,0,0,36,2,1634,36,15388576,0,0,0,24497,83941729680,606261097378
2022-10-19,ZHZ4VK1G,0,41037176,16,0,998091927,24838,16,0,0,36,2,1636,36,41037176,0,0,0,24527,84012107160,606460509130
2022-10-20,ZHZ4VK1G,0,218309504,16,0,362731,24854,16,0,0,36,2,1636,36,218309504,0,0,0,24543,84058284928,606591603690
2022-10-21,ZHZ4VK1G,0,139462520,16,0,6951059,24885,16,0,0,36,2,1638,36,139462520,0,0,0,24574,84123084592,606936238322
2022-10-22,ZHZ4VK1G,0,81855760,16,0,9299717,24901,16,0,0,37,2,1638,37,81855760,0,0,0,24590,84162282256,607083574706
2022-10-23,ZHZ4VK1G,0,81690184,16,0,16596448,24932,16,0,0,36,2,1639,36,81690184,0,0,0,24621,84225087456,607508885202
2022-10-24,ZHZ4VK1G,0,111862584,16,0,20852137,24964,16,0,0,38,2,1641,38,111862584,0,0,0,24652,84281906416,607970520154
2022-10-25,ZHZ4VK1G,0,16908504,16,0,24180729,24979,16,0,0,36,2,1641,36,16908504,0,0,0,24668,84313343520,608088269690
2022-10-26,ZHZ4VK1G,0,92569536,16,0,30061953,25011,16,0,0,37,2,1643,37,92569536,0,0,0,24699,84376897168,608344517850
2022-10-27,ZHZ4VK1G,0,74541888,16,0,33271670,25027,16,0,0,36,2,1643,36,74541888,0,0,0,24715,84413230128,608534297874
2022-10-28,ZHZ4VK1G,0,65902928,16,0,38054979,25058,16,0,0,37,2,1645,37,65902928,0,0,0,24746,84497773496,608929397218
2022-10-29,ZHZ4VK1G,0,46674640,16,0,40596170,25074,16,0,0,36,2,1645,36,46674640,0,0,0,24762,84537986392,609114097370
2022-10-30,ZHZ4VK1G,0,194277648,16,0,44903591,25105,16,0,0,37,2,1647,37,194277648,0,0,0,24793,84618076608,609425751050
2022-10-31,ZHZ4VK1G,0,130699496,16,0,47011725,25121,16,0,0,36,2,1647,36,130699496,0,0,0,24809,84661860368,609562529810
2022-11-01,ZHZ4VK1G,0,197605600,16,0,52821814,25153,16,0,0,37,2,1649,37,197605600,0,0,0,24840,84728177616,609807259410
2022-11-02,ZHZ4VK1G,0,102571080,16,0,56354214,25168,16,0,0,36,2,1649,36,102571080,0,0,0,24856,84779650368,609904893218
2022-11-03,ZHZ4VK1G,0,128880432,16,0,59934679,25200,16,0,0,36,2,1651,36,128880432,0,0,0,24887,84853449728,610101543930
2022-11-04,ZHZ4VK1G,0,55875456,16,0,62591631,25215,16,0,0,36,2,1651,36,55875456,0,0,0,24903,84901194568,610224935394
2022-11-05,ZHZ4VK1G,0,85731472,16,0,66465357,25247,16,0,0,36,2,1653,36,85731472,0,0,0,24934,84975233208,610424893410
2022-11-06,ZHZ4VK1G,0,24077968,16,0,70737519,25263,16,0,0,37,2,1653,37,24077968,0,0,0,24950,85023771944,610558841802
2022-11-07,ZHZ4VK1G,0,130129736,16,0,76006120,25295,16,0,0,36,2,1655,36,130129736,0,0,0,24982,85101635304,610831170922
2022-11-08,ZHZ4VK1G,0,126477120,16,0,82277186,25310,16,0,0,37,2,1655,37,126477120,0,0,0,24997,85137882240,611035412082
2022-11-09,ZHZ4VK1G,0,119470704,16,0,89030077,25342,16,0,0,36,2,1657,36,119470704,0,0,0,25029,85201622680,611208805874
2022-11-10,ZHZ4VK1G,0,212660200,16,0,95980885,25374,16,0,0,37,2,1658,37,212660200,0,0,0,25060,85270908136,611476850546
2022-11-11,ZHZ4VK1G,0,113100336,16,0,98329307,25390,16,0,0,36,2,1659,36,113100336,0,0,0,25076,85303131096,611589208354
2022-11-12,ZHZ4VK1G,0,209600296,16,0,103464558,25421,16,0,0,37,2,1660,37,209600296,0,0,0,25108,85380172152,611852807890
2022-11-13,ZHZ4VK1G,0,222312792,16,0,107830338,25437,16,0,0,37,2,1661,37,222312792,0,0,0,25124,85408250288,612081582882
2022-11-14,ZHZ4VK1G,0,101223224,16,0,112470097,25469,16,0,0,37,2,1662,37,101223224,0,0,0,25155,85489055120,612367969914
2022-11-15,ZHZ4VK1G,0,3502512,16,0,115866968,25485,16,0,0,36,2,1663,36,3502512,0,0,0,25171,85524826600,612478618362
2022-11-16,ZHZ4VK1G,0,55195920,16,0,121731336,25516,16,0,0,37,2,1664,37,55195920,0,0,0,25203,85595463144,612703815858
2022-11-17,ZHZ4VK1G,0,191591416,16,0,126633466,25532,16,0,0,37,2,1665,37,191591416,0,0,0,25218,85631409024,612804265474
2022-11-18,ZHZ4VK1G,0,41839320,16,0,135305007,25564,16,0,0,38,2,1666,38,41839320,0,0,0,25250,85728852048,613045351922
2022-11-19,ZHZ4VK1G,0,181179384,16,0,138214052,25580,16,0,0,37,2,1667,37,181179384,0,0,0,25266,85775489344,613138054690
2022-11-20,ZHZ4VK1G,0,65286328,16,0,143031535,25612,16,0,0,37,2,1668,37,65286328,0,0,0,25298,85872075824,613413856730
2022-11-21,ZHZ4VK1G,0,225714280,16,0,144987919,25628,16,0,0,36,2,1669,36,225714280,0,0,0,25314,85909111984,613537248522
2022-11-22,ZHZ4VK1G,0,40690496,16,0,151427129,25660,16,0,0,37,2,1670,37,40690496,0,0,0,25346,85997645760,613751972258
2022-11-23,ZHZ4VK1G,0,178477928,16,0,154335587,25676,16,0,0,36,2,1671,36,178477928,0,0,0,25362,86040858320,613846547130
2022-11-24,ZHZ4VK1G,0,37800800,16,0,158542985,25708,16,0,0,36,2,1672,36,37800800,0,0,0,25393,86131912776,614103096890
2022-11-25,ZHZ4VK1G,0,62896152,16,0,160827174,25724,16,0,0,35,2,1673,35,62896152,0,0,0,25409,86169014208,614335231506
2022-11-26,ZHZ4VK1G,0,170548368,16,0,165844888,25756,16,0,0,37,2,1674,37,170548368,0,0,0,25441,86246163360,614609875362
2022-11-27,ZHZ4VK1G,0,96314424,16,0,170049004,25772,16,0,0,36,2,1675,36,96314424,0,0,0,25457,86280315032,614745630554
2022-11-28,ZHZ4VK1G,0,14081048,16,0,174922152,25804,16,0,0,37,2,1676,37,14081048,0,0,0,25489,86357550864,615074442738
2022-11-29,ZHZ4VK1G,0,155164448,16,0,178171383,25820,16,0,0,36,2,1677,36,155164448,0,0,0,25505,86389081384,615183995618
2022-11-30,ZHZ4VK1G,0,208053408,16,0,184253513,25852,16,0,0,37,2,1678,37,208053408,0,0,0,25537,86468007112,615402099570
2022-12-01,ZHZ4VK1G,0,128768200,16,0,186306067,25868,16,0,0,35,2,1679,35,128768200,0,0,0,25553,86509113032,615525849074
2022-12-02,ZHZ4VK1G,0,35610448,16,0,190918536,25899,16,0,0,37,2,1680,37,35610448,0,0,0,25584,86615729328,615814356298
2022-12-03,ZHZ4VK1G,0,223812496,16,0,193525122,25915,16,0,0,36,2,1681,36,223812496,0,0,0,25600,86680614392,615937673282
2022-12-04,ZHZ4VK1G,0,231483248,16,0,200901534,25947,16,0,0,37,2,1682,37,231483248,0,0,0,25632,86786690600,616327549146
2022-12-05,ZHZ4VK1G,0,230020080,16,0,204097677,25963,16,0,0,36,2,1683,36,230020080,0,0,0,25648,86837106896,616519810314
2022-12-06,ZHZ4VK1G,0,89061856,16,0,210031697,25995,16,0,0,37,2,1684,37,89061856,0,0,0,25680,86945994656,616758245738
2022-12-07,ZHZ4VK1G,0,236478800,16,0,213690920,26011,16,0,0,36,2,1685,36,236478800,0,0,0,25696,86992204208,616859453130
2022-12-08,ZHZ4VK1G,0,109307664,16,0,218074437,26043,16,0,0,36,2,1686,36,109307664,0,0,0,25727,87075635296,617137132450
2022-12-09,ZHZ4VK1G,0,25404064,16,0,220233832,26059,16,0,0,35,2,1687,35,25404064,0,0,0,25743,87121022928,617251981850
2022-12-11,ZHZ4VK1G,0,120010936,16,0,229300340,26107,16,0,0,36,2,1688,36,120010936,0,0,0,25791,87241628600,617714264386
2022-12-11,ZHZ4VK1G,0,120010936,16,0,229300340,26107,16,0,0,36,2,1688,36,120010936,0,0,0,25791,87241628600,617714264386
2022-12-12,ZHZ4VK1G,0,14659552,16,0,234606353,26139,16,0,0,37,2,1690,37,14659552,0,0,0,25823,87321402864,618017420114
2022-12-13,ZHZ4VK1G,0,182189128,16,0,237973088,26155,16,0,0,36,2,1690,36,182189128,0,0,0,25839,87360134768,618146217786
2022-12-14,ZHZ4VK1G,0,208914616,16,0,244372190,26187,16,0,0,36,2,1692,36,208914616,0,0,0,25871,87442058736,618335159970
2022-12-15,ZHZ4VK1G,0,133525344,16,0,246648290,26203,16,0,0,34,2,1692,34,133525344,0,0,0,25887,87476664488,618469305578
2022-12-16,ZHZ4VK1G,0,194089208,16,0,250342416,26235,16,0,0,34,2,1694,34,194089208,0,0,0,25918,87520011824,618730662890
2022-12-17,ZHZ4VK1G,0,134868656,16,0,252291294,26251,16,0,0,36,2,1694,36,134868656,0,0,0,25934,87538114056,618897480738
2022-12-18,ZHZ4VK1G,0,133639592,16,0,260541119,26283,16,0,0,36,2,1696,36,133639592,0,0,0,25966,87636096112,619286551066
2022-12-19,ZHZ4VK1G,0,170855288,16,0,263259628,26299,16,0,0,36,2,1696,36,170855288,0,0,0,25982,87699121008,619504882498
2022-12-20,ZHZ4VK1G,0,18261032,16,0,269471469,26331,16,0,0,36,2,1698,36,18261032,0,0,0,26014,87808279352,619731412322
2022-12-21,ZHZ4VK1G,0,146241672,16,0,273130452,26347,16,0,0,36,2,1698,36,146241672,0,0,0,26030,87854934344,619812737970
2022-12-22,ZHZ4VK1G,0,24480512,16,0,277629285,26379,16,0,0,37,2,1700,37,24480512,0,0,0,26062,87936114744,620098077826
2022-12-23,ZHZ4VK1G,0,221014816,16,0,280565340,26394,16,0,0,36,2,1700,36,221014816,0,0,0,26078,87995745632,620234981242
2022-12-24,ZHZ4VK1G,0,23087816,16,0,285543291,26426,16,0,0,36,2,1702,36,23087816,0,0,0,26109,88105428376,620659793506
2022-12-25,ZHZ4VK1G,0,36622312,16,0,289606673,26442,16,0,0,36,2,1702,36,36622312,0,0,0,26125,88164632288,620858264802
2022-12-26,ZHZ4VK1G,0,225995784,16,0,296801580,26474,16,0,0,36,2,1704,36,225995784,0,0,0,26157,88242498088,621213913234
2022-12-27,ZHZ4VK1G,0,166812584,16,0,300161414,26490,16,0,0,36,2,1704,36,166812584,0,0,0,26173,88298266064,621343102770
2022-12-28,ZHZ4VK1G,0,222235544,16,0,307076825,26522,16,0,0,36,2,1706,36,222235544,0,0,0,26204,88386980376,621553952050
2022-12-29,ZHZ4VK1G,0,193759856,16,0,309712777,26538,16,0,0,36,2,1706,36,193759856,0,0,0,26220,88424208064,621732389306
2022-12-30,ZHZ4VK1G,0,146910104,16,0,314924817,26570,16,0,0,36,2,1708,36,146910104,0,0,0,26252,88535481480,622062547922
2022-12-31,ZHZ4VK1G,0,162376112,16,0,317663288,26586,16,0,0,36,2,1708,36,162376112,0,0,0,26268,88593246824,622264389218
