2022-01-01,ZHZ5TNHJ,0,176859216,4,0,177040674,15191,3,0,0,25,0,754,25,176859216,0,0,0,15081,69784537312,218967410632
2022-01-02,ZHZ5TNHJ,0,32665912,4,0,181707612,15222,3,0,0,26,0,755,26,32665912,0,0,0,15112,69892580576,219203455600
2022-01-03,ZHZ5TNHJ,0,212008032,4,0,187734873,15238,3,0,0,26,0,756,26,212008032,0,0,0,15127,69948514184,219326864112
2022-01-04,ZHZ5TNHJ,0,25510912,4,0,192944787,15269,3,0,0,26,0,757,26,25510912,0,0,0,15158,70071569648,219505593048
2022-01-05,ZHZ5TNHJ,0,215797880,4,0,195102050,15284,3,0,0,26,0,758,26,215797880,0,0,0,15174,70123053848,219644395816
2022-01-06,ZHZ5TNHJ,0,72742992,4,0,198952657,15315,3,0,0,26,0,759,26,72742992,0,0,0,15205,70236732640,219875943952
2022-01-07,ZHZ5TNHJ,0,3047456,4,0,201008640,15331,3,0,0,26,0,760,26,3047456,0,0,0,15220,70292791240,219994330472
2022-01-08,ZHZ5TNHJ,0,208712320,4,0,207763097,15362,3,0,0,27,0,761,27,208712320,0,0,0,15251,70400022456,220336904992
2022-01-09,ZHZ5TNHJ,0,163743768,4,0,210096472,15377,3,0,0,25,0,762,25,163743768,0,0,0,15266,70471071456,220465028280
2022-01-10,ZHZ5TNHJ,0,7496752,4,0,216624102,15409,3,0,0,26,0,763,26,7496752,0,0,0,15297,70578898576,220689235536
2022-01-11,ZHZ5TNHJ,0,110326888,4,0,220781220,15440,3,0,0,25,0,764,25,110326888,0,0,0,15329,70691190560,220923914544
2022-01-12,ZHZ5TNHJ,0,31618840,4,0,222449114,15455,3,0,0,26,0,765,26,31618840,0,0,0,15344,70725607272,221054930504
2022-01-13,ZHZ5TNHJ,0,211773608,4,0,224636756,15471,3,0,0,25,0,766,25,211773608,0,0,0,15359,70786586664,221174105880
2022-01-14,ZHZ5TNHJ,0,25861128,4,0,228169009,15502,3,0,0,26,0,767,26,25861128,0,0,0,15390,70870772560,221392289000
2022-01-15,ZHZ5TNHJ,0,23250792,4,0,232954978,15518,3,0,0,26,0,768,26,23250792,0,0,0,15406,70924464152,221580127704
2022-01-16,ZHZ5TNHJ,0,104050432,4,0,236879294,15549,3,0,0,26,0,769,26,104050432,0,0,0,15437,71010333416,221819198840
2022-01-17,ZHZ5TNHJ,0,144097600,4,0,243123846,15580,3,0,0,26,0,770,26,144097600,0,0,0,15468,71097505280,222016215024
2022-01-18,ZHZ5TNHJ,0,35563048,4,0,244901728,15596,3,0,0,25,0,771,25,35563048,0,0,0,15484,71144046800,222105279784
2022-01-19,ZHZ5TNHJ,0,150451800,4,0,248485307,15627,3,0,0,26,0,772,26,150451800,0,0,0,15515,71230267912,222378088104
2022-01-20,ZHZ5TNHJ,0,124856392,4,0,250551360,15643,3,0,0,26,0,773,26,124856392,0,0,0,15531,71279058128,222547843200
2022-01-21,ZHZ5TNHJ,0,45286056,4,0,255603383,15674,3,0,0,27,0,774,27,45286056,0,0,0,15562,71373387008,222862225848
2022-01-22,ZHZ5TNHJ,0,3313776,4,0,259622395,15690,3,0,0,26,0,775,26,3313776,0,0,0,15577,71423056920,223014724312
2022-01-23,ZHZ5TNHJ,0,139529472,4,0,263960119,15721,3,0,0,27,0,776,27,139529472,0,0,0,15608,71522349040,223295788656
2022-01-24,ZHZ5TNHJ,0,18907896,4,0,271042886,15752,3,0,0,26,0,777,26,18907896,0,0,0,15639,71652586328,223533211712
2022-01-25,ZHZ5TNHJ,0,189201184,4,0,272902849,15768,3,0,0,26,0,778,26,189201184,0,0,0,15655,71691987728,223664103600
2022-01-26,ZHZ5TNHJ,0,117814232,4,0,275008846,15783,3,0,0,26,0,779,26,117814232,0,0,0,15670,71740765968,223788079240
2022-01-27,ZHZ5TNHJ,0,30278680,4,0,279128197,15814,3,0,0,26,0,780,26,30278680,0,0,0,15701,71850248112,224079343344
2022-01-28,ZHZ5TNHJ,0,219704424,4,0,281288083,15830,3,0,0,26,0,781,26,219704424,0,0,0,15717,71904132672,224214884528
2022-01-29,ZHZ5TNHJ,0,216642632,4,0,288420071,15861,3,0,0,26,0,782,26,216642632,0,0,0,15748,72020851304,224583385600
2022-01-30,ZHZ5TNHJ,0,198917112,4,0,290786387,15877,3,0,0,27,0,783,27,198917112,0,0,0,15763,72069652088,224761000120
2022-01-31,ZHZ5TNHJ,0,93451696,4,0,296686585,15908,3,0,0,27,0,784,27,93451696,0,0,0,15794,72174615656,225038852544
2022-02-01,ZHZ5TNHJ,0,19794224,4,0,301921101,15939,3,0,0,28,0,785,28,19794224,0,0,0,15825,72293704576,225334387512
2022-02-02,ZHZ5TNHJ,0,234414776,4,0,304183720,15955,3,0,0,27,0,786,27,234414776,0,0,0,15841,72350519872,225492192768
2022-02-03,ZHZ5TNHJ,0,125599000,4,0,308180012,15986,3,0,0,27,0,787,27,125599000,0,0,0,15872,72433062864,225789115688
2022-02-04,ZHZ5TNHJ,0,80947504,4,0,310467584,16001,3,0,0,27,0,788,27,80947504,0,0,0,15887,72491259960,225930407856
2022-02-05,ZHZ5TNHJ,0,22012408,4,0,317671270,16033,3,0,0,26,0,789,26,22012408,0,0,0,15918,72576573752,226274440736
2022-02-06,ZHZ5TNHJ,0,9741088,4,0,320420642,16048,3,0,0,26,0,790,26,9741088,0,0,0,15934,72635010960,226447872968
2022-02-07,ZHZ5TNHJ,0,160924224,4,0,327301671,16079,3,0,0,26,0,791,26,160924224,0,0,0,15965,72736553592,226741654104
2022-02-08,ZHZ5TNHJ,0,186676096,4,0,332180307,16095,3,0,0,27,0,792,27,186676096,0,0,0,15980,72790890480,226957209720
2022-02-09,ZHZ5TNHJ,0,103204824,4,0,339121668,16127,3,0,0,27,0,793,27,103204824,0,0,0,16012,72872931248,227279979048
2022-02-10,ZHZ5TNHJ,0,124687584,4,0,346862886,16158,3,0,0,27,0,795,27,124687584,0,0,0,16043,72997892528,228153064608
2022-02-11,ZHZ5TNHJ,0,164253544,4,0,349140455,16174,3,0,0,27,0,795,27,164253544,0,0,0,16059,73040541696,228638262944
2022-02-12,ZHZ5TNHJ,0,57722008,4,0,356168649,16205,3,0,0,27,0,797,27,57722008,0,0,0,16090,73101166080,229691812800
2022-02-13,ZHZ5TNHJ,0,171512136,4,0,358177892,16220,3,0,0,27,0,797,27,171512136,0,0,0,16105,73132693856,230262358392
2022-02-14,ZHZ5TNHJ,0,243650528,4,0,364497802,16251,3,0,0,27,0,799,27,243650528,0,0,0,16136,73190479192,230764993104
2022-02-15,ZHZ5TNHJ,0,167876432,4,0,366704119,16267,3,0,0,27,0,799,27,167876432,0,0,0,16152,73222300256,231389821088
2022-02-16,ZHZ5TNHJ,0,224097368,4,0,370588482,16298,3,0,0,27,0,800,27,224097368,0,0,0,16182,73297898736,232347016248
2022-02-17,ZHZ5TNHJ,0,93668544,4,0,372878862,16314,3,0,0,27,0,801,27,93668544,0,0,0,16198,73329574016,232917334296
2022-02-18,ZHZ5TNHJ,0,2292088,4,0,377580710,16345,3,0,0,27,0,802,27,2292088,0,0,0,16229,73382304024,233749792008
2022-02-19,ZHZ5TNHJ,0,86344504,4,0,384200908,16376,3,0,0,28,0,804,28,86344504,0,0,0,16260,73454336672,235959078600
2022-02-20,ZHZ5TNHJ,0,243344432,4,0,387230546,16391,3,0,0,27,0,804,27,243344432,0,0,0,16276,73475811048,237071176096
2022-02-21,ZHZ5TNHJ,0,51650712,4,0,392085214,16422,3,0,0,27,0,806,27,51650712,0,0,0,16306,73522644168,237565071392
2022-02-22,ZHZ5TNHJ,0,149916728,4,0,394915839,16438,3,0,0,27,0,806,27,149916728,0,0,0,16322,73552728224,237633253352
2022-02-23,ZHZ5TNHJ,0,96953040,4,0,401203480,16469,3,0,0,27,0,808,27,96953040,0,0,0,16353,73613549880,239472595144
2022-02-24,ZHZ5TNHJ,0,211036976,4,0,404558833,16485,3,0,0,28,0,808,28,211036976,0,0,0,16368,73641874752,240534917872
2022-02-25,ZHZ5TNHJ,0,148873352,4,0,408269707,16500,3,0,0,28,0,809,28,148873352,0,0,0,16384,73674838440,241416353440
2022-02-26,ZHZ5TNHJ,0,226320544,4,0,417056159,16531,3,0,0,28,0,810,28,226320544,0,0,0,16415,73728612048,243149012640
2022-02-27,ZHZ5TNHJ,0,204626264,4,0,426197708,16562,3,0,0,27,0,812,27,204626264,0,0,0,16446,73788089072,244776826872
2022-02-28,ZHZ5TNHJ,0,211874904,4,0,428476162,16578,3,0,0,27,0,812,27,211874904,0,0,0,16461,73829031352,244987274000
2022-03-01,ZHZ5TNHJ,0,196096048,4,0,434430499,16609,3,0,0,27,0,814,27,196096048,0,0,0,16492,73905309912,245139357312
2022-03-02,ZHZ5TNHJ,0,155748952,4,0,438001175,16625,3,0,0,28,0,814,28,155748952,0,0,0,16508,73951206512,245785535848
2022-03-03,ZHZ5TNHJ,0,197154016,4,0,445808170,16656,3,0,0,27,0,815,27,197154016,0,0,0,16539,73999056336,247243935688
2022-03-04,ZHZ5TNHJ,0,102648448,4,0,449591005,16671,3,0,0,28,0,816,28,102648448,0,0,0,16554,74015660824,248353529784
2022-03-05,ZHZ5TNHJ,0,117617848,4,0,459162065,16702,3,0,0,28,0,817,28,117617848,0,0,0,16585,74052775160,250284510712
2022-03-06,ZHZ5TNHJ,0,125693760,4,0,464048293,16718,3,0,0,27,0,818,27,125693760,0,0,0,16601,74067511472,251254413136
2022-03-07,ZHZ5TNHJ,0,147393768,4,0,470354735,16749,3,0,0,26,0,819,26,147393768,0,0,0,16632,74098259680,252466068360
2022-03-08,ZHZ5TNHJ,0,15305544,4,0,475808391,16780,3,0,0,27,0,821,27,15305544,0,0,0,16663,74125170416,252795350856
2022-03-09,ZHZ5TNHJ,0,241637200,4,0,478571367,16795,3,0,0,27,0,821,27,241637200,0,0,0,16678,74139722432,254227834192
2022-03-10,ZHZ5TNHJ,0,199493944,4,0,484546174,16826,3,0,0,27,0,823,27,199493944,0,0,0,16709,74169175792,256841787856
2022-03-11,ZHZ5TNHJ,0,171215928,4,0,487742108,16842,3,0,0,27,0,823,27,171215928,0,0,0,16724,74191759392,258011629952
2022-03-12,ZHZ5TNHJ,0,176562144,4,0,496101270,16873,3,0,0,28,0,825,28,176562144,0,0,0,16755,74226472224,260423674984
2022-03-13,ZHZ5TNHJ,0,144702392,4,0,500161675,16888,3,0,0,27,0,825,27,144702392,0,0,0,16771,74246334992,261592657656
2022-03-14,ZHZ5TNHJ,0,244015960,4,0,505055383,16919,3,0,0,26,0,827,26,244015960,0,0,0,16802,74276198544,262638670840
2022-03-15,ZHZ5TNHJ,0,86303984,4,0,508050748,16935,3,0,0,26,0,827,26,86303984,0,0,0,16817,74296421192,262704876848
2022-03-16,ZHZ5TNHJ,0,88068584,4,0,514049478,16966,3,0,0,27,0,828,27,88068584,0,0,0,16848,74329424048,264382626472
2022-03-17,ZHZ5TNHJ,0,230338960,4,0,517493332,16982,3,0,0,27,0,829,27,230338960,0,0,0,16863,74344437312,265486446568
2022-03-18,ZHZ5TNHJ,0,162026176,4,0,525933008,17013,3,0,0,27,0,830,27,162026176,0,0,0,16895,74370115216,267833863200
2022-03-19,ZHZ5TNHJ,0,24842632,4,0,530705980,17029,3,0,0,28,0,831,28,24842632,0,0,0,16910,74389565936,268897933088
2022-03-20,ZHZ5TNHJ,0,229384568,4,0,541887241,17060,3,0,0,27,0,832,27,229384568,0,0,0,16941,74440109392,271005057272
2022-03-21,ZHZ5TNHJ,0,100363088,4,0,547119639,17092,3,0,0,27,0,834,27,100363088,0,0,0,16973,74492490008,271556079736
2022-03-22,ZHZ5TNHJ,0,191866440,4,0,550113872,17108,3,0,0,27,0,834,27,191866440,0,0,0,16988,74508842656,271631230440
2022-03-23,ZHZ5TNHJ,0,2107920,4,0,557271348,17139,3,0,0,27,0,836,27,2107920,0,0,0,17019,74546348624,273601235280
2022-03-24,ZHZ5TNHJ,0,39368792,4,0,561157789,17155,3,0,0,27,0,836,27,39368792,0,0,0,17035,74561602808,274599805008
2022-03-25,ZHZ5TNHJ,0,121667696,4,0,569086109,17186,3,0,0,28,0,838,28,121667696,0,0,0,17066,74598608120,276598224344
2022-03-26,ZHZ5TNHJ,0,105836184,4,0,573513758,17201,3,0,0,27,0,838,27,105836184,0,0,0,17081,74620797248,277780910952
2022-03-27,ZHZ5TNHJ,0,34525472,4,0,582142000,17232,3,0,0,27,0,840,27,34525472,0,0,0,17112,74683107976,280821189672
2022-03-28,ZHZ5TNHJ,0,72836512,4,0,584440651,17248,3,0,0,26,0,840,26,72836512,0,0,0,17128,74709809744,281321080440
2022-03-29,ZHZ5TNHJ,0,30813688,4,0,589634345,17279,3,0,0,27,0,841,27,30813688,0,0,0,17159,74747496352,281485511872
2022-03-30,ZHZ5TNHJ,0,165813880,4,0,592353363,17295,3,0,0,27,0,842,27,165813880,0,0,0,17175,74765922256,282578649152
2022-03-31,ZHZ5TNHJ,0,94447368,4,0,597511870,17326,3,0,0,27,0,843,27,94447368,0,0,0,17206,74815034160,284411300664
2022-04-01,ZHZ5TNHJ,0,100484000,4,0,600274085,17341,3,0,0,27,0,844,27,100484000,0,0,0,17221,74844795976,285364141576
2022-04-02,ZHZ5TNHJ,0,135356960,4,0,607956372,17372,3,0,0,27,0,845,27,135356960,0,0,0,17252,74911943816,287529135760
2022-04-03,ZHZ5TNHJ,0,141636912,4,0,616540897,17403,3,0,0,27,0,847,27,141636912,0,0,0,17283,74961215632,289683412968
2022-04-04,ZHZ5TNHJ,0,87776920,4,0,618716350,17419,3,0,0,26,0,847,26,87776920,0,0,0,17298,74993476360,289841432896
2022-04-05,ZHZ5TNHJ,0,61945720,4,0,624973024,17450,3,0,0,26,0,849,26,61945720,0,0,0,17329,75059254264,289993964424
2022-04-06,ZHZ5TNHJ,0,93221544,4,0,628532762,17466,3,0,0,27,0,849,27,93221544,0,0,0,17345,75096538960,290720378072
2022-04-07,ZHZ5TNHJ,0,48963496,4,0,639587350,17497,3,0,0,27,0,851,27,48963496,0,0,0,17376,75160367288,292321276712
2022-04-08,ZHZ5TNHJ,0,189633176,4,0,643357956,17513,3,0,0,28,0,851,28,189633176,0,0,0,17392,75213889944,293140845856
2022-04-09,ZHZ5TNHJ,0,78123104,4,0,652901756,17544,3,0,0,27,0,853,27,78123104,0,0,0,17423,75270044248,294926307968
2022-04-10,ZHZ5TNHJ,0,192098896,4,0,658558989,17560,3,0,0,27,0,853,27,192098896,0,0,0,17438,75313342872,295729407296
2022-04-11,ZHZ5TNHJ,0,70397112,4,0,664536288,17591,3,0,0,26,0,854,26,70397112,0,0,0,17470,75375352936,296522258480
2022-04-12,ZHZ5TNHJ,0,178939232,4,0,667381549,17607,3,0,0,26,0,855,26,178939232,0,0,0,17485,75413190992,296592962544
2022-04-13,ZHZ5TNHJ,0,114390360,4,0,673233651,17638,3,0,0,27,0,856,27,114390360,0,0,0,17516,75468920616,297449247064
2022-04-14,ZHZ5TNHJ,0,119871952,4,0,677045077,17653,3,0,0,27,0,857,27,119871952,0,0,0,17532,75507790544,298392421528
2022-04-15,ZHZ5TNHJ,0,206361000,4,0,684760070,17684,3,0,0,27,0,858,27,206361000,0,0,0,17562,75579804992,300115882096
2022-04-16,ZHZ5TNHJ,0,167770992,4,0,689275186,17700,3,0,0,28,0,859,28,167770992,0,0,0,17578,75615869064,301017791400
2022-04-17,ZHZ5TNHJ,0,226193176,4,0,698827396,17732,3,0,0,27,0,860,27,226193176,0,0,0,17609,75691668048,303197681848
2022-04-18,ZHZ5TNHJ,0,52295368,4,0,704286508,17763,3,0,0,27,0,862,27,52295368,0,0,0,17641,75781838816,304154320200
2022-04-19,ZHZ5TNHJ,0,167621920,4,0,707597878,17779,3,0,0,28,0,862,28,167621920,0,0,0,17657,75816570504,304234915064
2022-04-20,ZHZ5TNHJ,0,161527216,4,0,713625390,17810,3,0,0,27,0,864,27,161527216,0,0,0,17688,75896403248,305857979008
2022-04-21,ZHZ5TNHJ,0,133478400,4,0,716911872,17826,3,0,0,27,0,864,27,133478400,0,0,0,17703,75925551888,307021485136
2022-04-22,ZHZ5TNHJ,0,30395272,4,0,722855195,17857,3,0,0,28,0,866,28,30395272,0,0,0,17734,75992484256,309048740000
2022-04-23,ZHZ5TNHJ,0,123027968,4,0,726683998,17872,3,0,0,29,0,866,29,123027968,0,0,0,17750,76018293800,310092131216
2022-04-24,ZHZ5TNHJ,0,29128848,4,0,735153860,17904,3,0,0,28,0,867,28,29128848,0,0,0,17781,76067761872,312146033984
2022-04-25,ZHZ5TNHJ,0,180177872,4,0,737721090,17919,3,0,0,26,0,868,26,180177872,0,0,0,17796,76094299408,312514686168
2022-04-26,ZHZ5TNHJ,0,97489192,4,0,743200603,17950,3,0,0,27,0,869,27,97489192,0,0,0,17827,76139728408,312630709352
2022-04-27,ZHZ5TNHJ,0,139856928,4,0,746211076,17966,3,0,0,28,0,870,28,139856928,0,0,0,17842,76167329656,313377905104
2022-04-28,ZHZ5TNHJ,0,165610128,4,0,753156858,17997,3,0,0,29,0,871,29,165610128,0,0,0,17874,76225352920,315298761016
2022-04-29,ZHZ5TNHJ,0,162834456,4,0,756945440,18013,3,0,0,29,0,872,29,162834456,0,0,0,17890,76257482600,316240418680
2022-04-30,ZHZ5TNHJ,0,149086256,4,0,766130203,18045,3,0,0,29,0,873,29,149086256,0,0,0,17921,76308129376,318129150408
2022-05-01,ZHZ5TNHJ,0,160036896,4,0,771581600,18060,3,0,0,28,0,874,28,160036896,0,0,0,17936,76347860256,319076933216
2022-05-02,ZHZ5TNHJ,0,199200552,4,0,778914464,18091,3,0,0,27,0,875,27,199200552,0,0,0,17967,76403524184,320281137984
2022-05-03,ZHZ5TNHJ,0,23736592,4,0,784992784,18123,3,0,0,27,0,877,27,23736592,0,0,0,17998,76455154992,320542324640
2022-05-04,ZHZ5TNHJ,0,182362456,4,0,788654037,18138,3,0,0,27,0,877,27,182362456,0,0,0,18014,76480063520,321408465176
2022-05-05,ZHZ5TNHJ,0,209741432,4,0,795641452,18169,3,0,0,28,0,879,28,209741432,0,0,0,18044,76546846520,323078047800
2022-05-06,ZHZ5TNHJ,0,148528648,4,0,799454093,18185,3,0,0,27,0,879,27,148528648,0,0,0,18060,76583125752,323957118912
2022-05-07,ZHZ5TNHJ,0,226886248,4,0,809121663,18216,3,0,0,28,0,881,28,226886248,0,0,0,18091,76654006736,325917721376
2022-05-08,ZHZ5TNHJ,0,63946280,4,0,814018481,18231,3,0,0,27,0,881,27,63946280,0,0,0,18107,76694573696,326690777576
2022-05-09,ZHZ5TNHJ,0,15474072,4,0,819002771,18263,3,0,0,27,0,883,27,15474072,0,0,0,18138,76752839784,327560602272
2022-05-10,ZHZ5TNHJ,0,93542256,4,0,821896233,18278,3,0,0,27,0,883,27,93542256,0,0,0,18153,76783300584,327608209656
2022-05-11,ZHZ5TNHJ,0,122528288,4,0,827323928,18309,3,0,0,27,0,885,27,122528288,0,0,0,18184,76843050864,328798158072
2022-05-12,ZHZ5TNHJ,0,80064664,4,0,833440713,18341,3,0,0,27,0,886,27,80064664,0,0,0,18215,76917563368,331122591168
2022-05-13,ZHZ5TNHJ,0,417752,4,0,836456372,18356,3,0,0,27,0,886,27,417752,0,0,0,18230,76946368704,332234844960
2022-05-14,ZHZ5TNHJ,0,193875952,4,0,844488339,18387,3,0,0,27,0,888,27,193875952,0,0,0,18261,77004634904,334323163400
2022-05-15,ZHZ5TNHJ,0,17560224,4,0,848666648,18403,3,0,0,27,0,888,27,17560224,0,0,0,18277,77047462824,335324725848
2022-05-16,ZHZ5TNHJ,0,90370072,4,0,853766410,18434,3,0,0,27,0,890,27,90370072,0,0,0,18308,77112093336,336065335808
2022-05-17,ZHZ5TNHJ,0,187103760,4,0,856728954,18450,3,0,0,26,0,890,26,187103760,0,0,0,18323,77159039784,336115123048
2022-05-18,ZHZ5TNHJ,0,47358080,4,0,863207793,18481,3,0,0,29,0,892,29,47358080,0,0,0,18354,77238453200,337116667896
2022-05-19,ZHZ5TNHJ,0,21128168,4,0,866642908,18496,3,0,0,28,0,892,28,21128168,0,0,0,18370,77274637984,338030816504
2022-05-20,ZHZ5TNHJ,0,81316232,4,0,873563180,18528,3,0,0,29,0,894,29,81316232,0,0,0,18401,77331128552,339987640024
2022-05-21,ZHZ5TNHJ,0,110941144,4,0,878674639,18543,3,0,0,27,0,894,27,110941144,0,0,0,18416,77362797896,340962158792
2022-05-22,ZHZ5TNHJ,0,30331440,4,0,888767973,18574,3,0,0,28,0,896,28,30331440,0,0,0,18447,77420274320,343021340216
2022-05-23,ZHZ5TNHJ,0,1761480,4,0,891688628,18590,3,0,0,26,0,896,26,1761480,0,0,0,18463,77442361848,343458964248
2022-05-24,ZHZ5TNHJ,0,36558496,4,0,897616371,18621,3,0,0,28,0,898,28,36558496,0,0,0,18494,77561183120,343619080672
2022-05-25,ZHZ5TNHJ,0,157711056,4,0,901215585,18637,3,0,0,27,0,898,27,157711056,0,0,0,18509,77598746800,344190951064
2022-05-26,ZHZ5TNHJ,0,208051672,4,0,909426154,18668,3,0,0,27,0,899,27,208051672,0,0,0,18541,77666066120,345882958560
2022-05-27,ZHZ5TNHJ,0,42483552,4,0,917534880,18699,3,0,0,28,0,901,28,42483552,0,0,0,18572,77728529328,347608053176
2022-05-28,ZHZ5TNHJ,0,83466840,4,0,922940643,18715,3,0,0,29,0,901,29,83466840,0,0,0,18587,77758110144,348596018512
2022-05-29,ZHZ5TNHJ,0,107328104,4,0,933253678,18746,3,0,0,29,0,903,29,107328104,0,0,0,18618,77822283032,350508832808
2022-05-30,ZHZ5TNHJ,0,103111376,4,0,935567993,18762,3,0,0,27,0,903,27,103111376,0,0,0,18634,77849990112,350721049712
2022-05-31,ZHZ5TNHJ,0,15319752,4,0,941112429,18793,3,0,0,28,0,905,28,15319752,0,0,0,18665,77900840864,350826547968
2022-06-01,ZHZ5TNHJ,0,59168032,4,0,944967213,18808,3,0,0,28,0,905,28,59168032,0,0,0,18680,77928988192,351574671296
2022-06-02,ZHZ5TNHJ,0,160775992,4,0,950781715,18839,3,0,0,28,0,907,28,160775992,0,0,0,18711,78010561376,353791973912
2022-06-03,ZHZ5TNHJ,0,220362992,4,0,953876435,18855,3,0,0,27,0,907,27,220362992,0,0,0,18727,78043968360,355038862400
2022-06-04,ZHZ5TNHJ,0,6970352,4,0,961868661,18886,3,0,0,31,0,909,31,6970352,0,0,0,18758,78101804496,357453191120
2022-06-05,ZHZ5TNHJ,0,10579424,4,0,969325663,18918,3,0,0,30,0,910,30,10579424,0,0,0,18789,78166546256,359345184280
2022-06-06,ZHZ5TNHJ,0,107969952,4,0,971435637,18933,3,0,0,28,0,911,28,107969952,0,0,0,18804,78197814592,359411306472
2022-06-07,ZHZ5TNHJ,0,75837600,4,0,977941394,18965,3,0,0,29,0,912,29,75837600,0,0,0,18835,78269045560,359552084712
2022-06-08,ZHZ5TNHJ,0,140061512,4,0,980986042,18980,3,0,0,30,0,913,30,140061512,0,0,0,18851,78300585376,360317194328
2022-06-09,ZHZ5TNHJ,0,95706584,4,0,984531804,18996,3,0,0,31,0,913,31,95706584,0,0,0,18866,78333355016,361216637848
2022-06-10,ZHZ5TNHJ,0,225600816,4,0,991353349,19027,3,0,0,31,0,914,31,225600816,0,0,0,18897,78400174744,363232839064
2022-06-11,ZHZ5TNHJ,0,207754016,4,0,764428,19058,3,0,0,27,0,916,27,207754016,0,0,0,18928,78472818400,365095474992
2022-06-12,ZHZ5TNHJ,0,213645256,4,0,5359489,19074,3,0,0,31,0,916,31,213645256,0,0,0,18944,78515121616,365791485008
2022-06-13,ZHZ5TNHJ,0,95166384,4,0,11381488,19105,3,0,0,27,0,918,27,95166384,0,0,0,18974,78572353632,366592338776
2022-06-14,ZHZ5TNHJ,0,191321352,4,0,14651847,19121,3,0,0,25,0,918,25,191321352,0,0,0,18990,78610983584,366649863792
2022-06-15,ZHZ5TNHJ,0,40745312,4,0,21745224,19152,3,0,0,31,0,920,31,40745312,0,0,0,19021,78691627216,367639347832
2022-06-16,ZHZ5TNHJ,0,89738896,4,0,25710192,19167,3,0,0,30,0,920,30,89738896,0,0,0,19037,78738666728,368373725256
2022-06-17,ZHZ5TNHJ,0,194505920,4,0,34080885,19199,3,0,0,29,0,922,29,194505920,0,0,0,19068,78814137920,369867865736
2022-06-18,ZHZ5TNHJ,0,93908768,4,0,38247135,19214,3,0,0,27,0,922,27,93908768,0,0,0,19083,78862784088,370695185376
2022-06-19,ZHZ5TNHJ,0,93908768,4,0,38247135,19214,3,0,0,27,0,922,27,93908768,0,0,0,19083,78862784088,370695185376
2022-06-20,ZHZ5TNHJ,0,93908768,4,0,38247135,19214,3,0,0,27,0,922,27,93908768,0,0,0,19083,78862784088,370695185376
2022-06-21,ZHZ5TNHJ,0,93908768,4,0,38247135,19214,3,0,0,27,0,922,27,93908768,0,0,0,19083,78862784088,370695185376
2022-06-22,ZHZ5TNHJ,0,93908768,4,0,38247135,19214,3,0,0,27,0,922,27,93908768,0,0,0,19083,78862784088,370695185376
2022-06-23,ZHZ5TNHJ,0,93908768,4,0,38247135,19214,3,0,0,27,0,922,27,93908768,0,0,0,19083,78862784088,370695185376
2022-06-24,ZHZ5TNHJ,0,93908768,4,0,38247135,19214,3,0,0,27,0,922,27,93908768,0,0,0,19083,78862784088,370695185376
2022-06-25,ZHZ5TNHJ,0,29531632,5,0,78221590,19380,4,0,0,26,1,951,26,29531632,0,0,0,19242,79271550984,377057983934
2022-06-26,ZHZ5TNHJ,0,70608840,5,0,82934996,19407,4,0,0,25,1,952,25,70608840,0,0,0,19270,79333112488,378258216304
2022-06-27,ZHZ5TNHJ,0,91309264,5,0,88240361,19438,4,0,0,25,1,954,25,91309264,0,0,0,19301,79411049792,379421683208
2022-06-28,ZHZ5TNHJ,0,189771264,5,0,91663502,19454,4,0,0,25,1,954,25,189771264,0,0,0,19316,79452895648,379478299352
2022-06-29,ZHZ5TNHJ,0,82798008,5,0,98102323,19485,4,0,0,27,1,956,27,82798008,0,0,0,19348,79551165888,380493759656
2022-06-30,ZHZ5TNHJ,0,83497520,5,0,104684826,19517,4,0,0,27,1,957,27,83497520,0,0,0,19379,79627656328,382615253544
2022-07-01,ZHZ5TNHJ,0,56082264,5,0,107464772,19532,4,0,0,28,1,958,28,56082264,0,0,0,19394,79663772616,383528284656
2022-07-02,ZHZ5TNHJ,0,132367640,5,0,115675062,19563,4,0,0,27,1,959,27,132367640,0,0,0,19425,79745256752,385476212568
2022-07-03,ZHZ5TNHJ,0,94648912,5,0,120339638,19579,4,0,0,26,1,959,26,94648912,0,0,0,19441,79795380488,386364933608
2022-07-04,ZHZ5TNHJ,0,208627816,5,0,126690219,19610,4,0,0,26,1,961,26,208627816,0,0,0,19472,79900750528,387105964952
2022-07-05,ZHZ5TNHJ,0,73764552,5,0,130246361,19626,4,0,0,27,1,961,27,73764552,0,0,0,19488,79944420912,387171571936
2022-07-06,ZHZ5TNHJ,0,42046136,5,0,136834915,19657,4,0,0,28,1,963,28,42046136,0,0,0,19519,80027036784,388033800952
2022-07-07,ZHZ5TNHJ,0,193227376,5,0,140460485,19673,4,0,0,29,1,963,29,193227376,0,0,0,19534,80075880904,388868560504
2022-07-08,ZHZ5TNHJ,0,128723184,5,0,148723785,19704,4,0,0,29,1,965,29,128723184,0,0,0,19565,80157073312,390675990056
2022-07-09,ZHZ5TNHJ,0,93491424,5,0,153363900,19719,4,0,0,29,1,965,29,93491424,0,0,0,19581,80212989400,391561405576
2022-07-10,ZHZ5TNHJ,0,114782040,5,0,163688701,19751,4,0,0,28,1,967,28,114782040,0,0,0,19612,80323869408,393180801272
2022-07-11,ZHZ5TNHJ,0,141200488,5,0,169597148,19782,4,0,0,28,1,968,28,141200488,0,0,0,19643,80408342480,393611028008
2022-07-12,ZHZ5TNHJ,0,242144208,5,0,172988750,19797,4,0,0,27,1,969,27,242144208,0,0,0,19658,80448484808,393671829400
2022-07-13,ZHZ5TNHJ,0,226615056,5,0,180376881,19828,4,0,0,28,1,970,28,226615056,0,0,0,19689,80539784624,394541564008
2022-07-14,ZHZ5TNHJ,0,119986056,5,0,184162441,19844,4,0,0,28,1,971,28,119986056,0,0,0,19705,80580832008,395370450928
2022-07-15,ZHZ5TNHJ,0,12910936,5,0,191820578,19875,4,0,0,28,1,972,28,12910936,0,0,0,19736,80651375120,397145958984
2022-07-16,ZHZ5TNHJ,0,181939280,5,0,196907019,19891,4,0,0,28,1,973,28,181939280,0,0,0,19751,80700064896,397998719792
2022-07-17,ZHZ5TNHJ,0,70352472,5,0,206756434,19922,4,0,0,31,1,974,31,70352472,0,0,0,19782,80777052888,399763271312
2022-07-18,ZHZ5TNHJ,0,88937872,5,0,209397707,19937,4,0,0,29,1,975,29,88937872,0,0,0,19798,80823007848,399980042384
2022-07-19,ZHZ5TNHJ,0,86646816,5,0,215945911,19969,4,0,0,27,1,976,27,86646816,0,0,0,19829,80926330800,400118569072
2022-07-20,ZHZ5TNHJ,0,203513064,5,0,218909126,19984,4,0,0,27,1,976,27,203513064,0,0,0,19844,80974961536,400186804584
2022-07-21,ZHZ5TNHJ,0,173153000,5,0,226666625,20015,4,0,0,29,1,978,29,173153000,0,0,0,19875,81049783304,401790608424
2022-07-22,ZHZ5TNHJ,0,167017592,5,0,230533275,20031,4,0,0,29,1,978,29,167017592,0,0,0,19891,81095906752,402470771712
2022-07-23,ZHZ5TNHJ,0,148751144,5,0,237088769,20062,4,0,0,30,1,980,30,148751144,0,0,0,19922,81170426544,404575261384
2022-07-24,ZHZ5TNHJ,0,192724336,5,0,246146543,20093,4,0,0,30,1,981,30,192724336,0,0,0,19953,81256774792,406974295712
2022-07-25,ZHZ5TNHJ,0,56391920,5,0,248315346,20109,4,0,0,29,1,982,29,56391920,0,0,0,19969,81292966400,407045912320
2022-07-26,ZHZ5TNHJ,0,33083016,5,0,254568919,20140,4,0,0,30,1,983,30,33083016,0,0,0,20000,81382761280,407176949376
2022-07-27,ZHZ5TNHJ,0,96380112,5,0,257761232,20156,4,0,0,30,1,983,30,96380112,0,0,0,20015,81430119048,407681174312
2022-07-28,ZHZ5TNHJ,0,34995592,5,0,263822894,20187,4,0,0,30,1,985,30,34995592,0,0,0,20047,81509059416,409493975176
2022-07-29,ZHZ5TNHJ,0,75671928,5,0,266474483,20203,4,0,0,30,1,985,30,75671928,0,0,0,20062,81549823728,410226321888
2022-07-30,ZHZ5TNHJ,0,52360304,5,0,274445648,20234,4,0,0,30,1,987,30,52360304,0,0,0,20093,81626961176,412079000592
2022-07-31,ZHZ5TNHJ,0,239364976,5,0,279119669,20250,4,0,0,30,1,987,30,239364976,0,0,0,20109,81677831392,412947557792
2022-08-01,ZHZ5TNHJ,0,160034240,5,0,285225795,20281,4,0,0,30,1,989,30,160034240,0,0,0,20140,81770352440,413752269088
2022-08-02,ZHZ5TNHJ,0,37824176,5,0,288618436,20296,4,0,0,29,1,989,29,37824176,0,0,0,20155,81829144448,413815407672
2022-08-03,ZHZ5TNHJ,0,195946552,5,0,295041522,20328,4,0,0,30,1,991,30,195946552,0,0,0,20186,81931133560,414359822256
2022-08-04,ZHZ5TNHJ,0,15865992,5,0,303310782,20359,4,0,0,31,1,992,31,15865992,0,0,0,20218,82028045472,416035956624
2022-08-05,ZHZ5TNHJ,0,153739266,5,0,307381990,20375,4,0,0,30,1,993,30,153739266,0,0,0,20233,82061797952,416872499738
2022-08-06,ZHZ5TNHJ,0,60040328,5,0,311505811,20391,4,0,0,31,1,993,31,60040328,0,0,0,20249,82097366776,417719795498
2022-08-07,ZHZ5TNHJ,0,183535560,5,0,320236187,20422,4,0,0,31,1,994,31,183535560,0,0,0,20280,82187276344,419462381122
2022-08-08,ZHZ5TNHJ,0,223606624,5,0,326054643,20453,4,0,0,30,1,996,30,223606624,0,0,0,20312,82281466008,419896543890
2022-08-09,ZHZ5TNHJ,0,107958648,5,0,329577145,20469,4,0,0,30,1,996,30,107958648,0,0,0,20327,82335072464,419971430146
2022-08-10,ZHZ5TNHJ,0,119127824,5,0,336286886,20500,4,0,0,31,1,998,31,119127824,0,0,0,20358,82458956000,420346997370
2022-08-11,ZHZ5TNHJ,0,154941456,5,0,339910882,20516,4,0,0,30,1,998,30,154941456,0,0,0,20374,82529882360,421044307442
2022-08-12,ZHZ5TNHJ,0,217162496,5,0,347443080,20547,4,0,0,31,1,1000,31,217162496,0,0,0,20405,82653676784,422447578562
2022-08-13,ZHZ5TNHJ,0,35209016,5,0,352219345,20563,4,0,0,31,1,1000,31,35209016,0,0,0,20421,82702417520,423193446978
2022-08-14,ZHZ5TNHJ,0,113081560,5,0,362307190,20594,4,0,0,30,1,1002,30,113081560,0,0,0,20452,82808777120,424873944810
2022-08-15,ZHZ5TNHJ,0,108011512,5,0,365114008,20610,4,0,0,30,1,1002,30,108011512,0,0,0,20468,82862990952,425058801618
2022-08-16,ZHZ5TNHJ,0,93746928,5,0,371435859,20641,4,0,0,29,1,1003,29,93746928,0,0,0,20499,82963817752,425187850882
2022-08-17,ZHZ5TNHJ,0,231842536,5,0,374852951,20657,4,0,0,30,1,1004,30,231842536,0,0,0,20514,83019723904,425270040338
2022-08-18,ZHZ5TNHJ,0,179767368,5,0,382703276,20688,4,0,0,30,1,1005,30,179767368,0,0,0,20545,83111173752,426591360010
2022-08-19,ZHZ5TNHJ,0,197872064,5,0,386693912,20704,4,0,0,30,1,1006,30,197872064,0,0,0,20561,83168677600,427284383402
2022-08-20,ZHZ5TNHJ,0,30124296,5,0,396141333,20735,4,0,0,31,1,1007,31,30124296,0,0,0,20592,83273845120,428720453250
2022-08-21,ZHZ5TNHJ,0,27455840,5,0,405875533,20766,4,0,0,30,1,1009,30,27455840,0,0,0,20623,83404195448,430052278538
2022-08-22,ZHZ5TNHJ,0,184750432,5,0,409113164,20782,4,0,0,30,1,1009,30,184750432,0,0,0,20639,83447384488,430166384090
2022-08-23,ZHZ5TNHJ,0,184840608,5,0,415724747,20813,4,0,0,30,1,1011,30,184840608,0,0,0,20670,83553077936,430304921450
2022-08-24,ZHZ5TNHJ,0,97303008,5,0,418835059,20829,4,0,0,30,1,1011,30,97303008,0,0,0,20686,83599774416,430414828170
2022-08-25,ZHZ5TNHJ,0,175375712,5,0,425486613,20860,4,0,0,30,1,1012,30,175375712,0,0,0,20717,83694472528,432351328882
2022-08-26,ZHZ5TNHJ,0,27745856,5,0,428902668,20876,4,0,0,30,1,1013,30,27745856,0,0,0,20733,83752677056,433366201042
2022-08-27,ZHZ5TNHJ,0,160773608,5,0,437258793,20907,4,0,0,31,1,1014,31,160773608,0,0,0,20764,83857103352,435347939570
2022-08-28,ZHZ5TNHJ,0,21617016,5,0,441758104,20923,4,0,0,31,1,1015,31,21617016,0,0,0,20779,83927462536,436114986946
2022-08-29,ZHZ5TNHJ,0,49970504,5,0,448515926,20954,4,0,0,30,1,1016,30,49970504,0,0,0,20811,84039186912,436764038106
2022-08-30,ZHZ5TNHJ,0,192794184,5,0,452244741,20970,4,0,0,30,1,1017,30,192794184,0,0,0,20826,84093353296,436852695402
2022-08-31,ZHZ5TNHJ,0,33083840,5,0,459639410,21001,4,0,0,31,1,1018,31,33083840,0,0,0,20857,84197178856,437321581482
2022-09-01,ZHZ5TNHJ,0,146891208,5,0,463351902,21017,4,0,0,31,1,1019,31,146891208,0,0,0,20873,84252583232,438112407922
2022-09-02,ZHZ5TNHJ,0,79826832,5,0,469845554,21049,4,0,0,30,1,1020,30,79826832,0,0,0,20904,84357556456,439649356002
2022-09-03,ZHZ5TNHJ,0,91785056,5,0,474150620,21064,4,0,0,31,1,1021,31,91785056,0,0,0,20920,84416448432,440334845378
2022-09-04,ZHZ5TNHJ,0,47021312,5,0,483647836,21096,4,0,0,31,1,1022,31,47021312,0,0,0,20951,84522422160,441893093218
2022-09-05,ZHZ5TNHJ,0,177435824,5,0,487275752,21111,4,0,0,30,1,1023,30,177435824,0,0,0,20967,84590634320,442199436410
2022-09-06,ZHZ5TNHJ,0,187658472,5,0,493878952,21143,4,0,0,30,1,1024,30,187658472,0,0,0,20998,84697900192,442346533850
2022-09-07,ZHZ5TNHJ,0,82672696,5,0,497282660,21158,4,0,0,30,1,1025,30,82672696,0,0,0,21014,84756652160,442426936738
2022-09-08,ZHZ5TNHJ,0,224806336,5,0,504526933,21190,4,0,0,31,1,1026,31,224806336,0,0,0,21045,84875443856,443426841850
2022-09-09,ZHZ5TNHJ,0,115510472,5,0,508921395,21206,4,0,0,31,1,1027,31,115510472,0,0,0,21061,84942026560,443983385378
2022-09-10,ZHZ5TNHJ,0,241412824,5,0,517669516,21237,4,0,0,31,1,1028,31,241412824,0,0,0,21092,85062775176,445453383834
2022-09-11,ZHZ5TNHJ,0,94229712,5,0,527171077,21268,4,0,0,31,1,1030,31,94229712,0,0,0,21123,85187869456,446645950930
2022-09-12,ZHZ5TNHJ,0,55492792,5,0,530322506,21284,4,0,0,30,1,1030,30,55492792,0,0,0,21139,85265131208,446774092906
2022-09-13,ZHZ5TNHJ,0,120471592,5,0,537412250,21315,4,0,0,30,1,1032,30,120471592,0,0,0,21170,85398014744,446950329010
2022-09-14,ZHZ5TNHJ,0,14718632,5,0,540874918,21331,4,0,0,30,1,1032,30,14718632,0,0,0,21186,85458434168,447028297762
2022-09-15,ZHZ5TNHJ,0,174847312,5,0,548672322,21362,4,0,0,31,1,1034,31,174847312,0,0,0,21217,85579683008,447799599762
2022-09-16,ZHZ5TNHJ,0,108449608,5,0,553212906,21378,4,0,0,31,1,1034,31,108449608,0,0,0,21232,85649336480,448395970682
2022-09-17,ZHZ5TNHJ,0,190202888,5,0,562727224,21409,4,0,0,31,1,1036,31,190202888,0,0,0,21263,85752709936,449839194738
2022-09-18,ZHZ5TNHJ,0,161511080,5,0,567718301,21425,4,0,0,31,1,1036,31,161511080,0,0,0,21279,85818336600,450477298522
2022-09-19,ZHZ5TNHJ,0,188166272,5,0,575399833,21456,4,0,0,30,1,1038,30,188166272,0,0,0,21310,85922206600,451132505810
2022-09-20,ZHZ5TNHJ,0,86516040,5,0,579024189,21472,4,0,0,30,1,1038,30,86516040,0,0,0,21326,85980262016,451216940922
2022-09-21,ZHZ5TNHJ,0,22870392,5,0,586488869,21503,4,0,0,30,1,1039,30,22870392,0,0,0,21357,86095229760,451526608858
2022-09-22,ZHZ5TNHJ,0,237876536,5,0,590756434,21519,4,0,0,30,1,1040,30,237876536,0,0,0,21373,86163133344,452161993090
2022-09-23,ZHZ5TNHJ,0,82122696,5,0,598914457,21550,4,0,0,30,1,1041,30,82122696,0,0,0,21404,86276859440,453601501002
2022-09-24,ZHZ5TNHJ,0,63876304,5,0,603848344,21566,4,0,0,31,1,1042,31,63876304,0,0,0,21419,86326863568,454265672466
2022-09-25,ZHZ5TNHJ,0,59521256,5,0,615618112,21598,4,0,0,30,1,1043,30,59521256,0,0,0,21451,86399167168,454921436042
2022-09-26,ZHZ5TNHJ,0,11232536,5,0,618968491,21613,4,0,0,30,1,1044,30,11232536,0,0,0,21466,86447666096,455068789026
2022-09-27,ZHZ5TNHJ,0,30060688,5,0,627304969,21645,4,0,0,30,1,1045,30,30060688,0,0,0,21498,86513141168,455266282746
2022-09-28,ZHZ5TNHJ,0,175727424,5,0,632783671,21676,4,0,0,30,1,1047,30,175727424,0,0,0,21529,86581396464,455587834866
2022-09-29,ZHZ5TNHJ,0,107071528,5,0,635349436,21692,4,0,0,29,1,1047,29,107071528,0,0,0,21544,86609412320,455735303746
2022-09-30,ZHZ5TNHJ,0,229790352,5,0,641032135,21723,4,0,0,30,1,1049,30,229790352,0,0,0,21575,86668725872,456042849706
2022-10-01,ZHZ5TNHJ,0,196481512,5,0,645598745,21739,4,0,0,30,1,1049,30,196481512,0,0,0,21591,86714352336,456208055146
2022-10-02,ZHZ5TNHJ,0,166771776,5,0,651276506,21770,4,0,0,30,1,1051,30,166771776,0,0,0,21622,86829258256,456551720810
2022-10-03,ZHZ5TNHJ,0,109817880,5,0,654585101,21786,4,0,0,30,1,1051,30,109817880,0,0,0,21638,86890186464,456677979338
2022-10-04,ZHZ5TNHJ,0,178097720,5,0,661943470,21817,4,0,0,30,1,1053,30,178097720,0,0,0,21670,87006552600,456874033674
2022-10-05,ZHZ5TNHJ,0,182471984,5,0,664829531,21833,4,0,0,30,1,1053,30,182471984,0,0,0,21685,87080421008,457048680266
2022-10-06,ZHZ5TNHJ,0,79689200,5,0,669191189,21864,4,0,0,29,1,1055,29,79689200,0,0,0,21716,87163504064,457351096026
2022-10-07,ZHZ5TNHJ,0,240313432,5,0,671466493,21880,4,0,0,29,1,1055,29,240313432,0,0,0,21732,87200816120,457474408202
2022-10-08,ZHZ5TNHJ,0,148606728,5,0,678868635,21911,4,0,0,29,1,1056,29,148606728,0,0,0,21763,87271347576,457800451538
2022-10-09,ZHZ5TNHJ,0,74755832,5,0,681226671,21927,4,0,0,30,1,1057,30,74755832,0,0,0,21779,87326487688,457915601162
2022-10-10,ZHZ5TNHJ,0,134127848,5,0,687293461,21959,4,0,0,29,1,1058,29,134127848,0,0,0,21810,87394372832,458151228666
2022-10-11,ZHZ5TNHJ,0,47800480,5,0,691147058,21974,4,0,0,29,1,1059,29,47800480,0,0,0,21826,87434772768,458268641994
2022-10-12,ZHZ5TNHJ,0,144675784,5,0,695261716,22005,4,0,0,29,1,1060,29,144675784,0,0,0,21857,87494830040,458549600658
2022-10-13,ZHZ5TNHJ,0,145992144,5,0,697945125,22021,4,0,0,29,1,1061,29,145992144,0,0,0,21873,87538949208,458750938482
2022-10-14,ZHZ5TNHJ,0,89785232,5,0,702532916,22053,4,0,0,30,1,1062,30,89785232,0,0,0,21904,87603137056,459118825322
2022-10-15,ZHZ5TNHJ,0,109879488,5,0,707091425,22069,4,0,0,30,1,1063,30,109879488,0,0,0,21920,87642878200,459343319162
2022-10-16,ZHZ5TNHJ,0,58281104,5,0,713461204,22100,4,0,0,29,1,1064,29,58281104,0,0,0,21951,87711442632,459711438074
2022-10-17,ZHZ5TNHJ,0,3637800,5,0,716082643,22116,4,0,0,29,1,1065,29,3637800,0,0,0,21967,87746304064,459866074066
2022-10-18,ZHZ5TNHJ,0,30334088,5,0,722961104,22147,4,0,0,30,1,1066,30,30334088,0,0,0,21998,87803178400,460080036690
2022-10-19,ZHZ5TNHJ,0,175327776,5,0,727330533,22179,4,0,0,30,1,1068,30,175327776,0,0,0,22029,87883372496,460388976930
2022-10-20,ZHZ5TNHJ,0,94726160,5,0,729671580,22194,4,0,0,29,1,1068,29,94726160,0,0,0,22045,87919486664,460516401810
2022-10-21,ZHZ5TNHJ,0,190719624,5,0,734568351,22226,4,0,0,30,1,1070,30,190719624,0,0,0,22076,87972087376,460803935194
2022-10-22,ZHZ5TNHJ,0,152769248,5,0,739191319,22241,4,0,0,30,1,1070,30,152769248,0,0,0,22092,88015228432,460966984394
2022-10-23,ZHZ5TNHJ,0,73451896,5,0,744098489,22273,4,0,0,29,1,1071,29,73451896,0,0,0,22123,88082899928,461308276994
2022-10-24,ZHZ5TNHJ,0,230909936,5,0,747583405,22288,4,0,0,30,1,1072,30,230909936,0,0,0,22139,88117916264,461430718698
2022-10-25,ZHZ5TNHJ,0,33800912,5,0,753650761,22320,4,0,0,29,1,1073,29,33800912,0,0,0,22170,88182697152,461657110178
2022-10-26,ZHZ5TNHJ,0,22227560,5,0,756313849,22335,4,0,0,30,1,1074,30,22227560,0,0,0,22186,88226478856,461845895818
2022-10-27,ZHZ5TNHJ,0,138560000,5,0,760489441,22367,4,0,0,29,1,1075,29,138560000,0,0,0,22217,88298618536,462134229442
2022-10-28,ZHZ5TNHJ,0,88122504,5,0,763062675,22383,4,0,0,30,1,1076,30,88122504,0,0,0,22233,88347747224,462278803890
2022-10-29,ZHZ5TNHJ,0,63488584,5,0,771228917,22414,4,0,0,29,1,1077,29,63488584,0,0,0,22264,88412639736,462677558906
2022-10-30,ZHZ5TNHJ,0,32369256,5,0,773894517,22430,4,0,0,30,1,1078,30,32369256,0,0,0,22280,88454922752,462848297354
2022-10-31,ZHZ5TNHJ,0,87703096,5,0,779905800,22461,4,0,0,30,1,1079,30,87703096,0,0,0,22311,88524879288,463077815426
2022-11-01,ZHZ5TNHJ,0,6336296,5,0,783512707,22477,4,0,0,30,1,1080,30,6336296,0,0,0,22327,88561850808,463203617802
2022-11-02,ZHZ5TNHJ,0,132551752,5,0,787978659,22508,4,0,0,29,1,1081,29,132551752,0,0,0,22358,88637289952,463498534746
2022-11-03,ZHZ5TNHJ,0,23567064,5,0,790180685,22524,4,0,0,29,1,1082,29,23567064,0,0,0,22374,88675264536,463595716106
2022-11-04,ZHZ5TNHJ,0,68088488,5,0,794033678,22556,4,0,0,30,1,1083,30,68088488,0,0,0,22405,88745332856,463814310074
2022-11-05,ZHZ5TNHJ,0,17574640,5,0,798528247,22572,4,0,0,30,1,1084,30,17574640,0,0,0,22421,88784966048,463968303682
2022-11-06,ZHZ5TNHJ,0,126650680,5,0,804251267,22604,4,0,0,29,1,1085,29,126650680,0,0,0,22453,88857544688,464248941714
2022-11-07,ZHZ5TNHJ,0,40471528,5,0,806771396,22619,4,0,0,30,1,1086,30,40471528,0,0,0,22468,88891938784,464372509098
2022-11-08,ZHZ5TNHJ,0,63481792,5,0,813494496,22651,4,0,0,29,1,1087,29,63481792,0,0,0,22500,88950619520,464580979370
2022-11-09,ZHZ5TNHJ,0,163225336,5,0,817810400,22683,4,0,0,30,1,1090,30,163225336,0,0,0,22531,89028657792,464846826010
2022-11-10,ZHZ5TNHJ,0,90477944,5,0,820133841,22699,4,0,0,30,1,1090,30,90477944,0,0,0,22547,89060716440,464986161202
2022-11-11,ZHZ5TNHJ,0,191114640,5,0,824179265,22730,4,0,0,30,1,1092,30,191114640,0,0,0,22579,89115891752,465275763282
2022-11-12,ZHZ5TNHJ,0,145290368,5,0,828850954,22746,4,0,0,30,1,1092,30,145290368,0,0,0,22595,89151443312,465438531738
2022-11-13,ZHZ5TNHJ,0,231528824,5,0,833875087,22778,4,0,0,30,1,1094,30,231528824,0,0,0,22626,89212107496,465708246690
2022-11-14,ZHZ5TNHJ,0,139262616,5,0,837505325,22794,4,0,0,30,1,1094,30,139262616,0,0,0,22642,89242719064,465829509674
2022-11-15,ZHZ5TNHJ,0,164880104,5,0,843495693,22826,4,0,0,30,1,1096,30,164880104,0,0,0,22674,89309246456,466032740410
2022-11-16,ZHZ5TNHJ,0,111548416,5,0,845969947,22842,4,0,0,29,1,1096,29,111548416,0,0,0,22690,89352947624,466179848642
2022-11-17,ZHZ5TNHJ,0,192461072,5,0,854617571,22873,4,0,0,30,1,1098,30,192461072,0,0,0,22722,89431258624,466426590930
2022-11-18,ZHZ5TNHJ,0,128941024,5,0,859799546,22889,4,0,0,30,1,1098,30,128941024,0,0,0,22738,89470840176,466567629962
2022-11-19,ZHZ5TNHJ,0,124167816,5,0,867939415,22921,4,0,0,29,1,1100,29,124167816,0,0,0,22769,89538757104,466739081578
2022-11-20,ZHZ5TNHJ,0,48421208,5,0,870187133,22937,4,0,0,30,1,1100,30,48421208,0,0,0,22785,89574212568,466872020138
2022-11-21,ZHZ5TNHJ,0,72922568,5,0,876386316,22969,4,0,0,30,1,1102,30,72922568,0,0,0,22817,89635238176,467079636522
2022-11-22,ZHZ5TNHJ,0,220515432,5,0,879339006,22985,4,0,0,29,1,1102,29,220515432,0,0,0,22833,89679066136,467183401426
2022-11-23,ZHZ5TNHJ,0,4517848,5,0,882865387,23017,4,0,0,29,1,1104,29,4517848,0,0,0,22864,89732215992,467402535274
2022-11-24,ZHZ5TNHJ,0,166246376,5,0,884991879,23033,4,0,0,29,1,1104,29,166246376,0,0,0,22880,89764645376,467531834418
2022-11-25,ZHZ5TNHJ,0,33544648,5,0,889684144,23065,4,0,0,30,1,1106,30,33544648,0,0,0,22912,89818361696,467833697922
2022-11-26,ZHZ5TNHJ,0,242729336,5,0,894549155,23081,4,0,0,30,1,1106,30,242729336,0,0,0,22928,89854494128,468006750178
2022-11-27,ZHZ5TNHJ,0,77903400,5,0,898567018,23113,4,0,0,29,1,1108,29,77903400,0,0,0,22959,89905395408,468279304642
2022-11-28,ZHZ5TNHJ,0,240058184,5,0,902053483,23129,4,0,0,29,1,1108,29,240058184,0,0,0,22975,89939671592,468407183242
2022-11-29,ZHZ5TNHJ,0,53050360,5,0,908093022,23161,4,0,0,29,1,1110,29,53050360,0,0,0,23007,90002825576,468645302810
2022-11-30,ZHZ5TNHJ,0,212307664,5,0,910321392,23177,4,0,0,30,1,1110,30,212307664,0,0,0,23023,90039536416,468767849274
2022-12-01,ZHZ5TNHJ,0,51699520,5,0,914007569,23208,4,0,0,29,1,1112,29,51699520,0,0,0,23054,90103348928,469031710226
2022-12-02,ZHZ5TNHJ,0,228380744,5,0,916338191,23224,4,0,0,30,1,1112,30,228380744,0,0,0,23070,90157217216,469154523162
2022-12-03,ZHZ5TNHJ,0,159007632,5,0,923695676,23256,4,0,0,30,1,1114,30,159007632,0,0,0,23102,90248274864,469482373938
2022-12-04,ZHZ5TNHJ,0,130449968,5,0,927092546,23272,4,0,0,30,1,1114,30,130449968,0,0,0,23118,90301767984,469644463946
2022-12-05,ZHZ5TNHJ,0,153504736,5,0,932870612,23304,4,0,0,29,1,1116,29,153504736,0,0,0,23149,90367400816,469846026530
2022-12-06,ZHZ5TNHJ,0,58511264,5,0,936343580,23320,4,0,0,29,1,1116,29,58511264,0,0,0,23165,90412514312,469950060298
2022-12-07,ZHZ5TNHJ,0,161465992,5,0,940525542,23352,4,0,0,29,1,1118,29,161465992,0,0,0,23197,90493811032,470215859722
2022-12-08,ZHZ5TNHJ,0,105882432,5,0,942807252,23368,4,0,0,29,1,1118,29,105882432,0,0,0,23213,90543338008,470354890274
2022-12-09,ZHZ5TNHJ,0,22730504,5,0,947194704,23400,4,0,0,30,1,1120,30,22730504,0,0,0,23245,90614986568,470688371146
2022-12-11,ZHZ5TNHJ,0,124223760,5,0,956331049,23448,4,0,0,29,1,1122,29,124223760,0,0,0,23293,90727108464,471410164866
2022-12-11,ZHZ5TNHJ,0,124223760,5,0,956331049,23448,4,0,0,29,1,1122,29,124223760,0,0,0,23293,90727108464,471410164866
2022-12-12,ZHZ5TNHJ,0,68107256,5,0,959626820,23464,4,0,0,30,1,1122,30,68107256,0,0,0,23309,90772637464,471552659994
2022-12-13,ZHZ5TNHJ,0,170658920,5,0,965734990,23496,4,0,0,29,1,1124,29,170658920,0,0,0,23340,90831254824,471840735138
2022-12-14,ZHZ5TNHJ,0,172465304,5,0,967979403,23512,4,0,0,29,1,1124,29,172465304,0,0,0,23356,90876561848,472041375330
2022-12-15,ZHZ5TNHJ,0,21172744,5,0,971965027,23544,4,0,0,29,1,1126,29,21172744,0,0,0,23388,90936336040,472318590466
2022-12-16,ZHZ5TNHJ,0,196646720,5,0,974387704,23560,4,0,0,30,1,1126,30,196646720,0,0,0,23404,90976695728,472453704762
2022-12-17,ZHZ5TNHJ,0,242729272,5,0,982293880,23592,4,0,0,29,1,1128,29,242729272,0,0,0,23436,91055187536,472909577122
2022-12-18,ZHZ5TNHJ,0,11432912,5,0,984752669,23608,4,0,0,29,1,1128,29,11432912,0,0,0,23452,91123242240,473098507738
2022-12-19,ZHZ5TNHJ,0,130223064,5,0,991225802,23640,4,0,0,30,1,1130,30,130223064,0,0,0,23483,91216870456,473367810322
2022-12-20,ZHZ5TNHJ,0,83610128,5,0,995078275,23656,4,0,0,30,1,1130,30,83610128,0,0,0,23499,91286754272,473495454610
2022-12-21,ZHZ5TNHJ,0,72542472,5,0,999222400,23688,4,0,0,30,1,1131,30,72542472,0,0,0,23531,91379171072,473880251642
2022-12-22,ZHZ5TNHJ,0,1653240,5,0,1565717,23704,4,0,0,30,1,1132,30,1653240,0,0,0,23547,91427984752,474004689386
2022-12-23,ZHZ5TNHJ,0,131966592,5,0,5953699,23736,4,0,0,30,1,1133,30,131966592,0,0,0,23579,91502384312,474304743978
2022-12-24,ZHZ5TNHJ,0,187204200,5,0,10161558,23752,4,0,0,30,1,1134,30,187204200,0,0,0,23595,91549762200,474556744330
2022-12-25,ZHZ5TNHJ,0,78441472,5,0,16778974,23784,4,0,0,29,1,1135,29,78441472,0,0,0,23627,91633621248,475096546618
2022-12-26,ZHZ5TNHJ,0,64762456,5,0,20125607,23800,4,0,0,30,1,1136,30,64762456,0,0,0,23643,91676324048,475284305434
2022-12-27,ZHZ5TNHJ,0,187033864,5,0,27259509,23832,4,0,0,30,1,1137,30,187033864,0,0,0,23675,91743017584,475584023970
2022-12-28,ZHZ5TNHJ,0,198724304,5,0,29649859,23848,4,0,0,30,1,1138,30,198724304,0,0,0,23691,91791075896,475791796866
2022-12-29,ZHZ5TNHJ,0,122992704,5,0,33621483,23880,4,0,0,29,1,1140,29,122992704,0,0,0,23722,91859105736,476136316842
2022-12-30,ZHZ5TNHJ,0,175195720,5,0,36307028,23896,4,0,0,30,1,1140,30,175195720,0,0,0,23738,91914594816,476377171826
2022-12-31,ZHZ5TNHJ,0,221353144,5,0,43932677,23928,4,0,0,30,1,1142,30,221353144,0,0,0,23770,91977087016,476849119306
