2022-01-01,ZHZ661S8,0,24971472,2,0,943112478,14857,2,0,0,43,0,1813,43,24971472,0,0,0,14533,71463549904,191013700782
2022-01-02,ZHZ661S8,0,211178072,2,0,947015294,14888,2,0,0,43,0,1815,43,211178072,0,0,0,14565,71559341704,191348256734
2022-01-03,ZHZ661S8,0,198177312,2,0,948914083,14904,2,0,0,45,0,1815,45,198177312,0,0,0,14580,71608271424,191530466934
2022-01-04,ZHZ661S8,0,50731680,2,0,955379083,14935,2,0,0,44,0,1817,44,50731680,0,0,0,14611,71722478312,192001237406
2022-01-05,ZHZ661S8,0,74201784,2,0,957488786,14951,2,0,0,43,0,1817,43,74201784,0,0,0,14627,71786313704,192205012758
2022-01-06,ZHZ661S8,0,223900392,2,0,963262050,14982,2,0,0,45,0,1818,45,223900392,0,0,0,14658,71854041152,192531124638
2022-01-07,ZHZ661S8,0,226786424,2,0,965661342,14998,2,0,0,44,0,1819,44,226786424,0,0,0,14674,71881854144,192750338398
2022-01-08,ZHZ661S8,0,202665248,2,0,969976455,15029,2,0,0,45,0,1820,45,202665248,0,0,0,14705,71960741016,193135611670
2022-01-09,ZHZ661S8,0,196456256,2,0,971869661,15045,2,0,0,45,0,1821,45,196456256,0,0,0,14721,71995608608,193338675838
2022-01-10,ZHZ661S8,0,228133904,2,0,976493672,15076,2,0,0,45,0,1822,45,228133904,0,0,0,14752,72053176312,193801067438
2022-01-11,ZHZ661S8,0,82456880,2,0,980853115,15092,2,0,0,44,0,1823,44,82456880,0,0,0,14767,72085601272,194111246766
2022-01-12,ZHZ661S8,0,54610344,2,0,986421447,15123,2,0,0,44,0,1824,44,54610344,0,0,0,14798,72160777984,194496504830
2022-01-13,ZHZ661S8,0,220915768,2,0,989311414,15139,2,0,0,45,0,1825,45,220915768,0,0,0,14814,72192372048,194631216190
2022-01-14,ZHZ661S8,0,51220912,2,0,993813757,15170,2,0,0,44,0,1826,44,51220912,0,0,0,14845,72256070912,194886104238
2022-01-15,ZHZ661S8,0,38746064,2,0,996242172,15186,2,0,0,44,0,1827,44,38746064,0,0,0,14861,72312993920,195060847118
2022-01-16,ZHZ661S8,0,10001704,2,0,1230988,15217,2,0,0,44,0,1828,44,10001704,0,0,0,14892,72407795288,195425583214
2022-01-17,ZHZ661S8,0,226831136,2,0,3452548,15233,2,0,0,44,0,1829,44,226831136,0,0,0,14907,72456789440,195593418494
2022-01-18,ZHZ661S8,0,218293712,2,0,9671899,15264,2,0,0,43,0,1830,43,218293712,0,0,0,14939,72525688392,196004263766
2022-01-19,ZHZ661S8,0,188359472,2,0,11982506,15280,2,0,0,44,0,1831,44,188359472,0,0,0,14954,72577854312,196166304246
2022-01-20,ZHZ661S8,0,78225088,2,0,17870324,15311,2,0,0,43,0,1832,43,78225088,0,0,0,14985,72642468336,196479837358
2022-01-21,ZHZ661S8,0,242110040,2,0,21750042,15342,2,0,0,44,0,1833,44,242110040,0,0,0,15016,72714376272,196815955006
2022-01-22,ZHZ661S8,0,203529904,2,0,23749457,15358,2,0,0,43,0,1834,43,203529904,0,0,0,15032,72746217200,196989674606
2022-01-23,ZHZ661S8,0,134206744,2,0,27690996,15389,2,0,0,43,0,1835,43,134206744,0,0,0,15063,72822903600,197331946838
2022-01-24,ZHZ661S8,0,80505984,2,0,29558514,15405,2,0,0,43,0,1836,43,80505984,0,0,0,15079,72854227632,197491062750
2022-01-25,ZHZ661S8,0,3123328,2,0,35198884,15436,2,0,0,43,0,1837,43,3123328,0,0,0,15110,72908983528,197847206406
2022-01-26,ZHZ661S8,0,236736512,2,0,37158484,15452,2,0,0,44,0,1838,44,236736512,0,0,0,15125,72938779632,198051023486
2022-01-27,ZHZ661S8,0,110411968,2,0,42718888,15483,2,0,0,44,0,1839,44,110411968,0,0,0,15157,72992873896,198358886806
2022-01-28,ZHZ661S8,0,101927808,2,0,44755427,15499,2,0,0,45,0,1840,45,101927808,0,0,0,15172,73027715992,198559701254
2022-01-29,ZHZ661S8,0,57176256,2,0,48489937,15530,2,0,0,44,0,1841,44,57176256,0,0,0,15204,73081740720,198949206470
2022-01-30,ZHZ661S8,0,18577608,2,0,50736277,15546,2,0,0,43,0,1842,43,18577608,0,0,0,15219,73142161136,199094328062
2022-01-31,ZHZ661S8,0,219706416,2,0,55289128,15577,2,0,0,46,0,1843,46,219706416,0,0,0,15251,73226731144,199455027910
2022-02-01,ZHZ661S8,0,29404632,2,0,59655254,15593,2,0,0,44,0,1844,44,29404632,0,0,0,15266,73273334480,199706404606
2022-02-02,ZHZ661S8,0,231934664,2,0,63701466,15624,2,0,0,43,0,1845,43,231934664,0,0,0,15297,73367270848,200059139054
2022-02-03,ZHZ661S8,0,195628928,2,0,66737202,15640,2,0,0,44,0,1846,44,195628928,0,0,0,15313,73408221272,200226023526
2022-02-04,ZHZ661S8,0,113171504,2,0,71767103,15671,2,0,0,43,0,1847,43,113171504,0,0,0,15344,73482062416,200558006550
2022-02-05,ZHZ661S8,0,38779136,2,0,75925061,15703,2,0,0,44,0,1848,44,38779136,0,0,0,15375,73549563264,200904395608
2022-02-06,ZHZ661S8,0,30578760,2,0,78025268,15718,2,0,0,43,0,1849,43,30578760,0,0,0,15391,73599834576,201090064840
2022-02-07,ZHZ661S8,0,36537424,2,0,83002623,15750,2,0,0,45,0,1850,45,36537424,0,0,0,15422,73667469824,201516669624
2022-02-08,ZHZ661S8,0,51113496,2,0,86187356,15765,2,0,0,43,0,1851,43,51113496,0,0,0,15438,73695670712,201747185536
2022-02-09,ZHZ661S8,0,41625280,2,0,90174436,15797,2,0,0,44,0,1852,44,41625280,0,0,0,15469,73768950960,202152699256
2022-02-10,ZHZ661S8,0,8942176,2,0,93369125,15812,2,0,0,44,0,1853,44,8942176,0,0,0,15485,73809056464,202324051768
2022-02-11,ZHZ661S8,0,98567880,2,0,97941848,15844,2,0,0,44,0,1854,44,98567880,0,0,0,15516,73877664024,202589210560
2022-02-12,ZHZ661S8,0,62095504,2,0,100045162,15859,2,0,0,44,0,1855,44,62095504,0,0,0,15531,73914481448,202760061616
2022-02-13,ZHZ661S8,0,199052016,2,0,105325907,15891,2,0,0,46,0,1856,46,199052016,0,0,0,15563,73986309960,203313471248
2022-02-14,ZHZ661S8,0,231723624,2,0,109467895,15906,2,0,0,44,0,1857,44,231723624,0,0,0,15578,74032774840,203543818768
2022-02-15,ZHZ661S8,0,231882088,2,0,115520763,15938,2,0,0,44,0,1858,44,231882088,0,0,0,15609,74096386008,203968647512
2022-02-16,ZHZ661S8,0,226417624,2,0,118202037,15953,2,0,0,44,0,1859,44,226417624,0,0,0,15625,74148981816,204154727944
2022-02-17,ZHZ661S8,0,58295144,2,0,124003566,15985,2,0,0,44,0,1860,44,58295144,0,0,0,15656,74233486504,204390383200
2022-02-18,ZHZ661S8,0,9095744,2,0,128690679,16016,2,0,0,44,0,1861,44,9095744,0,0,0,15687,74333645856,204729305712
2022-02-19,ZHZ661S8,0,198692512,2,0,131006469,16032,2,0,0,44,0,1862,44,198692512,0,0,0,15702,74371477008,204881071328
2022-02-20,ZHZ661S8,0,109692136,2,0,135505454,16063,2,0,0,44,0,1863,44,109692136,0,0,0,15734,74437844312,205213985008
2022-02-21,ZHZ661S8,0,78932824,2,0,137760996,16079,2,0,0,45,0,1864,45,78932824,0,0,0,15749,74471681904,205393528760
2022-02-22,ZHZ661S8,0,19901504,2,0,144624088,16110,2,0,0,45,0,1865,45,19901504,0,0,0,15780,74540651728,205753808928
2022-02-23,ZHZ661S8,0,1323600,2,0,147110593,16125,2,0,0,44,0,1866,44,1323600,0,0,0,15796,74586065008,205933958376
2022-02-24,ZHZ661S8,0,108194848,2,0,153725451,16157,2,0,0,45,0,1867,45,108194848,0,0,0,15827,74675928888,206195106376
2022-02-25,ZHZ661S8,0,63709496,2,0,156265807,16172,2,0,0,43,0,1868,43,63709496,0,0,0,15842,74728032144,206342658440
2022-02-26,ZHZ661S8,0,168346616,2,0,160722200,16203,2,0,0,46,0,1869,46,168346616,0,0,0,15873,74799218120,206620250224
2022-02-27,ZHZ661S8,0,104938168,2,0,162975312,16219,2,0,0,45,0,1870,45,104938168,0,0,0,15889,74849966320,206750234320
2022-02-28,ZHZ661S8,0,183222088,2,0,167663077,16250,2,0,0,46,0,1871,46,183222088,0,0,0,15920,74922561656,207000063536
2022-03-01,ZHZ661S8,0,12010040,2,0,173755374,16281,2,0,0,45,0,1872,45,12010040,0,0,0,15951,74985734600,207253959864
2022-03-02,ZHZ661S8,0,182225560,2,0,175529915,16297,2,0,0,45,0,1873,45,182225560,0,0,0,15967,75017463576,207392446408
2022-03-03,ZHZ661S8,0,121220480,2,0,178467197,16313,2,0,0,44,0,1874,44,121220480,0,0,0,15982,75044930096,207548115928
2022-03-04,ZHZ661S8,0,233582416,2,0,182309932,16344,2,0,0,44,0,1875,44,233582416,0,0,0,16013,75095208736,207854339952
2022-03-05,ZHZ661S8,0,202185296,2,0,184215711,16360,2,0,0,43,0,1876,43,202185296,0,0,0,16029,75121691648,208040600568
2022-03-06,ZHZ661S8,0,124786072,2,0,188169519,16391,2,0,0,44,0,1877,44,124786072,0,0,0,16060,75181976040,208391198448
2022-03-07,ZHZ661S8,0,104896432,2,0,193457491,16422,2,0,0,44,0,1878,44,104896432,0,0,0,16091,75239911968,208801654344
2022-03-08,ZHZ661S8,0,95231176,2,0,196728467,16438,2,0,0,43,0,1879,43,95231176,0,0,0,16107,75266465392,209009577632
2022-03-09,ZHZ661S8,0,240962128,2,0,200276573,16469,2,0,0,44,0,1880,44,240962128,0,0,0,16138,75321344328,209344570608
2022-03-10,ZHZ661S8,0,167119616,2,0,203898148,16485,2,0,0,46,0,1881,46,167119616,0,0,0,16153,75347773064,209488440040
2022-03-11,ZHZ661S8,0,104552104,2,0,207736562,16516,2,0,0,44,0,1882,44,104552104,0,0,0,16185,75393090816,209868836384
2022-03-12,ZHZ661S8,0,82534312,2,0,209534695,16532,2,0,0,43,0,1883,43,82534312,0,0,0,16200,75416544720,210067507448
2022-03-13,ZHZ661S8,0,209131192,2,0,213468698,16563,2,0,0,44,0,1884,44,209131192,0,0,0,16231,75476278848,210378511208
2022-03-14,ZHZ661S8,0,112846584,2,0,215142042,16579,2,0,0,43,0,1885,43,112846584,0,0,0,16247,75499231728,210503414448
2022-03-15,ZHZ661S8,0,38398696,2,0,221086270,16610,2,0,0,44,0,1886,44,38398696,0,0,0,16278,75540290272,210876189304
2022-03-16,ZHZ661S8,0,228112744,2,0,222946437,16626,2,0,0,44,0,1887,44,228112744,0,0,0,16294,75562485352,211043708272
2022-03-17,ZHZ661S8,0,116237696,2,0,228170053,16657,2,0,0,44,0,1888,44,116237696,0,0,0,16325,75605444576,211377155520
2022-03-18,ZHZ661S8,0,73454504,2,0,229949760,16672,2,0,0,44,0,1889,44,73454504,0,0,0,16340,75630033488,211553924056
2022-03-19,ZHZ661S8,0,34722368,2,0,236580557,16704,2,0,0,45,0,1890,45,34722368,0,0,0,16372,75672613928,211960892944
2022-03-20,ZHZ661S8,0,223758456,2,0,238651076,16719,2,0,0,44,0,1891,44,223758456,0,0,0,16387,75699851872,212122691088
2022-03-21,ZHZ661S8,0,132284872,2,0,242549148,16751,2,0,0,43,0,1892,43,132284872,0,0,0,16418,75749640856,212469709952
2022-03-22,ZHZ661S8,0,137472320,2,0,246869716,16766,2,0,0,44,0,1893,44,137472320,0,0,0,16434,75775465192,212693213912
2022-03-23,ZHZ661S8,0,46516776,2,0,251010632,16797,2,0,0,43,0,1894,43,46516776,0,0,0,16465,75827466344,213038538664
2022-03-24,ZHZ661S8,0,172878776,2,0,257065198,16829,2,0,0,44,0,1895,44,172878776,0,0,0,16496,75887987136,213348520504
2022-03-25,ZHZ661S8,0,158752904,2,0,259199257,16844,2,0,0,45,0,1896,45,158752904,0,0,0,16511,75917188824,213549333816
2022-03-26,ZHZ661S8,0,49446984,2,0,262904750,16876,2,0,0,44,0,1897,44,49446984,0,0,0,16543,75972608120,213872890616
2022-03-27,ZHZ661S8,0,936416,2,0,264797119,16891,2,0,0,45,0,1898,45,936416,0,0,0,16558,76002928712,214038200336
2022-03-28,ZHZ661S8,0,157769416,2,0,269277681,16922,2,0,0,47,0,1899,47,157769416,0,0,0,16589,76068286584,214373816224
2022-03-29,ZHZ661S8,0,116318328,2,0,272603396,16938,2,0,0,44,0,1900,44,116318328,0,0,0,16605,76093566952,214551225840
2022-03-30,ZHZ661S8,0,17393808,2,0,275875114,16969,2,0,0,45,0,1901,45,17393808,0,0,0,16636,76143177456,214890973904
2022-03-31,ZHZ661S8,0,187449448,2,0,278949890,16985,2,0,0,44,0,1902,44,187449448,0,0,0,16651,76176502424,215027704576
2022-04-01,ZHZ661S8,0,7546944,2,0,283346588,17016,2,0,0,45,0,1903,45,7546944,0,0,0,16682,76229668480,215282917624
2022-04-02,ZHZ661S8,0,185618792,2,0,285167228,17032,2,0,0,44,0,1904,44,185618792,0,0,0,16698,76262330160,215428327792
2022-04-03,ZHZ661S8,0,115885872,2,0,288776809,17063,2,0,0,44,0,1905,44,115885872,0,0,0,16729,76323176560,215786030096
2022-04-04,ZHZ661S8,0,89198824,2,0,290744533,17079,2,0,0,44,0,1906,44,89198824,0,0,0,16745,76358273184,215968387216
2022-04-05,ZHZ661S8,0,152165072,2,0,296837143,17110,2,0,0,43,0,1907,43,152165072,0,0,0,16776,76410119312,216467788600
2022-04-06,ZHZ661S8,0,196540016,2,0,300350201,17141,2,0,0,44,0,1909,44,196540016,0,0,0,16807,76462606768,216947957376
2022-04-07,ZHZ661S8,0,152268728,2,0,303868980,17157,2,0,0,44,0,1909,44,152268728,0,0,0,16822,76490231344,217120202400
2022-04-08,ZHZ661S8,0,191241488,2,0,308083964,17188,2,0,0,44,0,1910,44,191241488,0,0,0,16854,76546452896,217591235040
2022-04-09,ZHZ661S8,0,173745080,2,0,309824837,17204,2,0,0,43,0,1911,43,173745080,0,0,0,16869,76574009832,217790322696
2022-04-10,ZHZ661S8,0,119372160,2,0,313196348,17235,2,0,0,44,0,1912,44,119372160,0,0,0,16900,76635554776,218162686296
2022-04-11,ZHZ661S8,0,100105504,2,0,314977926,17251,2,0,0,44,0,1913,44,100105504,0,0,0,16916,76669082856,218354032192
2022-04-12,ZHZ661S8,0,10159952,2,0,321193370,17282,2,0,0,43,0,1914,43,10159952,0,0,0,16947,76723014632,218942577320
2022-04-13,ZHZ661S8,0,115809864,2,0,323439502,17298,2,0,0,44,0,1915,44,115809864,0,0,0,16963,76775733768,219239649768
2022-04-14,ZHZ661S8,0,20753280,2,0,328974397,17329,2,0,0,44,0,1916,44,20753280,0,0,0,16994,76839167992,219569440224
2022-04-15,ZHZ661S8,0,239614568,2,0,331376500,17344,2,0,0,43,0,1917,43,239614568,0,0,0,17009,76877952648,219749516856
2022-04-16,ZHZ661S8,0,193614520,2,0,334754490,17376,2,0,0,44,0,1918,44,193614520,0,0,0,17040,76932816712,220136937096
2022-04-17,ZHZ661S8,0,210511480,2,0,336632353,17391,2,0,0,44,0,1919,44,210511480,0,0,0,17056,76969361200,220361430336
2022-04-18,ZHZ661S8,0,26637112,2,0,340141431,17423,2,0,0,45,0,1920,45,26637112,0,0,0,17087,77031622472,220847716984
2022-04-19,ZHZ661S8,0,113175800,2,0,344401690,17438,2,0,0,44,0,1921,44,113175800,0,0,0,17103,77062991912,221147026952
2022-04-20,ZHZ661S8,0,237521336,2,0,348240922,17469,2,0,0,44,0,1922,44,237521336,0,0,0,17133,77119375936,221703270064
2022-04-21,ZHZ661S8,0,142511040,2,0,354285860,17501,2,0,0,44,0,1924,44,142511040,0,0,0,17164,77184489024,222031427944
2022-04-22,ZHZ661S8,0,204850704,2,0,358656479,17516,2,0,0,45,0,1924,45,204850704,0,0,0,17180,77218649408,222303747856
2022-04-23,ZHZ661S8,0,33360424,2,0,363762116,17548,2,0,0,44,0,1926,44,33360424,0,0,0,17211,77276824000,222806505368
2022-04-24,ZHZ661S8,0,65551312,2,0,365736825,17564,2,0,0,44,0,1926,44,65551312,0,0,0,17227,77312420760,223047240336
2022-04-25,ZHZ661S8,0,59301864,2,0,370324002,17595,2,0,0,45,0,1927,45,59301864,0,0,0,17258,77380059896,223705776000
2022-04-26,ZHZ661S8,0,103783288,2,0,374390563,17611,2,0,0,43,0,1928,43,103783288,0,0,0,17273,77417362504,223957095640
2022-04-27,ZHZ661S8,0,230587640,2,0,378768014,17642,2,0,0,43,0,1929,43,230587640,0,0,0,17305,77500574184,224488969680
2022-04-28,ZHZ661S8,0,181960520,2,0,382122584,17657,2,0,0,44,0,1930,44,181960520,0,0,0,17320,77540570192,224644487784
2022-04-29,ZHZ661S8,0,118491128,2,0,387497573,17689,2,0,0,44,0,1931,44,118491128,0,0,0,17351,77606360616,225003509496
2022-04-30,ZHZ661S8,0,171851688,2,0,389754544,17704,2,0,0,45,0,1932,45,171851688,0,0,0,17367,77647565808,225259805648
2022-05-01,ZHZ661S8,0,243174520,2,0,393982177,17736,2,0,0,43,0,1933,43,243174520,0,0,0,17398,77717414536,225749561304
2022-05-02,ZHZ661S8,0,49577136,2,0,396008925,17752,2,0,0,44,0,1934,44,49577136,0,0,0,17414,77759284768,226002375248
2022-05-03,ZHZ661S8,0,103898192,2,0,402447256,17783,2,0,0,43,0,1935,43,103898192,0,0,0,17445,77830873296,226473389176
2022-05-04,ZHZ661S8,0,110096776,2,0,406501307,17814,2,0,0,44,0,1937,44,110096776,0,0,0,17476,77907200880,226891544472
2022-05-05,ZHZ661S8,0,15877008,2,0,409305431,17830,2,0,0,44,0,1937,44,15877008,0,0,0,17492,77942936568,227005729648
2022-05-06,ZHZ661S8,0,178588112,2,0,414661952,17861,2,0,0,44,0,1939,44,178588112,0,0,0,17523,78019468584,227336049720
2022-05-07,ZHZ661S8,0,140511760,2,0,416464698,17877,2,0,0,43,0,1939,43,140511760,0,0,0,17539,78057317320,227504266328
2022-05-08,ZHZ661S8,0,194995312,2,0,420115348,17908,2,0,0,45,0,1941,45,194995312,0,0,0,17570,78122348680,227982000744
2022-05-09,ZHZ661S8,0,199466456,2,0,422083526,17924,2,0,0,44,0,1941,44,199466456,0,0,0,17586,78163177176,228189784200
2022-05-10,ZHZ661S8,0,30665608,2,0,428700053,17955,2,0,0,44,0,1943,44,30665608,0,0,0,17617,78244583216,228672009112
2022-05-11,ZHZ661S8,0,203569536,2,0,430540523,17971,2,0,0,44,0,1943,44,203569536,0,0,0,17633,78291517808,228797978448
2022-05-12,ZHZ661S8,0,106700424,2,0,436711866,18003,2,0,0,45,0,1945,45,106700424,0,0,0,17664,78378217368,229102691280
2022-05-13,ZHZ661S8,0,27169160,2,0,438606168,18018,2,0,0,45,0,1945,45,27169160,0,0,0,17680,78418483976,229227034168
2022-05-14,ZHZ661S8,0,42386392,2,0,442145652,18050,2,0,0,45,0,1947,45,42386392,0,0,0,17711,78474473936,229674542888
2022-05-15,ZHZ661S8,0,71704256,2,0,444126334,18065,2,0,0,44,0,1947,44,71704256,0,0,0,17726,78511253304,229911222016
2022-05-16,ZHZ661S8,0,114767384,2,0,447979644,18097,2,0,0,47,0,1948,47,114767384,0,0,0,17758,78578380536,230375439200
2022-05-17,ZHZ661S8,0,119888160,2,0,452376807,18112,2,0,0,46,0,1949,46,119888160,0,0,0,17773,78628324520,230574756792
2022-05-18,ZHZ661S8,0,150225984,2,0,456338589,18144,2,0,0,45,0,1950,45,150225984,0,0,0,17804,78721319272,231000381168
2022-05-19,ZHZ661S8,0,87527640,2,0,459185948,18159,2,0,0,44,0,1951,44,87527640,0,0,0,17820,78756628360,231146514416
2022-05-20,ZHZ661S8,0,208123008,2,0,464462848,18191,2,0,0,44,0,1952,44,208123008,0,0,0,17851,78843261216,231424618488
2022-05-21,ZHZ661S8,0,162320568,2,0,466469624,18207,2,0,0,44,0,1953,44,162320568,0,0,0,17867,78878930176,231587287736
2022-05-22,ZHZ661S8,0,131741952,2,0,470216801,18238,2,0,0,44,0,1954,44,131741952,0,0,0,17898,78938075456,231985845520
2022-05-23,ZHZ661S8,0,84428112,2,0,471827687,18254,2,0,0,45,0,1955,45,84428112,0,0,0,17914,78978358152,232142390032
2022-05-24,ZHZ661S8,0,81654016,2,0,477911165,18285,2,0,0,43,0,1956,43,81654016,0,0,0,17945,79052659168,232553596208
2022-05-25,ZHZ661S8,0,40460296,2,0,482877060,18316,2,0,0,46,0,1958,46,40460296,0,0,0,17976,79131827552,232921515744
2022-05-26,ZHZ661S8,0,203496744,2,0,486591367,18332,2,0,0,45,0,1958,45,203496744,0,0,0,17992,79168821176,233047558568
2022-05-27,ZHZ661S8,0,25246160,2,0,490724825,18364,2,0,0,44,0,1960,44,25246160,0,0,0,18023,79227478688,233298932104
2022-05-28,ZHZ661S8,0,17476600,2,0,492841671,18379,2,0,0,44,0,1960,44,17476600,0,0,0,18039,79270356960,233492425048
2022-05-29,ZHZ661S8,0,112236056,2,0,499283011,18411,2,0,0,45,0,1961,45,112236056,0,0,0,18070,79337251416,233764430880
2022-05-30,ZHZ661S8,0,11447680,2,0,501532723,18426,2,0,0,43,0,1962,43,11447680,0,0,0,18086,79385362352,233859672200
2022-05-31,ZHZ661S8,0,33172200,2,0,508359751,18458,2,0,0,44,0,1963,44,33172200,0,0,0,18117,79482334240,234272706184
2022-06-01,ZHZ661S8,0,216103248,2,0,510672895,18473,2,0,0,44,0,1964,44,216103248,0,0,0,18133,79531057064,234406914408
2022-06-02,ZHZ661S8,0,107132144,2,0,515688480,18505,2,0,0,44,0,1965,44,107132144,0,0,0,18164,79613529112,234703753096
2022-06-03,ZHZ661S8,0,125920648,2,0,517917339,18520,2,0,0,44,0,1966,44,125920648,0,0,0,18179,79667119088,234913092264
2022-06-04,ZHZ661S8,0,43046960,2,0,521649122,18552,2,0,0,44,0,1967,44,43046960,0,0,0,18211,79722855520,235262763648
2022-06-05,ZHZ661S8,0,23255944,2,0,523950978,18567,2,0,0,44,0,1968,44,23255944,0,0,0,18226,79760883760,235449085120
2022-06-07,ZHZ661S8,0,60835368,2,0,532375293,18615,2,0,0,44,0,1970,44,60835368,0,0,0,18273,79854333616,236125641232
2022-06-08,ZHZ661S8,0,78850384,2,0,536614437,18646,2,0,0,44,0,1971,44,78850384,0,0,0,18304,79922202440,236564069160
2022-06-09,ZHZ661S8,0,48314824,2,0,539236853,18661,2,0,0,44,0,1972,44,48314824,0,0,0,18320,79958817064,236741059752
2022-06-10,ZHZ661S8,0,182166808,2,0,544771948,18693,2,0,0,44,0,1973,44,182166808,0,0,0,18351,80012607424,237065262144
2022-06-11,ZHZ661S8,0,169811528,2,0,546803217,18709,2,0,0,45,0,1974,45,169811528,0,0,0,18367,80045658328,237263997368
2022-06-12,ZHZ661S8,0,51217888,2,0,550187339,18740,2,0,0,44,0,1975,44,51217888,0,0,0,18399,80103461176,237575883048
2022-06-13,ZHZ661S8,0,27444672,2,0,554477635,18772,2,0,0,46,0,1977,46,27444672,0,0,0,18430,80161627720,237982224856
2022-06-14,ZHZ661S8,0,18627496,2,0,558385178,18788,2,0,0,44,0,1977,44,18627496,0,0,0,18446,80188877728,238190298720
2022-06-15,ZHZ661S8,0,152640704,2,0,562062391,18819,2,0,0,45,0,1979,45,152640704,0,0,0,18477,80247540240,238509790592
2022-06-16,ZHZ661S8,0,80739320,2,0,564423168,18835,2,0,0,44,0,1979,44,80739320,0,0,0,18492,80279167696,238650402608
2022-06-17,ZHZ661S8,0,6090120,2,0,568420950,18866,2,0,0,45,0,1980,45,6090120,0,0,0,18524,80340279368,239002923824
2022-06-18,ZHZ661S8,0,43931096,2,0,570563955,18882,2,0,0,44,0,1981,44,43931096,0,0,0,18539,80381404896,239243779968
2022-06-19,ZHZ661S8,0,180857184,2,0,573930257,18913,2,0,0,43,0,1982,43,180857184,0,0,0,18571,80443201000,239563050768
2022-06-20,ZHZ661S8,0,125268352,2,0,575862676,18929,2,0,0,43,0,1983,43,125268352,0,0,0,18586,80474255136,239720548536
2022-06-21,ZHZ661S8,0,141943272,2,0,582603603,18960,2,0,0,43,0,1984,43,141943272,0,0,0,18617,80536881400,240162879064
2022-06-22,ZHZ661S8,0,127119776,2,0,584731318,18976,2,0,0,43,0,1985,43,127119776,0,0,0,18633,80570172392,240358905608
2022-06-23,ZHZ661S8,0,19864968,2,0,590466674,19007,2,0,0,47,0,1986,47,19864968,0,0,0,18664,80629491920,240680612984
2022-06-24,ZHZ661S8,0,228289440,2,0,595557609,19039,2,0,0,46,0,1988,46,228289440,0,0,0,18696,80706268816,241056401424
2022-06-25,ZHZ661S8,0,226207472,2,0,597465521,19054,2,0,0,43,0,1988,43,226207472,0,0,0,18711,80737941280,241266787624
2022-06-26,ZHZ661S8,0,193441424,2,0,601292242,19086,2,0,0,45,0,1990,45,193441424,0,0,0,18742,80809060080,241651184296
2022-06-27,ZHZ661S8,0,109282432,2,0,603124776,19102,2,0,0,45,0,1990,45,109282432,0,0,0,18758,80843215680,241777010520
2022-06-28,ZHZ661S8,0,82580096,2,0,610330645,19133,2,0,0,46,0,1992,46,82580096,0,0,0,18789,80928611856,242153193680
2022-06-29,ZHZ661S8,0,28197424,2,0,612376841,19149,2,0,0,44,0,1992,44,28197424,0,0,0,18805,80967028560,242304535248
2022-06-30,ZHZ661S8,0,89232352,2,0,618673414,19180,2,0,0,46,0,1993,46,89232352,0,0,0,18836,81048466448,242528273064
2022-07-01,ZHZ661S8,0,46584080,2,0,620944827,19196,2,0,0,44,0,1994,44,46584080,0,0,0,18852,81095048040,242683183856
2022-07-02,ZHZ661S8,0,87822968,2,0,625222867,19227,2,0,0,48,0,1996,48,87822968,0,0,0,18883,81181009776,243126742368
2022-07-03,ZHZ661S8,0,81240200,2,0,627336428,19243,2,0,0,47,0,1996,47,81240200,0,0,0,18899,81227168312,243318141768
2022-07-04,ZHZ661S8,0,122998328,2,0,631243551,19274,2,0,0,49,0,1998,49,122998328,0,0,0,18930,81295413680,243535795376
2022-07-05,ZHZ661S8,0,41901952,2,0,635669200,19290,2,0,0,48,0,1998,48,41901952,0,0,0,18946,81336018392,243658234920
2022-07-06,ZHZ661S8,0,167965672,2,0,639645789,19322,2,0,0,48,0,1999,48,167965672,0,0,0,18977,81410489160,243953968672
2022-07-07,ZHZ661S8,0,102169400,2,0,643937694,19337,2,0,0,46,0,2000,46,102169400,0,0,0,18992,81550752624,244236190344
2022-07-08,ZHZ661S8,0,34352352,2,0,650492552,19369,2,0,0,44,0,2001,44,34352352,0,0,0,19023,81608653272,244598754264
2022-07-09,ZHZ661S8,0,219972480,2,0,652619884,19384,2,0,0,45,0,2002,45,219972480,0,0,0,19039,81644635912,244748391752
2022-07-10,ZHZ661S8,0,124938312,2,0,656757559,19416,2,0,0,44,0,2003,44,124938312,0,0,0,19070,81716917360,245069357568
2022-07-11,ZHZ661S8,0,79497880,2,0,658948109,19431,2,0,0,44,0,2004,44,79497880,0,0,0,19086,81756094256,245228881128
2022-07-12,ZHZ661S8,0,147953856,2,0,666857844,19463,2,0,0,47,0,2005,47,147953856,0,0,0,19117,81847811360,245693901264
2022-07-13,ZHZ661S8,0,182649784,2,0,672485340,19494,2,0,0,46,0,2007,46,182649784,0,0,0,19148,81934862728,246129827088
2022-07-14,ZHZ661S8,0,99498200,2,0,676052965,19510,2,0,0,44,0,2007,44,99498200,0,0,0,19164,81965152320,246260526744
2022-07-15,ZHZ661S8,0,25905968,2,0,681356015,19542,2,0,0,47,0,2009,47,25905968,0,0,0,19195,82030156336,246610212208
2022-07-16,ZHZ661S8,0,36089200,2,0,683562377,19557,2,0,0,44,0,2009,44,36089200,0,0,0,19211,82065013568,246829679080
2022-07-17,ZHZ661S8,0,122263560,2,0,687919087,19589,2,0,0,46,0,2011,46,122263560,0,0,0,19242,82126549728,247342598632
2022-07-18,ZHZ661S8,0,74750928,2,0,689605654,19605,2,0,0,45,0,2011,45,74750928,0,0,0,19258,82150111552,247515664816
2022-07-19,ZHZ661S8,0,115217840,2,0,696617745,19636,2,0,0,46,0,2013,46,115217840,0,0,0,19289,82215941480,247978583592
2022-07-20,ZHZ661S8,0,52181738,2,0,698415111,19657,2,0,0,39,0,2047,39,52181738,0,0,0,19304,82242149400,248133480202
2022-07-21,ZHZ661S8,0,184203800,4,0,703788273,19688,4,0,0,46,1,2055,46,184203800,0,0,0,19335,82312089768,248439702524
2022-07-22,ZHZ661S8,0,156905488,4,0,705874034,19704,4,0,0,46,1,2055,46,156905488,0,0,0,19350,82339144904,248629489892
2022-07-23,ZHZ661S8,0,140409784,4,0,710406859,19736,4,0,0,47,1,2057,47,140409784,0,0,0,19382,82428029504,249012390892
2022-07-24,ZHZ661S8,0,114837608,4,0,712477842,19751,4,0,0,46,1,2057,46,114837608,0,0,0,19397,82481593768,249177395140
2022-07-25,ZHZ661S8,0,86759312,4,0,717428381,19783,4,0,0,48,1,2059,48,86759312,0,0,0,19429,82541684112,249577508004
2022-07-26,ZHZ661S8,0,93151112,4,0,721608833,19798,4,0,0,46,1,2059,46,93151112,0,0,0,19444,82570151544,249799573148
2022-07-27,ZHZ661S8,0,64701752,4,0,723848968,19814,4,0,0,46,1,2060,46,64701752,0,0,0,19460,82603282816,249982133348
2022-07-28,ZHZ661S8,0,210036008,4,0,728658028,19846,4,0,0,46,1,2061,46,210036008,0,0,0,19491,82659295368,250315595716
2022-07-29,ZHZ661S8,0,110757768,4,0,732308449,19861,4,0,0,46,1,2062,46,110757768,0,0,0,19507,82686131672,250433621868
2022-07-30,ZHZ661S8,0,24214272,4,0,736255704,19893,4,0,0,46,1,2063,46,24214272,0,0,0,19538,82735212560,250786278868
2022-07-31,ZHZ661S8,0,45623616,4,0,740310133,19924,4,0,0,47,1,2065,47,45623616,0,0,0,19569,82790177912,251241004244
2022-08-01,ZHZ661S8,0,71036104,4,0,742296371,19940,4,0,0,45,1,2065,45,71036104,0,0,0,19585,82814887128,251485848580
2022-08-02,ZHZ661S8,0,169102888,4,0,749425046,19971,4,0,0,46,1,2066,46,169102888,0,0,0,19616,82876733696,252010350300
2022-08-03,ZHZ661S8,0,147546432,4,0,751715698,19987,4,0,0,46,1,2067,46,147546432,0,0,0,19632,82920929352,252188738924
2022-08-04,ZHZ661S8,0,51704472,4,0,758011306,20018,4,0,0,47,1,2068,47,51704472,0,0,0,19663,82984761600,252517345988
2022-08-05,ZHZ661S8,0,240229248,4,0,760801421,20033,4,0,0,46,1,2069,46,240229248,0,0,0,19678,83016225376,252674406988
2022-08-06,ZHZ661S8,0,182058480,4,0,764655823,20065,4,0,0,45,1,2070,45,182058480,0,0,0,19710,83077690632,253043052540
2022-08-07,ZHZ661S8,0,199734048,4,0,766942604,20081,4,0,0,45,1,2071,45,199734048,0,0,0,19725,83117149320,253265410052
2022-08-08,ZHZ661S8,0,166538960,4,0,770795186,20112,4,0,0,46,1,2072,46,166538960,0,0,0,19756,83185708848,253651937596
2022-08-09,ZHZ661S8,0,243385816,4,0,774727231,20127,4,0,0,47,1,2073,47,243385816,0,0,0,19772,83228455208,253930178724
2022-08-10,ZHZ661S8,0,179370360,4,0,780515751,20159,4,0,0,46,1,2074,46,179370360,0,0,0,19803,83310445512,254272454460
2022-08-11,ZHZ661S8,0,28923944,4,0,787023020,20190,4,0,0,46,1,2076,46,28923944,0,0,0,19834,83389548432,254531186740
2022-08-12,ZHZ661S8,0,208690992,4,0,789465544,20206,4,0,0,45,1,2076,45,208690992,0,0,0,19850,83426235128,254674267092
2022-08-13,ZHZ661S8,0,55040112,4,0,793549889,20237,4,0,0,47,1,2078,47,55040112,0,0,0,19881,83504150624,254930982452
2022-08-14,ZHZ661S8,0,40160,4,0,795706156,20253,4,0,0,45,1,2078,45,40160,0,0,0,19897,83550954352,255073319908
2022-08-15,ZHZ661S8,0,223755184,4,0,800745789,20285,4,0,0,49,1,2081,49,223755184,0,0,0,19928,83620326120,255471803798
2022-08-16,ZHZ661S8,0,11248800,4,0,805196601,20300,4,0,0,47,1,2082,47,11248800,0,0,0,19944,83656263912,255711640958
2022-08-17,ZHZ661S8,0,215046568,4,0,810093310,20332,4,0,0,48,1,2083,48,215046568,0,0,0,19975,83742664896,256073178454
2022-08-18,ZHZ661S8,0,165959048,4,0,813559134,20348,4,0,0,47,1,2084,47,165959048,0,0,0,19991,83790101288,256220795174
2022-08-19,ZHZ661S8,0,46050416,4,0,820124632,20379,4,0,0,50,1,2085,50,46050416,0,0,0,20022,83876226968,256503042694
2022-08-20,ZHZ661S8,0,61741472,4,0,825299571,20395,4,0,0,48,1,2086,48,61741472,0,0,0,20038,83928258912,256710842686
2022-08-21,ZHZ661S8,0,4805192,4,0,829714951,20426,4,0,0,47,1,2087,47,4805192,0,0,0,20069,83999835008,257070611854
2022-08-22,ZHZ661S8,0,192994016,4,0,831916775,20442,4,0,0,47,1,2088,47,192994016,0,0,0,20085,84039491688,257219143998
2022-08-23,ZHZ661S8,0,179010304,4,0,839176428,20474,4,0,0,47,1,2089,47,179010304,0,0,0,20116,84112447512,257620485862
2022-08-24,ZHZ661S8,0,157478168,4,0,841506791,20489,4,0,0,47,1,2090,47,157478168,0,0,0,20132,84158447640,257797094470
2022-08-25,ZHZ661S8,0,58154856,4,0,847653591,20521,4,0,0,48,1,2091,48,58154856,0,0,0,20163,84240218328,258104281942
2022-08-26,ZHZ661S8,0,18087104,4,0,851424726,20537,4,0,0,47,1,2092,47,18087104,0,0,0,20179,84298104480,258250468734
2022-08-27,ZHZ661S8,0,213859184,4,0,856138725,20568,4,0,0,47,1,2093,47,213859184,0,0,0,20210,84381510872,258606975134
2022-08-28,ZHZ661S8,0,201109112,4,0,858650460,20584,4,0,0,46,1,2094,46,201109112,0,0,0,20226,84440797776,258779078870
2022-08-29,ZHZ661S8,0,94981616,4,0,862831633,20615,4,0,0,47,1,2095,47,94981616,0,0,0,20257,84529449440,259072581142
2022-08-30,ZHZ661S8,0,113178120,4,0,867008865,20631,4,0,0,48,1,2096,48,113178120,0,0,0,20273,84575070248,259289297686
2022-08-31,ZHZ661S8,0,101936112,4,0,873045498,20663,4,0,0,47,1,2097,47,101936112,0,0,0,20304,84656404352,259685003038
2022-09-01,ZHZ661S8,0,99322832,4,0,876115809,20678,4,0,0,47,1,2098,47,99322832,0,0,0,20320,84713938392,259868996358
2022-09-02,ZHZ661S8,0,192871624,4,0,882929318,20710,4,0,0,47,1,2099,47,192871624,0,0,0,20351,84817681800,260102942430
2022-09-03,ZHZ661S8,0,148237512,4,0,887684049,20741,4,0,0,48,1,2100,48,148237512,0,0,0,20383,84909947888,260454323678
2022-09-04,ZHZ661S8,0,104897008,4,0,890008608,20757,4,0,0,47,1,2101,47,104897008,0,0,0,20398,84960414552,260604657390
2022-09-05,ZHZ661S8,0,116095560,4,0,895281167,20789,4,0,0,49,1,2102,49,116095560,0,0,0,20430,85055689384,261008862414
2022-09-06,ZHZ661S8,0,116370408,4,0,899579951,20804,4,0,0,48,1,2103,48,116370408,0,0,0,20446,85107633984,261201333302
2022-09-07,ZHZ661S8,0,90163472,4,0,905160332,20836,4,0,0,53,1,2104,53,90163472,0,0,0,20477,85195572456,261575469334
2022-09-08,ZHZ661S8,0,58113168,4,0,908515352,20851,4,0,0,50,1,2105,50,58113168,0,0,0,20493,85261802000,261721330230
2022-09-09,ZHZ661S8,0,70694248,4,0,914026621,20883,4,0,0,50,1,2106,50,70694248,0,0,0,20524,85350208136,262133786702
2022-09-10,ZHZ661S8,0,56630696,4,0,916885788,20899,4,0,0,47,1,2107,47,56630696,0,0,0,20539,85394009024,262320063062
2022-09-11,ZHZ661S8,0,20619800,4,0,921636352,20930,4,0,0,47,1,2108,47,20619800,0,0,0,20571,85462816808,262703525806
2022-09-12,ZHZ661S8,0,238214856,4,0,923907760,20946,4,0,0,47,1,2109,47,238214856,0,0,0,20586,85491804872,262892132798
2022-09-13,ZHZ661S8,0,65537008,4,0,931339571,20977,4,0,0,47,1,2110,47,65537008,0,0,0,20618,85550668400,263393013422
2022-09-14,ZHZ661S8,0,59990112,4,0,933809885,20993,4,0,0,47,1,2111,47,59990112,0,0,0,20633,85596832936,263585442790
2022-09-15,ZHZ661S8,0,23134624,4,0,939152599,21025,4,0,0,47,1,2112,47,23134624,0,0,0,20664,85653308072,263980393686
2022-09-16,ZHZ661S8,0,13459808,4,0,941647680,21040,4,0,0,47,1,2113,47,13459808,0,0,0,20680,85701496736,264166670838
2022-09-17,ZHZ661S8,0,203992552,4,0,945763528,21072,4,0,0,46,1,2114,46,203992552,0,0,0,20711,85763898016,264538943134
2022-09-18,ZHZ661S8,0,2687800,4,0,948347820,21088,4,0,0,47,1,2115,47,2687800,0,0,0,20727,85808491784,264781326062
2022-09-19,ZHZ661S8,0,179213856,4,0,952181782,21119,4,0,0,46,1,2116,46,179213856,0,0,0,20758,85858048912,265152435622
2022-09-20,ZHZ661S8,0,222572328,4,0,956458538,21135,4,0,0,47,1,2117,47,222572328,0,0,0,20774,85887226888,265410756750
2022-09-21,ZHZ661S8,0,213796288,4,0,961844615,21166,4,0,0,46,1,2118,46,213796288,0,0,0,20806,85947905736,265829583342
2022-09-22,ZHZ661S8,0,173670768,4,0,964620404,21182,4,0,0,48,1,2119,48,173670768,0,0,0,20821,85975161144,266006343046
2022-09-23,ZHZ661S8,0,19618632,4,0,971074859,21213,4,0,0,46,1,2120,46,19618632,0,0,0,20852,86046543584,266269189766
2022-09-24,ZHZ661S8,0,237236624,4,0,973385194,21229,4,0,0,47,1,2121,47,237236624,0,0,0,20868,86074144680,266459206662
2022-09-25,ZHZ661S8,0,194839320,4,0,977619131,21261,4,0,0,46,1,2122,46,194839320,0,0,0,20900,86129106088,266850129358
2022-09-26,ZHZ661S8,0,164077896,4,0,979657462,21276,4,0,0,49,1,2122,49,164077896,0,0,0,20915,86155386928,267037227798
2022-09-27,ZHZ661S8,0,139328984,4,0,986712707,21308,4,0,0,50,1,2124,50,139328984,0,0,0,20947,86227717656,267428429574
2022-09-28,ZHZ661S8,0,79943016,4,0,991218506,21339,4,0,0,48,1,2125,48,79943016,0,0,0,20978,86285866048,267799176478
2022-09-29,ZHZ661S8,0,9129600,4,0,994538015,21355,4,0,0,47,1,2126,47,9129600,0,0,0,20994,86309884344,267948485494
2022-09-30,ZHZ661S8,0,177419752,4,0,526558,21386,4,0,0,47,1,2127,47,177419752,0,0,0,21025,86371547776,268299252934
2022-10-01,ZHZ661S8,0,147854856,4,0,2844366,21402,4,0,0,47,1,2128,47,147854856,0,0,0,21041,86407694104,268477682350
2022-10-02,ZHZ661S8,0,106117624,4,0,7004718,21434,4,0,0,47,1,2129,47,106117624,0,0,0,21072,86471211032,268860709694
2022-10-03,ZHZ661S8,0,63078240,4,0,9084488,21450,4,0,0,46,1,2130,46,63078240,0,0,0,21088,86496604064,269036417910
2022-10-04,ZHZ661S8,0,89465848,4,0,16566398,21481,4,0,0,47,1,2131,47,89465848,0,0,0,21119,86554526864,269493164198
2022-10-05,ZHZ661S8,0,57954664,4,0,21577940,21513,4,0,0,49,1,2132,49,57954664,0,0,0,21151,86611371376,269893089926
2022-10-06,ZHZ661S8,0,7615544,4,0,26266587,21529,4,0,0,46,1,2133,46,7615544,0,0,0,21167,86635712096,270062550718
2022-10-07,ZHZ661S8,0,236751816,4,0,29038786,21544,4,0,0,45,1,2134,45,236751816,0,0,0,21182,86666052176,270261346910
2022-10-08,ZHZ661S8,0,182623160,4,0,33562246,21576,4,0,0,45,1,2135,45,182623160,0,0,0,21214,86720916608,270640635422
2022-10-09,ZHZ661S8,0,162020672,4,0,35942073,21592,4,0,0,46,1,2136,46,162020672,0,0,0,21229,86751253752,270833836446
2022-10-10,ZHZ661S8,0,135197752,4,0,40324169,21623,4,0,0,46,1,2137,46,135197752,0,0,0,21261,86790245488,271256303198
2022-10-11,ZHZ661S8,0,117584752,4,0,44677420,21639,4,0,0,46,1,2138,46,117584752,0,0,0,21276,86815712640,271457363822
2022-10-12,ZHZ661S8,0,91735408,4,0,50177565,21670,4,0,0,46,1,2139,46,91735408,0,0,0,21308,86877960544,271857548182
2022-10-13,ZHZ661S8,0,33946936,4,0,52894099,21686,4,0,0,46,1,2140,46,33946936,0,0,0,21323,86913957704,272007903182
2022-10-14,ZHZ661S8,0,145982440,4,0,59218469,21718,4,0,0,45,1,2141,45,145982440,0,0,0,21355,86972370184,272305667054
2022-10-15,ZHZ661S8,0,86086128,4,0,61446559,21734,4,0,0,46,1,2142,46,86086128,0,0,0,21371,87002728952,272459552662
2022-10-16,ZHZ661S8,0,243885064,4,0,65558183,21765,4,0,0,45,1,2143,45,243885064,0,0,0,21402,87052355888,272811865430
2022-10-17,ZHZ661S8,0,191277816,4,0,69650444,21797,4,0,0,46,1,2144,46,191277816,0,0,0,21434,87101614360,273198281398
2022-10-18,ZHZ661S8,0,156670272,4,0,72364208,21812,4,0,0,45,1,2145,45,156670272,0,0,0,21449,87130398824,273379030222
2022-10-19,ZHZ661S8,0,54067744,4,0,76316229,21844,4,0,0,45,1,2146,45,54067744,0,0,0,21481,87187206856,273707901046
2022-10-20,ZHZ661S8,0,6633544,4,0,79802127,21860,4,0,0,44,1,2147,44,6633544,0,0,0,21496,87216643512,273875170838
2022-10-21,ZHZ661S8,0,107426320,4,0,85379728,21891,4,0,0,46,1,2148,46,107426320,0,0,0,21528,87280960232,274155787902
2022-10-22,ZHZ661S8,0,70803080,4,0,87626571,21907,4,0,0,44,1,2149,44,70803080,0,0,0,21543,87309157456,274335108070
2022-10-23,ZHZ661S8,0,12200328,4,0,91418644,21939,4,0,0,44,1,2150,44,12200328,0,0,0,21575,87368860960,274705083198
2022-10-24,ZHZ661S8,0,228294736,4,0,93378318,21954,4,0,0,43,1,2151,43,228294736,0,0,0,21590,87396862704,274893175862
2022-10-25,ZHZ661S8,0,77038216,4,0,100258429,21986,4,0,0,44,1,2152,44,77038216,0,0,0,21622,87436308168,275434902358
2022-10-26,ZHZ661S8,0,120047640,4,0,102352880,22002,4,0,0,45,1,2153,45,120047640,0,0,0,21637,87462710376,275695664558
2022-10-27,ZHZ661S8,0,238603096,4,0,107624011,22033,4,0,0,44,1,2154,44,238603096,0,0,0,21669,87527849608,275993221486
2022-10-28,ZHZ661S8,0,114840016,4,0,111023252,22049,4,0,0,45,1,2155,45,114840016,0,0,0,21684,87569276504,276072172142
2022-10-29,ZHZ661S8,0,17200928,4,0,114949047,22080,4,0,0,44,1,2156,44,17200928,0,0,0,21716,87629161480,276402931070
2022-10-30,ZHZ661S8,0,222317536,4,0,116861431,22096,4,0,0,45,1,2157,45,222317536,0,0,0,21732,87661893104,276575316054
2022-10-31,ZHZ661S8,0,70300800,4,0,120295319,22128,4,0,0,45,1,2158,45,70300800,0,0,0,21763,87703965240,277113649942
2022-11-01,ZHZ661S8,0,149389184,4,0,124558014,22143,4,0,0,45,1,2159,45,149389184,0,0,0,21779,87731695328,277409148870
2022-11-02,ZHZ661S8,0,136751760,4,0,129097363,22175,4,0,0,43,1,2160,43,136751760,0,0,0,21810,87797539392,277818949054
2022-11-03,ZHZ661S8,0,63025096,4,0,131835455,22190,4,0,0,46,1,2161,46,63025096,0,0,0,21826,87849296040,277937607286
2022-11-04,ZHZ661S8,0,116552648,4,0,137797956,22222,4,0,0,45,1,2162,45,116552648,0,0,0,21857,87918438768,278166132974
2022-11-05,ZHZ661S8,0,66487400,4,0,140029820,22237,4,0,0,45,1,2163,45,66487400,0,0,0,21872,87955408912,278323238390
2022-11-06,ZHZ661S8,0,223884688,4,0,144019670,22268,4,0,0,45,1,2164,45,223884688,0,0,0,21903,88021300000,278658885222
2022-11-07,ZHZ661S8,0,242308376,4,0,148283245,22299,4,0,0,46,1,2165,46,242308376,0,0,0,21934,88070278864,279116611310
2022-11-08,ZHZ661S8,0,72166952,4,0,152666436,22315,4,0,0,46,1,2166,46,72166952,0,0,0,21950,88099824296,279405217062
2022-11-09,ZHZ661S8,0,120527240,4,0,156846646,22346,4,0,0,46,1,2168,46,120527240,0,0,0,21981,88155665232,279886022134
2022-11-10,ZHZ661S8,0,66748352,4,0,160271821,22362,4,0,0,46,1,2168,46,66748352,0,0,0,21996,88187833456,280044215974
2022-11-11,ZHZ661S8,0,169926064,4,0,166042276,22393,4,0,0,45,1,2170,45,169926064,0,0,0,22027,88250506968,280328860806
2022-11-12,ZHZ661S8,0,203736096,4,0,168150513,22408,4,0,0,45,1,2170,45,203736096,0,0,0,22043,88284238696,280573079982
2022-11-13,ZHZ661S8,0,218347672,4,0,171762562,22440,4,0,0,45,1,2172,45,218347672,0,0,0,22074,88339378272,281020918382
2022-11-14,ZHZ661S8,0,73637784,4,0,173579862,22455,4,0,0,46,1,2172,46,73637784,0,0,0,22089,88366268424,281337599894
2022-11-15,ZHZ661S8,0,220232816,4,0,180550085,22486,4,0,0,44,1,2174,44,220232816,0,0,0,22120,88415353208,281923391470
2022-11-16,ZHZ661S8,0,4067728,4,0,182563975,22502,4,0,0,45,1,2174,45,4067728,0,0,0,22136,88448283840,282162577278
2022-11-17,ZHZ661S8,0,156778920,4,0,188634908,22533,4,0,0,45,1,2175,45,156778920,0,0,0,22166,88492223040,282515489910
2022-11-18,ZHZ661S8,0,195924576,4,0,197842913,22564,4,0,0,46,1,2177,46,195924576,0,0,0,22197,88532227896,282758771558
2022-11-19,ZHZ661S8,0,81068072,4,0,202609986,22579,4,0,0,45,1,2177,45,81068072,0,0,0,22213,88563152712,282857130870
2022-11-20,ZHZ661S8,0,180088992,4,0,206820023,22610,4,0,0,44,1,2179,44,180088992,0,0,0,22243,88611501888,283151943398
2022-11-21,ZHZ661S8,0,177759656,4,0,208553956,22626,4,0,0,45,1,2179,45,177759656,0,0,0,22259,88637862352,283367394286
2022-11-22,ZHZ661S8,0,11209744,4,0,215406517,22657,4,0,0,44,1,2181,44,11209744,0,0,0,22290,88693822296,283877306582
2022-11-23,ZHZ661S8,0,64129920,4,0,220133531,22672,4,0,0,46,1,2181,46,64129920,0,0,0,22305,88719335776,284148853910
2022-11-24,ZHZ661S8,0,147484576,4,0,226789239,22703,4,0,0,45,1,2183,45,147484576,0,0,0,22336,88763712768,284431976558
2022-11-25,ZHZ661S8,0,62338896,4,0,231500342,22735,4,0,0,46,1,2184,46,62338896,0,0,0,22367,88808489288,284790335958
2022-11-26,ZHZ661S8,0,50749768,4,0,234155994,22750,4,0,0,44,1,2184,44,50749768,0,0,0,22383,88842090216,284989286534
2022-11-27,ZHZ661S8,0,33091184,4,0,237553687,22781,4,0,0,44,1,2186,44,33091184,0,0,0,22414,88893078776,285408920806
2022-11-28,ZHZ661S8,0,33079408,4,0,239336312,22797,4,0,0,43,1,2186,43,33079408,0,0,0,22429,88927701584,285618426886
2022-11-29,ZHZ661S8,0,222600608,4,0,246364836,22828,4,0,0,45,1,2188,45,222600608,0,0,0,22460,88991522696,285988267646
2022-11-30,ZHZ661S8,0,139588576,4,0,248354252,22844,4,0,0,44,1,2188,44,139588576,0,0,0,22475,89042825032,286098093910
2022-12-01,ZHZ661S8,0,75814632,4,0,255331379,22875,4,0,0,45,1,2190,45,75814632,0,0,0,22507,89132371280,286433055038
2022-12-02,ZHZ661S8,0,5802760,4,0,259718481,22890,4,0,0,46,1,2190,46,5802760,0,0,0,22522,89181096944,286558458142
2022-12-03,ZHZ661S8,0,137979176,4,0,264651510,22922,4,0,0,45,1,2192,45,137979176,0,0,0,22553,89245696400,286870175974
2022-12-04,ZHZ661S8,0,105352400,4,0,266773643,22937,4,0,0,44,1,2192,44,105352400,0,0,0,22569,89281817888,287045568366
2022-12-05,ZHZ661S8,0,96377736,4,0,271471069,22968,4,0,0,45,1,2194,45,96377736,0,0,0,22600,89345274336,287461418838
2022-12-06,ZHZ661S8,0,174381032,4,0,275893172,22984,4,0,0,46,1,2194,46,174381032,0,0,0,22615,89372830576,287756006750
2022-12-07,ZHZ661S8,0,183585152,4,0,280667682,23015,4,0,0,51,1,2195,51,183585152,0,0,0,22646,89440170696,288186152102
2022-12-08,ZHZ661S8,0,133209592,4,0,283407031,23031,4,0,0,52,1,2196,52,133209592,0,0,0,22662,89486504704,288333583334
2022-12-09,ZHZ661S8,0,17007568,4,0,287845150,23062,4,0,0,30,1,2198,30,17007568,0,0,0,22693,89543854136,288648319374
2022-12-11,ZHZ661S8,0,200537696,4,0,293684032,23109,4,0,0,29,1,2200,29,200537696,0,0,0,22740,89628579872,289235405430
2022-12-11,ZHZ661S8,0,200537696,4,0,293684032,23109,4,0,0,29,1,2200,29,200537696,0,0,0,22740,89628579872,289235405430
2022-12-12,ZHZ661S8,0,210609928,4,0,295631345,23124,4,0,0,28,1,2200,28,210609928,0,0,0,22755,89651825184,289466372982
2022-12-13,ZHZ661S8,0,225694224,4,0,302690058,23155,4,0,0,28,1,2202,28,225694224,0,0,0,22786,89695748752,289925815310
2022-12-14,ZHZ661S8,0,140555392,4,0,306382864,23186,4,0,0,28,1,2203,28,140555392,0,0,0,22817,89755200440,290269506126
2022-12-15,ZHZ661S8,0,72280336,4,0,308944599,23202,4,0,0,29,1,2203,29,72280336,0,0,0,22833,89789211768,290411360598
2022-12-16,ZHZ661S8,0,140788288,4,0,315410462,23234,4,0,0,28,1,2205,28,140788288,0,0,0,22865,89862287544,290650933406
2022-12-17,ZHZ661S8,0,106369256,4,0,317573513,23250,4,0,0,28,1,2205,28,106369256,0,0,0,22881,89898154256,290824788294
2022-12-18,ZHZ661S8,0,189531176,4,0,320932895,23281,4,0,0,28,1,2207,28,189531176,0,0,0,22912,89959586232,291090659070
2022-12-19,ZHZ661S8,0,126769672,4,0,322908276,23297,4,0,0,28,1,2207,28,126769672,0,0,0,22928,89997194552,291234431870
2022-12-20,ZHZ661S8,0,117758176,4,0,330326553,23329,4,0,0,28,1,2209,28,117758176,0,0,0,22959,90045813032,291665083398
2022-12-21,ZHZ661S8,0,134134424,4,0,332554663,23345,4,0,0,28,1,2209,28,134134424,0,0,0,22975,90085589920,291885823590
2022-12-22,ZHZ661S8,0,29890168,4,0,338753110,23376,4,0,0,29,1,2211,29,29890168,0,0,0,23006,90159376664,292196073934
2022-12-23,ZHZ661S8,0,217746296,4,0,342026286,23392,4,0,0,29,1,2211,29,217746296,0,0,0,23022,90189791104,292353515622
2022-12-24,ZHZ661S8,0,190981968,4,0,346861971,23424,4,0,0,30,1,2213,30,190981968,0,0,0,23053,90253417080,292751406638
2022-12-25,ZHZ661S8,0,221581872,4,0,349405804,23439,4,0,0,30,1,2213,30,221581872,0,0,0,23069,90287977192,292991587078
2022-12-26,ZHZ661S8,0,94670048,4,0,354399765,23471,4,0,0,30,1,2215,30,94670048,0,0,0,23100,90352142768,293288791782
2022-12-27,ZHZ661S8,0,150361712,4,0,362996238,23502,4,0,0,30,1,2216,30,150361712,0,0,0,23132,90409502920,293775404750
2022-12-28,ZHZ661S8,0,79372984,4,0,364708291,23518,4,0,0,30,1,2217,30,79372984,0,0,0,23148,90431428928,293926630678
2022-12-29,ZHZ661S8,0,210591504,4,0,370764673,23550,4,0,0,30,1,2218,30,210591504,0,0,0,23179,90494338632,294239080126
2022-12-30,ZHZ661S8,0,144363576,4,0,374317353,23566,4,0,0,29,1,2218,29,144363576,0,0,0,23195,90552824680,294358506782
2022-12-31,ZHZ661S8,0,143634824,4,0,378179210,23597,4,0,0,30,1,2220,30,143634824,0,0,0,23226,90611461280,294787422830
