2022-01-01,ZHZ666AY,0,224144776,39,0,120081195,12932,39,0,0,20,34,3024,20,224144776,0,0,0,12196,24610064440,170929742850
2022-01-02,ZHZ666AY,0,139015752,39,0,123938175,12964,39,0,0,20,34,3026,20,139015752,0,0,0,12228,24643676096,171299283618
2022-01-03,ZHZ666AY,0,123486632,39,0,126090266,12979,39,0,0,21,34,3026,21,123486632,0,0,0,12243,24654879152,171516692098
2022-01-04,ZHZ666AY,0,121736184,39,0,132717518,13011,39,0,0,20,34,3028,20,121736184,0,0,0,12275,24682427432,171975674834
2022-01-05,ZHZ666AY,0,67394464,39,0,134656060,13027,39,0,0,20,34,3028,20,67394464,0,0,0,12290,24694827040,172153074274
2022-01-06,ZHZ666AY,0,63029200,39,0,139207198,13058,39,0,0,20,34,3030,20,63029200,0,0,0,12322,24724468352,172607349138
2022-01-07,ZHZ666AY,0,8147016,39,0,141397393,13074,39,0,0,20,34,3030,20,8147016,0,0,0,12337,24743357704,172777718522
2022-01-08,ZHZ666AY,0,169805064,39,0,145887925,13105,39,0,0,21,34,3032,21,169805064,0,0,0,12369,24772058664,173154816306
2022-01-09,ZHZ666AY,0,193060104,39,0,148719034,13121,39,0,0,20,34,3032,20,193060104,0,0,0,12384,24791179656,173403091426
2022-01-10,ZHZ666AY,0,101818544,39,0,153268507,13153,39,0,0,20,34,3034,20,101818544,0,0,0,12416,24826610360,173764700466
2022-01-11,ZHZ666AY,0,110414528,39,0,155721566,13168,39,0,0,20,34,3034,20,110414528,0,0,0,12431,24841525360,174002522354
2022-01-12,ZHZ666AY,0,10626552,39,0,159801517,13200,39,0,0,20,34,3036,20,10626552,0,0,0,12463,24867421856,174365119602
2022-01-13,ZHZ666AY,0,214463728,39,0,161932623,13216,39,0,0,20,34,3036,20,214463728,0,0,0,12478,24881674296,174554704338
2022-01-14,ZHZ666AY,0,164993816,39,0,166303241,13247,39,0,0,20,34,3038,20,164993816,0,0,0,12510,24907535144,174967655330
2022-01-15,ZHZ666AY,0,81137616,39,0,168155990,13263,39,0,0,21,34,3038,21,81137616,0,0,0,12525,24920998464,175114476458
2022-01-16,ZHZ666AY,0,41813464,39,0,172605611,13294,39,0,0,20,34,3040,20,41813464,0,0,0,12557,24945965960,175538466258
2022-01-17,ZHZ666AY,0,29992136,39,0,175004875,13310,39,0,0,21,34,3040,21,29992136,0,0,0,12572,24963285272,175753466282
2022-01-18,ZHZ666AY,0,234761728,39,0,179724941,13341,39,0,0,21,34,3041,21,234761728,0,0,0,12603,24996191640,176169470170
2022-01-19,ZHZ666AY,0,218485168,39,0,186448535,13373,39,0,0,22,34,3043,22,218485168,0,0,0,12634,25034445056,176603221578
2022-01-20,ZHZ666AY,0,193845280,39,0,188028615,13388,39,0,0,21,34,3043,21,193845280,0,0,0,12650,25036918688,176820248730
2022-01-21,ZHZ666AY,0,46773544,39,0,190404181,13420,39,0,0,21,34,3045,21,46773544,0,0,0,12681,25038554536,177159822762
2022-01-22,ZHZ666AY,0,194274632,39,0,191456962,13435,39,0,0,21,34,3045,21,194274632,0,0,0,12697,25039828992,177306049394
2022-01-23,ZHZ666AY,0,57183504,39,0,193961355,13467,39,0,0,21,34,3047,21,57183504,0,0,0,12728,25041787744,177655281026
2022-01-24,ZHZ666AY,0,3787120,39,0,195233762,13483,39,0,0,21,34,3047,21,3787120,0,0,0,12744,25042406512,177845406514
2022-01-25,ZHZ666AY,0,118036776,39,0,197714799,13514,39,0,0,21,34,3049,21,118036776,0,0,0,12775,25044004048,178202199370
2022-01-26,ZHZ666AY,0,20118224,39,0,198873224,13530,39,0,0,21,34,3049,21,20118224,0,0,0,12791,25048291640,178344134058
2022-01-27,ZHZ666AY,0,131951232,39,0,201324683,13561,39,0,0,21,34,3051,21,131951232,0,0,0,12822,25051365616,178697033794
2022-01-28,ZHZ666AY,0,63945952,39,0,202547606,13577,39,0,0,21,34,3051,21,63945952,0,0,0,12838,25051877792,178872657098
2022-01-29,ZHZ666AY,0,189615296,39,0,205114913,13608,39,0,0,21,34,3053,21,189615296,0,0,0,12869,25054336352,179240008690
2022-01-30,ZHZ666AY,0,86281432,39,0,206138768,13624,39,0,0,22,34,3053,22,86281432,0,0,0,12885,25057591384,179377560538
2022-01-31,ZHZ666AY,0,220001056,39,0,208840986,13655,39,0,0,21,34,3055,21,220001056,0,0,0,12916,25063664472,179749347882
2022-02-01,ZHZ666AY,0,149752536,39,0,210159791,13671,39,0,0,20,34,3055,20,149752536,0,0,0,12931,25067878456,179919026170
2022-02-02,ZHZ666AY,0,98878744,39,0,215387497,13703,39,0,0,20,34,3058,20,98878744,0,0,0,12963,25084339040,180339973098
2022-02-03,ZHZ666AY,0,234548808,39,0,216433917,13718,39,0,0,20,34,3058,20,234548808,0,0,0,12978,25085984432,180473997770
2022-02-04,ZHZ666AY,0,129176816,39,0,219146838,13750,39,0,0,19,34,3060,19,129176816,0,0,0,13010,25092199536,180850692106
2022-02-05,ZHZ666AY,0,85874264,39,0,220567418,13766,39,0,0,20,34,3060,20,85874264,0,0,0,13025,25093566904,181050163034
2022-02-06,ZHZ666AY,0,205543992,39,0,223273631,13797,39,0,0,19,34,3061,19,205543992,0,0,0,13057,25098921184,181408619162
2022-02-07,ZHZ666AY,0,141533384,39,0,224628040,13813,39,0,0,20,34,3062,20,141533384,0,0,0,13073,25101843984,181585827010
2022-02-08,ZHZ666AY,0,50417168,39,0,227549215,13845,39,0,0,20,34,3063,20,50417168,0,0,0,13104,25105152224,181979684042
2022-02-09,ZHZ666AY,0,177195424,39,0,230107201,13876,39,0,0,20,34,3065,20,177195424,0,0,0,13135,25107759144,182347996170
2022-02-10,ZHZ666AY,0,117482096,39,0,231379207,13892,39,0,0,20,34,3065,20,117482096,0,0,0,13151,25108403416,182531779210
2022-02-11,ZHZ666AY,0,52322680,39,0,235042505,13923,39,0,0,20,34,3067,20,52322680,0,0,0,13182,25126508880,182936795650
2022-02-12,ZHZ666AY,0,37598464,39,0,237057816,13938,39,0,0,20,34,3067,20,37598464,0,0,0,13197,25136126184,183156594834
2022-02-13,ZHZ666AY,0,235236192,39,0,241070596,13970,39,0,0,20,34,3069,20,235236192,0,0,0,13229,25168121040,183566378490
2022-02-14,ZHZ666AY,0,193889736,39,0,242752987,13986,39,0,0,20,34,3069,20,193889736,0,0,0,13245,25173664768,183763629250
2022-02-15,ZHZ666AY,0,172563176,39,0,247226263,14017,39,0,0,20,34,3071,20,172563176,0,0,0,13276,25208135496,184196113386
2022-02-16,ZHZ666AY,0,151823408,39,0,249004063,14033,39,0,0,20,34,3071,20,151823408,0,0,0,13291,25225299504,184402350354
2022-02-17,ZHZ666AY,0,94351784,39,0,253250871,14064,39,0,0,20,34,3073,20,94351784,0,0,0,13323,25247811864,184810647986
2022-02-18,ZHZ666AY,0,185756256,39,0,258943151,14096,39,0,0,20,34,3074,20,185756256,0,0,0,13354,25623028512,185259257914
2022-02-19,ZHZ666AY,0,10398104,39,0,261576058,14112,39,0,0,20,34,3075,20,10398104,0,0,0,13370,25759062208,185436147362
2022-02-20,ZHZ666AY,0,195661768,39,0,266162549,14144,39,0,0,20,34,3076,20,195661768,0,0,0,13402,26087189304,185781566114
2022-02-21,ZHZ666AY,0,219920712,39,0,269566172,14160,39,0,0,20,34,3077,20,219920712,0,0,0,13418,26256424320,185880730674
2022-02-22,ZHZ666AY,0,169727288,39,0,274113078,14191,39,0,0,20,34,3078,20,169727288,0,0,0,13449,26558463040,186260921066
2022-02-23,ZHZ666AY,0,56784360,39,0,276402421,14207,39,0,0,20,34,3078,20,56784360,0,0,0,13465,26726933256,186467789314
2022-02-24,ZHZ666AY,0,26678288,39,0,280892492,14239,39,0,0,20,34,3080,20,26678288,0,0,0,13496,27031551384,186865487290
2022-02-25,ZHZ666AY,0,134063088,39,0,283877361,14254,39,0,0,21,34,3080,21,134063088,0,0,0,13512,27157061432,187091502762
2022-02-26,ZHZ666AY,0,180461664,39,0,288330002,14286,39,0,0,20,34,3082,20,180461664,0,0,0,13544,27316729864,187466514266
2022-02-27,ZHZ666AY,0,210411560,39,0,290838307,14302,39,0,0,21,34,3082,21,210411560,0,0,0,13559,27393528432,187663806434
2022-02-28,ZHZ666AY,0,170526552,39,0,297543474,14334,39,0,0,21,34,3084,21,170526552,0,0,0,13591,27573152584,187932578682
2022-03-01,ZHZ666AY,0,191793168,39,0,299274018,14350,39,0,0,20,34,3084,20,191793168,0,0,0,13607,27664654472,188106484090
2022-03-02,ZHZ666AY,0,204102496,39,0,302414677,14381,39,0,0,20,34,3086,20,204102496,0,0,0,13638,27837130424,188434598762
2022-03-03,ZHZ666AY,0,194522032,39,0,304013305,14397,39,0,0,20,34,3086,20,194522032,0,0,0,13654,27911130640,188595158834
2022-03-04,ZHZ666AY,0,112964824,39,0,310596410,14429,39,0,0,21,34,3088,21,112964824,0,0,0,13686,28058541408,189098612946
2022-03-05,ZHZ666AY,0,204164176,39,0,313174104,14445,39,0,0,21,34,3088,21,204164176,0,0,0,13701,28147171336,189345323138
2022-03-06,ZHZ666AY,0,104912008,39,0,318433696,14476,39,0,0,20,34,3090,20,104912008,0,0,0,13733,28336393232,189789271554
2022-03-07,ZHZ666AY,0,58708712,39,0,321852032,14492,39,0,0,20,34,3090,20,58708712,0,0,0,13749,28429327448,189894274802
2022-03-08,ZHZ666AY,0,224999448,39,0,327030026,14524,39,0,0,20,34,3092,20,224999448,0,0,0,13780,28606480352,190371694226
2022-03-09,ZHZ666AY,0,80157752,39,0,329877058,14540,39,0,0,21,34,3092,21,80157752,0,0,0,13796,28694590960,190627023442
2022-03-10,ZHZ666AY,0,219918648,39,0,335391511,14571,39,0,0,21,34,3094,21,219918648,0,0,0,13827,28848221392,191101435226
2022-03-11,ZHZ666AY,0,71045736,39,0,338554810,14587,39,0,0,21,34,3094,21,71045736,0,0,0,13843,28935913896,191353151266
2022-03-12,ZHZ666AY,0,41576376,39,0,345755003,14619,39,0,0,20,34,3096,20,41576376,0,0,0,13875,29125710416,191866307978
2022-03-13,ZHZ666AY,0,147661936,39,0,348685601,14635,39,0,0,20,34,3096,20,147661936,0,0,0,13891,29214615280,192127632826
2022-03-14,ZHZ666AY,0,35499584,39,0,354757885,14667,39,0,0,20,34,3098,20,35499584,0,0,0,13922,29390586624,192327781090
2022-03-15,ZHZ666AY,0,91828328,39,0,357454380,14683,39,0,0,21,34,3098,21,91828328,0,0,0,13938,29473788632,192545048490
2022-03-16,ZHZ666AY,0,32797248,39,0,363109946,14714,39,0,0,21,34,3100,21,32797248,0,0,0,13970,29649183792,193043044450
2022-03-17,ZHZ666AY,0,129651328,39,0,365969050,14730,39,0,0,21,34,3100,21,129651328,0,0,0,13986,29732568464,193300654594
2022-03-18,ZHZ666AY,0,24110248,39,0,371747859,14762,39,0,0,21,34,3102,21,24110248,0,0,0,14017,29906768104,193753335930
2022-03-19,ZHZ666AY,0,40867104,39,0,374760955,14778,39,0,0,20,34,3102,20,40867104,0,0,0,14033,29946765448,193974236298
2022-03-20,ZHZ666AY,0,101171776,39,0,379627940,14809,39,0,0,20,34,3103,20,101171776,0,0,0,14065,30091951976,194377636162
2022-03-21,ZHZ666AY,0,46416456,39,0,383082351,14825,39,0,0,20,34,3104,20,46416456,0,0,0,14080,30163936968,194495036698
2022-03-22,ZHZ666AY,0,148600368,39,0,388456082,14857,39,0,0,21,34,3105,21,148600368,0,0,0,14112,30351498024,194897940930
2022-03-23,ZHZ666AY,0,221928328,39,0,390941658,14873,39,0,0,21,34,3106,21,221928328,0,0,0,14127,30442827896,195124079858
2022-03-24,ZHZ666AY,0,40183136,39,0,395801487,14904,39,0,0,20,34,3107,20,40183136,0,0,0,14159,30604697568,195512887226
2022-03-25,ZHZ666AY,0,45271744,39,0,398408768,14920,39,0,0,21,34,3108,21,45271744,0,0,0,14175,30665685976,195701128250
2022-03-26,ZHZ666AY,0,240084984,39,0,404621807,14952,39,0,0,20,34,3109,20,240084984,0,0,0,14206,30786866216,196018902098
2022-03-27,ZHZ666AY,0,243345648,39,0,406944303,14968,39,0,0,21,34,3110,21,243345648,0,0,0,14222,30840422688,196212747178
2022-03-28,ZHZ666AY,0,137444976,39,0,413155248,14999,39,0,0,20,34,3111,20,137444976,0,0,0,14254,30943184112,196492366410
2022-03-29,ZHZ666AY,0,78720200,39,0,415157759,15015,39,0,0,20,34,3112,20,78720200,0,0,0,14269,30992064760,196628901706
2022-03-30,ZHZ666AY,0,169264368,39,0,418863962,15047,39,0,0,20,34,3114,20,169264368,0,0,0,14301,31085955640,196869696090
2022-03-31,ZHZ666AY,0,81053480,39,0,420703774,15063,39,0,0,20,34,3114,20,81053480,0,0,0,14317,31120178288,196991403418
2022-04-01,ZHZ666AY,0,76791912,39,0,425254244,15094,39,0,0,20,34,3116,20,76791912,0,0,0,14348,31289321504,197306280250
2022-04-02,ZHZ666AY,0,112256032,39,0,427712199,15110,39,0,0,20,34,3116,20,112256032,0,0,0,14364,31408813232,197466393482
2022-04-03,ZHZ666AY,0,157349160,39,0,432422146,15142,39,0,0,20,34,3118,20,157349160,0,0,0,14396,31628148384,197780433370
2022-04-04,ZHZ666AY,0,132530360,39,0,435311362,15158,39,0,0,20,34,3118,20,132530360,0,0,0,14412,31737981416,197889922266
2022-04-05,ZHZ666AY,0,87224104,39,0,440851862,15190,39,0,0,20,34,3120,20,87224104,0,0,0,14443,31935820200,198135058626
2022-04-06,ZHZ666AY,0,128917544,39,0,443125622,15205,39,0,0,20,34,3120,20,128917544,0,0,0,14459,32057415168,198299297890
2022-04-07,ZHZ666AY,0,206648184,39,0,447843673,15237,39,0,0,20,34,3122,20,206648184,0,0,0,14490,32283625696,198639099474
2022-04-08,ZHZ666AY,0,218011016,39,0,450288096,15253,39,0,0,20,34,3122,20,218011016,0,0,0,14506,32384045032,198794183674
2022-04-09,ZHZ666AY,0,131260264,39,0,456758486,15285,39,0,0,21,34,3124,21,131260264,0,0,0,14538,32656287736,199167612258
2022-04-10,ZHZ666AY,0,212203152,39,0,462089537,15317,39,0,0,20,34,3125,20,212203152,0,0,0,14569,32902606336,199490518042
2022-04-11,ZHZ666AY,0,190012344,39,0,465204422,15333,39,0,0,21,34,3126,21,190012344,0,0,0,14585,33021041744,199594032626
2022-04-12,ZHZ666AY,0,157154056,39,0,470861827,15364,39,0,0,21,34,3127,21,157154056,0,0,0,14617,33241039552,199829457826
2022-04-13,ZHZ666AY,0,186284424,39,0,473260294,15380,39,0,0,21,34,3128,21,186284424,0,0,0,14633,33356742968,199987025410
2022-04-14,ZHZ666AY,0,15432968,39,0,480560778,15412,39,0,0,21,34,3129,21,15432968,0,0,0,14664,33528056448,200377283162
2022-04-15,ZHZ666AY,0,64917552,39,0,483330149,15428,39,0,0,21,34,3130,21,64917552,0,0,0,14680,33630328184,200568636882
2022-04-16,ZHZ666AY,0,202047096,39,0,490230469,15459,39,0,0,21,34,3131,21,202047096,0,0,0,14711,33871031640,200953344514
2022-04-17,ZHZ666AY,0,4084128,39,0,492843080,15475,39,0,0,21,34,3132,21,4084128,0,0,0,14727,33975758800,201138936058
2022-04-18,ZHZ666AY,0,184646280,39,0,499190637,15507,39,0,0,21,34,3133,21,184646280,0,0,0,14759,34189768712,201349629050
2022-04-19,ZHZ666AY,0,175037504,39,0,502049060,15523,39,0,0,21,34,3134,21,175037504,0,0,0,14774,34281541616,201492388090
2022-04-20,ZHZ666AY,0,74843368,39,0,507104446,15555,39,0,0,21,34,3135,21,74843368,0,0,0,14806,34521772864,201884385114
2022-04-21,ZHZ666AY,0,106423192,39,0,509662027,15570,39,0,0,21,34,3135,21,106423192,0,0,0,14822,34616112544,202065766034
2022-04-22,ZHZ666AY,0,180519768,39,0,515259273,15602,39,0,0,21,34,3137,21,180519768,0,0,0,14853,34796495088,202447761546
2022-04-23,ZHZ666AY,0,235843880,39,0,518972576,15618,39,0,0,21,34,3138,21,235843880,0,0,0,14869,34913623936,202630097442
2022-04-24,ZHZ666AY,0,13821968,39,0,524319975,15650,39,0,0,21,34,3139,21,13821968,0,0,0,14901,35095527992,202958593578
2022-04-25,ZHZ666AY,0,156374576,39,0,527627137,15665,39,0,0,21,34,3140,21,156374576,0,0,0,14916,35136025096,203060649082
2022-04-26,ZHZ666AY,0,217350304,39,0,533326679,15697,39,0,0,21,34,3141,21,217350304,0,0,0,14948,35343865200,203402066210
2022-04-27,ZHZ666AY,0,52265400,39,0,535887353,15713,39,0,0,21,34,3142,21,52265400,0,0,0,14964,35459310128,203609817930
2022-04-28,ZHZ666AY,0,97257136,39,0,540963329,15745,39,0,0,21,34,3143,21,97257136,0,0,0,14995,35644620408,203957780674
2022-04-29,ZHZ666AY,0,116085864,39,0,543628695,15761,39,0,0,21,34,3143,21,116085864,0,0,0,15011,35734903896,204130466578
2022-04-30,ZHZ666AY,0,163857088,39,0,550316807,15793,39,0,0,21,34,3145,21,163857088,0,0,0,15043,35939988224,204461434930
2022-05-01,ZHZ666AY,0,210534608,39,0,552790468,15808,39,0,0,21,34,3145,21,210534608,0,0,0,15059,36055667192,204636574122
2022-05-02,ZHZ666AY,0,155142488,39,0,559011195,15840,39,0,0,21,34,3147,21,155142488,0,0,0,15091,36245212864,204879917762
2022-05-03,ZHZ666AY,0,129222704,39,0,562175486,15856,39,0,0,21,34,3147,21,129222704,0,0,0,15106,36339525016,205003826658
2022-05-04,ZHZ666AY,0,5711576,39,0,567388501,15888,39,0,0,21,34,3149,21,5711576,0,0,0,15138,36547410640,205404852442
2022-05-05,ZHZ666AY,0,851232,39,0,569887522,15903,39,0,0,21,34,3149,21,851232,0,0,0,15153,36632846656,205558696714
2022-05-06,ZHZ666AY,0,45713984,39,0,575318626,15935,39,0,0,21,34,3151,21,45713984,0,0,0,15185,36819475624,205905212370
2022-05-07,ZHZ666AY,0,43707176,39,0,578929827,15951,39,0,0,21,34,3151,21,43707176,0,0,0,15201,36929646392,206037175666
2022-05-08,ZHZ666AY,0,63354488,39,0,584720217,15983,39,0,0,21,34,3153,21,63354488,0,0,0,15232,37129046688,206345705194
2022-05-09,ZHZ666AY,0,30770256,39,0,587803329,15999,39,0,0,21,34,3153,21,30770256,0,0,0,15248,37230827960,206455480338
2022-05-10,ZHZ666AY,0,184181984,39,0,593796776,16030,39,0,0,21,34,3155,21,184181984,0,0,0,15280,37354639848,206729221106
2022-05-11,ZHZ666AY,0,227615632,39,0,596404945,16046,39,0,0,21,34,3155,21,227615632,0,0,0,15295,37471418440,206900017194
2022-05-12,ZHZ666AY,0,233895296,39,0,601409282,16078,39,0,0,21,34,3157,21,233895296,0,0,0,15327,37658089936,207207906690
2022-05-13,ZHZ666AY,0,241329192,39,0,604060931,16094,39,0,0,21,34,3157,21,241329192,0,0,0,15343,37761923536,207355647762
2022-05-14,ZHZ666AY,0,63035192,39,0,611000032,16126,39,0,0,21,34,3159,21,63035192,0,0,0,15374,37965003800,207706696162
2022-05-15,ZHZ666AY,0,39039784,39,0,616215506,16157,39,0,0,21,34,3160,21,39039784,0,0,0,15406,38150412056,207985574762
2022-05-16,ZHZ666AY,0,222106832,39,0,619836086,16173,39,0,0,21,34,3161,21,222106832,0,0,0,15422,38242982608,208076071258
2022-05-17,ZHZ666AY,0,209926496,39,0,625300752,16205,39,0,0,21,34,3162,21,209926496,0,0,0,15453,38412206520,208382948634
2022-05-18,ZHZ666AY,0,231543992,39,0,627984828,16221,39,0,0,21,34,3163,21,231543992,0,0,0,15469,38507498592,208553414730
2022-05-19,ZHZ666AY,0,217134712,39,0,632924077,16252,39,0,0,21,34,3164,21,217134712,0,0,0,15501,38670682312,208864103026
2022-05-20,ZHZ666AY,0,240323808,39,0,635793061,16268,39,0,0,21,34,3165,21,240323808,0,0,0,15517,38768476912,209033638410
2022-05-21,ZHZ666AY,0,48199848,39,0,642628760,16300,39,0,0,21,34,3166,21,48199848,0,0,0,15548,38975170784,209367242818
2022-05-22,ZHZ666AY,0,52575296,39,0,645161250,16316,39,0,0,21,34,3167,21,52575296,0,0,0,15564,39067491120,209523438570
2022-05-23,ZHZ666AY,0,201245376,39,0,651920267,16348,39,0,0,21,34,3168,21,201245376,0,0,0,15596,39233259080,209750481322
2022-05-24,ZHZ666AY,0,169961600,39,0,654776863,16364,39,0,0,21,34,3169,21,169961600,0,0,0,15612,39307326088,209889271482
2022-05-25,ZHZ666AY,0,223308968,39,0,660186697,16395,39,0,0,21,34,3170,21,223308968,0,0,0,15643,39505443232,210232783394
2022-05-26,ZHZ666AY,0,235511520,39,0,662907762,16411,39,0,0,21,34,3171,21,235511520,0,0,0,15659,39588683512,210405886346
2022-05-27,ZHZ666AY,0,10121968,39,0,668821589,16443,39,0,0,21,34,3172,21,10121968,0,0,0,15691,39764063760,210737538674
2022-05-28,ZHZ666AY,0,29833760,39,0,672578138,16459,39,0,0,21,34,3173,21,29833760,0,0,0,15706,39860580568,210904875226
2022-05-29,ZHZ666AY,0,239607440,39,0,677849231,16490,39,0,0,21,34,3174,21,239607440,0,0,0,15738,40029019888,211190350290
2022-05-30,ZHZ666AY,0,196247896,39,0,681360673,16506,39,0,0,21,34,3174,21,196247896,0,0,0,15754,40128136008,211292015458
2022-05-31,ZHZ666AY,0,111821664,39,0,687338040,16538,39,0,0,22,34,3176,22,111821664,0,0,0,15785,40300825160,211523181610
2022-06-01,ZHZ666AY,0,150111368,39,0,689907756,16554,39,0,0,21,34,3177,21,150111368,0,0,0,15801,40398488216,211707948890
2022-06-02,ZHZ666AY,0,151747784,39,0,695128824,16585,39,0,0,21,34,3178,21,151747784,0,0,0,15833,40559792272,212036562682
2022-06-03,ZHZ666AY,0,204866736,39,0,698085221,16601,39,0,0,21,34,3178,21,204866736,0,0,0,15848,40668041752,212225573338
2022-06-04,ZHZ666AY,0,19569072,39,0,705101623,16633,39,0,0,21,34,3180,21,19569072,0,0,0,15880,40858673640,212582066074
2022-06-05,ZHZ666AY,0,40616448,39,0,707789033,16649,39,0,0,21,34,3181,21,40616448,0,0,0,15895,40963278064,212742649770
2022-06-07,ZHZ666AY,0,154251432,39,0,717289590,16696,39,0,0,21,34,3183,21,154251432,0,0,0,15943,41215364040,213092480426
2022-06-08,ZHZ666AY,0,168950712,39,0,722536340,16728,39,0,0,21,34,3184,21,168950712,0,0,0,15974,41370427280,213440398402
2022-06-09,ZHZ666AY,0,165162264,39,0,727771559,16760,39,0,0,21,34,3185,21,165162264,0,0,0,16006,41517097856,213778221106
2022-06-10,ZHZ666AY,0,210196768,39,0,730940262,16776,39,0,0,21,34,3186,21,210196768,0,0,0,16022,41602810456,213981683906
2022-06-11,ZHZ666AY,0,243877464,39,0,737565702,16807,39,0,0,21,34,3187,21,243877464,0,0,0,16053,41772709808,214333747010
2022-06-12,ZHZ666AY,0,238418600,39,0,740416263,16823,39,0,0,21,34,3188,21,238418600,0,0,0,16069,41856054632,214489084266
2022-06-13,ZHZ666AY,0,113124312,39,0,747109303,16855,39,0,0,21,34,3189,21,113124312,0,0,0,16101,42029171456,214678955138
2022-06-14,ZHZ666AY,0,90852192,39,0,749722577,16871,39,0,0,21,34,3190,21,90852192,0,0,0,16117,42106907792,214823087346
2022-06-15,ZHZ666AY,0,72366856,39,0,754655246,16903,39,0,0,21,34,3191,21,72366856,0,0,0,16148,42291251416,215108540114
2022-06-16,ZHZ666AY,0,48657176,39,0,757271838,16918,39,0,0,21,34,3192,21,48657176,0,0,0,16164,42350281200,215269941386
2022-06-17,ZHZ666AY,0,76313280,39,0,763622011,16950,39,0,0,21,34,3193,21,76313280,0,0,0,16196,42534603360,215601556826
2022-06-18,ZHZ666AY,0,79539552,39,0,767229388,16966,39,0,0,21,34,3194,21,79539552,0,0,0,16211,42627809200,215755717938
2022-06-19,ZHZ666AY,0,94182944,39,0,772677659,16998,39,0,0,21,34,3195,21,94182944,0,0,0,16243,42805733968,216080718226
2022-06-20,ZHZ666AY,0,43007048,39,0,776175163,17014,39,0,0,21,34,3196,21,43007048,0,0,0,16259,42898846728,216180571186
2022-06-21,ZHZ666AY,0,225048656,39,0,781830580,17045,39,0,0,21,34,3197,21,225048656,0,0,0,16290,43079860072,216425740322
2022-06-22,ZHZ666AY,0,220048976,39,0,784439773,17061,39,0,0,21,34,3198,21,220048976,0,0,0,16306,43178949960,216565791610
2022-06-23,ZHZ666AY,0,190925592,39,0,789553662,17093,39,0,0,21,34,3199,21,190925592,0,0,0,16338,43323135096,216880764858
2022-06-24,ZHZ666AY,0,210599088,39,0,792544507,17109,39,0,0,21,34,3200,21,210599088,0,0,0,16354,43407969240,217059744842
2022-06-25,ZHZ666AY,0,25332384,39,0,799541926,17141,39,0,0,21,34,3201,21,25332384,0,0,0,16385,43575782736,217439086978
2022-06-26,ZHZ666AY,0,24852512,39,0,802250958,17157,39,0,0,21,34,3202,21,24852512,0,0,0,16401,43653090848,217605439970
2022-06-27,ZHZ666AY,0,176244368,39,0,809252465,17188,39,0,0,21,34,3203,21,176244368,0,0,0,16432,43796199080,217857864562
2022-06-28,ZHZ666AY,0,155828304,39,0,811820689,17204,39,0,0,21,34,3204,21,155828304,0,0,0,16448,43844699992,218033088298
2022-06-29,ZHZ666AY,0,187187640,39,0,819218881,17236,39,0,0,21,34,3206,21,187187640,0,0,0,16479,43996628640,218400800346
2022-06-30,ZHZ666AY,0,157973384,39,0,821572938,17252,39,0,0,20,34,3208,20,157973384,0,0,0,16495,44062433432,218549922370
2022-07-01,ZHZ666AY,0,201485304,39,0,826876707,17283,39,0,0,21,34,3209,21,201485304,0,0,0,16526,44158893976,218985255066
2022-07-02,ZHZ666AY,0,239375624,39,0,829389663,17299,39,0,0,21,34,3209,21,239375624,0,0,0,16542,44233192488,219192987530
2022-07-03,ZHZ666AY,0,42264720,39,0,834209891,17331,39,0,0,21,34,3213,21,42264720,0,0,0,16573,44399913688,219561577474
2022-07-04,ZHZ666AY,0,130183512,39,0,837077659,17347,39,0,0,21,34,3213,21,130183512,0,0,0,16589,44494713536,219798837058
2022-07-05,ZHZ666AY,0,228975456,40,0,842183149,17379,40,0,0,21,34,3220,21,228975456,0,0,0,16621,44623448952,220257175098
2022-07-06,ZHZ666AY,0,44047808,40,0,844844811,17395,40,0,0,21,34,3220,21,44047808,0,0,0,16636,44702048488,220481929330
2022-07-07,ZHZ666AY,0,93963608,40,0,849340595,17426,40,0,0,21,34,3222,21,93963608,0,0,0,16668,44845194432,220876980466
2022-07-08,ZHZ666AY,0,189755776,40,0,852522670,17442,40,0,0,21,34,3222,21,189755776,0,0,0,16684,44929322248,221132785498
2022-07-09,ZHZ666AY,0,187685552,40,0,860197498,17474,40,0,0,21,34,3224,21,187685552,0,0,0,16715,45096474192,221695985354
2022-07-10,ZHZ666AY,0,28076896,40,0,863156783,17490,40,0,0,21,34,3224,21,28076896,0,0,0,16731,45175170024,221945962586
2022-07-11,ZHZ666AY,0,157435368,40,0,869114608,17521,40,0,0,21,34,3226,21,157435368,0,0,0,16762,45316673264,222177958626
2022-07-12,ZHZ666AY,0,190686800,40,0,871712305,17537,40,0,0,21,34,3226,21,190686800,0,0,0,16778,45383417896,222388606058
2022-07-13,ZHZ666AY,0,78682936,40,0,877159478,17569,40,0,0,21,34,3229,21,78682936,0,0,0,16810,45532700688,222859742130
2022-07-14,ZHZ666AY,0,110244760,40,0,879474528,17585,40,0,0,21,34,3229,21,110244760,0,0,0,16825,45600275112,223067870402
2022-07-15,ZHZ666AY,0,181895784,40,0,885278914,17616,40,0,0,21,34,3231,21,181895784,0,0,0,16857,45703319200,223524759626
2022-07-16,ZHZ666AY,0,230228032,40,0,888245720,17632,40,0,0,21,34,3231,21,230228032,0,0,0,16873,45783785616,223736766202
2022-07-17,ZHZ666AY,0,41332256,40,0,893218037,17664,40,0,0,20,34,3233,20,41332256,0,0,0,16904,45927172480,224136906434
2022-07-18,ZHZ666AY,0,195781320,40,0,895960655,17680,40,0,0,21,34,3233,21,195781320,0,0,0,16920,46001125544,224217402434
2022-07-19,ZHZ666AY,0,164820912,40,0,901069282,17712,40,0,0,21,34,3235,21,164820912,0,0,0,16952,46122461288,224553388746
2022-07-20,ZHZ666AY,0,231105384,40,0,903887788,17728,40,0,0,21,34,3235,21,231105384,0,0,0,16968,46199324336,224786950986
2022-07-21,ZHZ666AY,0,44069448,40,0,908055590,17759,40,0,0,20,34,3237,20,44069448,0,0,0,16999,46333958600,225197702954
2022-07-22,ZHZ666AY,0,101739352,40,0,910701718,17775,40,0,0,21,34,3237,21,101739352,0,0,0,17015,46408551512,225424920730
2022-07-23,ZHZ666AY,0,60299712,40,0,917887118,17807,40,0,0,21,34,3239,21,60299712,0,0,0,17046,46564615032,225959839850
2022-07-24,ZHZ666AY,0,121004520,40,0,920586190,17823,40,0,0,21,34,3239,21,121004520,0,0,0,17062,46633980704,226195319826
2022-07-25,ZHZ666AY,0,207680384,40,0,926066651,17854,40,0,0,21,34,3241,21,207680384,0,0,0,17094,46738235016,226421882058
2022-07-26,ZHZ666AY,0,202256560,40,0,928447124,17870,40,0,0,21,34,3241,21,202256560,0,0,0,17109,46790685008,226608149098
2022-07-27,ZHZ666AY,0,78081848,40,0,933772311,17902,40,0,0,21,34,3244,21,78081848,0,0,0,17141,46928808392,227078273090
2022-07-28,ZHZ666AY,0,115444648,40,0,936046510,17918,40,0,0,21,34,3244,21,115444648,0,0,0,17157,46990951864,227297633322
2022-07-29,ZHZ666AY,0,145729496,40,0,941003071,17949,40,0,0,21,34,3246,21,145729496,0,0,0,17188,47103278616,227703872962
2022-07-30,ZHZ666AY,0,210735992,40,0,944990194,17965,40,0,0,22,34,3246,22,210735992,0,0,0,17204,47166033280,227950265666
2022-07-31,ZHZ666AY,0,143340184,40,0,951322965,17997,40,0,0,21,34,3248,21,143340184,0,0,0,17236,47309447000,228471878706
2022-08-01,ZHZ666AY,0,36905328,40,0,953197463,18013,40,0,0,21,34,3248,21,36905328,0,0,0,17252,47377262424,228541769218
2022-08-02,ZHZ666AY,0,71108280,40,0,958319970,18045,40,0,0,21,34,3250,21,71108280,0,0,0,17283,47485767048,228711608322
2022-08-03,ZHZ666AY,0,180540648,40,0,963617707,18076,40,0,0,21,34,3252,21,180540648,0,0,0,17314,47614806624,229180282538
2022-08-04,ZHZ666AY,0,208077760,40,0,965742825,18092,40,0,0,21,34,3252,21,208077760,0,0,0,17330,47681788832,229384978186
2022-08-05,ZHZ666AY,0,43848304,40,0,971906906,18124,40,0,0,21,34,3254,21,43848304,0,0,0,17362,47823474120,229811486714
2022-08-06,ZHZ666AY,0,135250944,40,0,974648130,18140,40,0,0,21,34,3255,21,135250944,0,0,0,17378,47894113744,230076390666
2022-08-07,ZHZ666AY,0,186889416,40,0,979522874,18171,40,0,0,21,34,3256,21,186889416,0,0,0,17409,48027997760,230482426498
2022-08-08,ZHZ666AY,0,96865768,40,0,982707686,18187,40,0,0,21,34,3256,21,96865768,0,0,0,17425,48106972672,230557568682
2022-08-09,ZHZ666AY,0,122330168,40,0,987646551,18219,40,0,0,21,34,3258,21,122330168,0,0,0,17457,48224404048,230953883226
2022-08-10,ZHZ666AY,0,190523488,40,0,990406993,18235,40,0,0,21,34,3258,21,190523488,0,0,0,17473,48304445336,231186175890
2022-08-11,ZHZ666AY,0,6677240,40,0,994684915,18267,40,0,0,21,34,3260,21,6677240,0,0,0,17504,48344457528,231694739626
2022-08-12,ZHZ666AY,0,87062552,40,0,997811890,18283,40,0,0,21,34,3260,21,87062552,0,0,0,17520,48396190336,231967532922
2022-08-13,ZHZ666AY,0,220177280,40,0,4360828,18314,40,0,0,21,34,3262,21,220177280,0,0,0,17551,48490770544,232494349106
2022-08-14,ZHZ666AY,0,41516248,40,0,6914969,18330,40,0,0,20,34,3262,20,41516248,0,0,0,17567,48546243600,232748497602
2022-08-15,ZHZ666AY,0,125156600,40,0,12210278,18362,40,0,0,21,34,3264,21,125156600,0,0,0,17599,48669024960,232953497394
2022-08-16,ZHZ666AY,0,147352736,40,0,14839227,18378,40,0,0,21,34,3264,21,147352736,0,0,0,17615,48727454904,233161404242
2022-08-17,ZHZ666AY,0,18790624,40,0,20144842,18410,40,0,0,20,34,3267,20,18790624,0,0,0,17646,48847544800,233645174330
2022-08-18,ZHZ666AY,0,75427072,40,0,22391706,18426,40,0,0,21,34,3267,21,75427072,0,0,0,17662,48922772016,233870724642
2022-08-19,ZHZ666AY,0,157659968,40,0,28263449,18457,40,0,0,21,34,3269,21,157659968,0,0,0,17694,49053984696,234310026434
2022-08-20,ZHZ666AY,0,9856576,40,0,30775119,18473,40,0,0,21,34,3269,21,9856576,0,0,0,17709,49128160392,234576328714
2022-08-21,ZHZ666AY,0,45172200,40,0,34856361,18505,40,0,0,21,34,3271,21,45172200,0,0,0,17741,49268404376,234959681994
2022-08-22,ZHZ666AY,0,195895024,40,0,38118971,18521,40,0,0,21,34,3271,21,195895024,0,0,0,17757,49331589808,235047219386
2022-08-23,ZHZ666AY,0,224935184,40,0,42286485,18552,40,0,0,20,34,3273,20,224935184,0,0,0,17788,49458012888,235438117954
2022-08-24,ZHZ666AY,0,124535672,40,0,47650575,18584,40,0,0,20,34,3275,20,124535672,0,0,0,17820,49580077640,235948075650
2022-08-25,ZHZ666AY,0,159624045,40,0,49807087,18601,40,0,0,21,34,3283,21,159624045,0,0,0,17835,49626461752,236180921007
2022-08-26,ZHZ666AY,0,67044736,40,0,57048108,18633,40,0,0,22,34,3284,22,67044736,0,0,0,17867,49736275864,236710949903
2022-08-27,ZHZ666AY,0,161944232,40,0,59848733,18649,40,0,0,21,34,3285,21,161944232,0,0,0,17883,49792581752,236993684311
2022-08-28,ZHZ666AY,0,174654608,40,0,64840203,18680,40,0,0,21,34,3286,21,174654608,0,0,0,17914,49911547664,237375710447
2022-08-29,ZHZ666AY,0,59637992,40,0,67809456,18696,40,0,0,21,34,3287,21,59637992,0,0,0,17930,49969855032,237446527119
2022-08-30,ZHZ666AY,0,23057120,40,0,72270426,18728,40,0,0,21,34,3288,21,23057120,0,0,0,17961,50040385360,237827697351
2022-08-31,ZHZ666AY,0,91720960,40,0,74907966,18744,40,0,0,21,34,3290,21,91720960,0,0,0,17977,50106425768,238074461487
2022-09-01,ZHZ666AY,0,121616688,40,0,77221322,18759,40,0,0,21,34,3290,21,121616688,0,0,0,17993,50176786424,238278137511
2022-09-02,ZHZ666AY,0,232193472,40,0,83122251,18791,40,0,0,21,34,3292,21,232193472,0,0,0,18024,50299661904,238754120327
2022-09-03,ZHZ666AY,0,106818048,40,0,86875000,18807,40,0,0,21,34,3292,21,106818048,0,0,0,18040,50358236248,239058452247
2022-09-04,ZHZ666AY,0,227954992,40,0,92690119,18839,40,0,0,21,34,3294,21,227954992,0,0,0,18072,50511174856,239514932031
2022-09-05,ZHZ666AY,0,147182376,40,0,95339190,18855,40,0,0,21,34,3294,21,147182376,0,0,0,18088,50588190312,239601284615
2022-09-06,ZHZ666AY,0,208351016,40,0,100846376,18887,40,0,0,21,34,3296,21,208351016,0,0,0,18119,50706641456,239788143159
2022-09-07,ZHZ666AY,0,241978992,40,0,103694530,18902,40,0,0,21,34,3296,21,241978992,0,0,0,18135,50753572256,240018980991
2022-09-08,ZHZ666AY,0,110624768,40,0,109328614,18934,40,0,0,22,34,3298,22,110624768,0,0,0,18166,50853837480,240519783711
2022-09-09,ZHZ666AY,0,104159432,40,0,115675811,18966,40,0,0,21,34,3299,21,104159432,0,0,0,18198,51021642992,241077935087
2022-09-10,ZHZ666AY,0,238989104,40,0,119220333,18982,40,0,0,21,34,3300,21,238989104,0,0,0,18214,51096572328,241381976247
2022-09-11,ZHZ666AY,0,51866800,40,0,124505664,19013,40,0,0,21,34,3301,21,51866800,0,0,0,18245,51241219064,241782629463
2022-09-12,ZHZ666AY,0,213905624,40,0,127587660,19029,40,0,0,21,34,3302,21,213905624,0,0,0,18261,51325713552,241860173799
2022-09-13,ZHZ666AY,0,135748480,40,0,132664719,19061,40,0,0,21,34,3303,21,135748480,0,0,0,18293,51475936712,242120074999
2022-09-14,ZHZ666AY,0,188454360,40,0,135407383,19077,40,0,0,21,34,3304,21,188454360,0,0,0,18308,51536016048,242356842279
2022-09-15,ZHZ666AY,0,66046672,40,0,140640119,19109,40,0,0,21,34,3306,21,66046672,0,0,0,18340,51654453736,242848419151
2022-09-16,ZHZ666AY,0,163288928,40,0,143457751,19124,40,0,0,21,34,3307,21,163288928,0,0,0,18355,51736970184,243107285791
2022-09-17,ZHZ666AY,0,77605112,40,0,150083579,19156,40,0,0,21,34,3308,21,77605112,0,0,0,18387,51894185856,243596808503
2022-09-18,ZHZ666AY,0,151123728,40,0,153024199,19172,40,0,0,21,34,3309,21,151123728,0,0,0,18403,51974835880,243833817831
2022-09-19,ZHZ666AY,0,179695896,40,0,158276211,19204,40,0,0,20,34,3310,20,179695896,0,0,0,18434,52082968824,243998397687
2022-09-20,ZHZ666AY,0,143358312,40,0,160435963,19220,40,0,0,21,34,3310,21,143358312,0,0,0,18450,52117260200,244171909583
2022-09-21,ZHZ666AY,0,23545544,40,0,165643889,19251,40,0,0,21,34,3313,21,23545544,0,0,0,18481,52270564552,244631214895
2022-09-22,ZHZ666AY,0,92072624,40,0,170584980,19283,40,0,0,21,34,3314,21,92072624,0,0,0,18513,52409539168,245049048967
2022-09-23,ZHZ666AY,0,177478264,40,0,174158189,19299,40,0,0,22,34,3315,22,177478264,0,0,0,18529,52473284136,245314850287
2022-09-24,ZHZ666AY,0,155533040,40,0,181205124,19330,40,0,0,21,34,3316,21,155533040,0,0,0,18560,52606786712,245891825095
2022-09-25,ZHZ666AY,0,181602184,40,0,183815426,19346,40,0,0,21,34,3317,21,181602184,0,0,0,18576,52675945256,246092876407
2022-09-26,ZHZ666AY,0,240171296,40,0,189052590,19378,40,0,0,21,34,3318,21,240171296,0,0,0,18607,52805972144,246265559615
2022-09-27,ZHZ666AY,0,243210768,40,0,191393151,19394,40,0,0,21,34,3319,21,243210768,0,0,0,18623,52869253024,246449458839
2022-09-28,ZHZ666AY,0,51955352,40,0,194090890,19409,40,0,0,21,34,3319,21,51955352,0,0,0,18639,52921587936,246694149927
2022-09-29,ZHZ666AY,0,118467232,40,0,198522692,19441,40,0,0,21,34,3322,21,118467232,0,0,0,18671,53056632008,247113899111
2022-09-30,ZHZ666AY,0,174137376,40,0,201277151,19457,40,0,0,21,34,3322,21,174137376,0,0,0,18686,53118802024,247351539999
2022-10-01,ZHZ666AY,0,21861392,40,0,205080713,19473,40,0,0,21,34,3323,21,21861392,0,0,0,18702,53190256872,247616090607
2022-10-02,ZHZ666AY,0,158161832,40,0,210534688,19505,40,0,0,21,34,3324,21,158161832,0,0,0,18734,53326263168,248104666119
2022-10-03,ZHZ666AY,0,89751096,40,0,218534061,19537,40,0,0,21,34,3326,21,89751096,0,0,0,18765,53449102544,248401697407
2022-10-04,ZHZ666AY,0,237330648,40,0,221046625,19552,40,0,0,21,34,3326,21,237330648,0,0,0,18781,53500435200,248497944303
2022-10-05,ZHZ666AY,0,48763168,40,0,226177831,19584,40,0,0,21,34,3328,21,48763168,0,0,0,18812,53601662760,248940571287
2022-10-06,ZHZ666AY,0,67027416,40,0,228633123,19600,40,0,0,21,34,3328,21,67027416,0,0,0,18828,53642217448,249162421631
2022-10-07,ZHZ666AY,0,158724856,40,0,234519073,19632,40,0,0,21,34,3330,21,158724856,0,0,0,18860,53775683824,249608934039
2022-10-08,ZHZ666AY,0,20057784,40,0,237532843,19647,40,0,0,21,34,3330,21,20057784,0,0,0,18876,53851824352,249882407871
2022-10-09,ZHZ666AY,0,131242080,40,0,242610052,19679,40,0,0,21,34,3332,21,131242080,0,0,0,18907,54004819368,250328878575
2022-10-10,ZHZ666AY,0,42869680,40,0,245163299,19695,40,0,0,21,34,3332,21,42869680,0,0,0,18923,54079357096,250410109119
2022-10-11,ZHZ666AY,0,191608240,40,0,250268597,19727,40,0,0,21,34,3334,21,191608240,0,0,0,18954,54204073744,250678271663
2022-10-12,ZHZ666AY,0,15368384,40,0,253006818,19743,40,0,0,21,34,3334,21,15368384,0,0,0,18970,54257371024,250937016199
2022-10-13,ZHZ666AY,0,98292760,40,0,257357068,19774,40,0,0,21,34,3337,21,98292760,0,0,0,19002,54371208840,251394384311
2022-10-14,ZHZ666AY,0,136454768,40,0,259898709,19790,40,0,0,22,34,3337,22,136454768,0,0,0,19017,54413667040,251634228959
2022-10-15,ZHZ666AY,0,60978432,40,0,267188293,19822,40,0,0,21,34,3339,21,60978432,0,0,0,19049,54496145112,252208697319
2022-10-16,ZHZ666AY,0,107465000,40,0,269807458,19838,40,0,0,21,34,3339,21,107465000,0,0,0,19065,54555791384,252439678287
2022-10-17,ZHZ666AY,0,213509984,40,0,275150759,19870,40,0,0,21,34,3341,21,213509984,0,0,0,19096,54676270944,252669384351
2022-10-18,ZHZ666AY,0,152487736,40,0,277325351,19885,40,0,0,21,34,3341,21,152487736,0,0,0,19112,54736377760,252792396087
2022-10-19,ZHZ666AY,0,236654848,40,0,282516104,19917,40,0,0,21,34,3343,21,236654848,0,0,0,19144,54839270568,253261951943
2022-10-20,ZHZ666AY,0,22927848,40,0,284745045,19933,40,0,0,21,34,3343,21,22927848,0,0,0,19159,54907728576,253468048455
2022-10-21,ZHZ666AY,0,67047184,40,0,289586480,19965,40,0,0,22,34,3345,22,67047184,0,0,0,19191,55009257288,253898920695
2022-10-22,ZHZ666AY,0,172213936,40,0,293621697,19981,40,0,0,21,34,3345,21,172213936,0,0,0,19207,55071039976,254186445391
2022-10-23,ZHZ666AY,0,59419248,40,0,299172028,20012,40,0,0,21,34,3347,21,59419248,0,0,0,19238,55192310744,254684802927
2022-10-24,ZHZ666AY,0,103642208,40,0,304538354,20044,40,0,0,21,34,3348,21,103642208,0,0,0,19270,55301837720,254863639543
2022-10-25,ZHZ666AY,0,111584552,40,0,307127334,20060,40,0,0,21,34,3349,21,111584552,0,0,0,19286,55350878888,255066681519
2022-10-26,ZHZ666AY,0,209037216,40,0,312394789,20092,40,0,0,21,34,3350,21,209037216,0,0,0,19317,55434660672,255568633871
2022-10-27,ZHZ666AY,0,235810728,40,0,314933322,20107,40,0,0,21,34,3351,21,235810728,0,0,0,19333,55468826104,255805382615
2022-10-28,ZHZ666AY,0,107698488,40,0,321342363,20139,40,0,0,22,34,3352,22,107698488,0,0,0,19365,55544560688,256333958327
2022-10-29,ZHZ666AY,0,199058368,40,0,325230549,20155,40,0,0,22,34,3353,22,199058368,0,0,0,19381,55581021064,256632998511
2022-10-30,ZHZ666AY,0,22974144,40,0,330578542,20187,40,0,0,21,34,3354,21,22974144,0,0,0,19412,55684391096,257085966367
2022-10-31,ZHZ666AY,0,164288552,40,0,333260138,20203,40,0,0,21,34,3354,21,164288552,0,0,0,19428,55743418464,257168253407
2022-11-01,ZHZ666AY,0,65976152,40,0,338205705,20234,40,0,0,21,34,3356,21,65976152,0,0,0,19459,55842262576,257459378479
2022-11-02,ZHZ666AY,0,117348800,40,0,340861486,20250,40,0,0,21,34,3356,21,117348800,0,0,0,19475,55884417920,257712736703
2022-11-03,ZHZ666AY,0,231932976,40,0,344523149,20282,40,0,0,21,34,3359,21,231932976,0,0,0,19506,56000680856,257955198855
2022-11-04,ZHZ666AY,0,214561504,40,0,347371029,20298,40,0,0,21,34,3359,21,214561504,0,0,0,19522,56061918112,258120730935
2022-11-05,ZHZ666AY,0,190825816,40,0,353034644,20329,40,0,0,21,34,3361,21,190825816,0,0,0,19554,56203856192,258443338895
2022-11-06,ZHZ666AY,0,140269936,40,0,355150219,20345,40,0,0,21,34,3361,21,140269936,0,0,0,19569,56272494304,258568285607
2022-11-07,ZHZ666AY,0,43587168,40,0,361195960,20377,40,0,0,21,34,3363,21,43587168,0,0,0,19601,56403059568,258829319511
2022-11-08,ZHZ666AY,0,12227960,40,0,363305418,20393,40,0,0,21,34,3363,21,12227960,0,0,0,19617,56482928040,258962232927
2022-11-09,ZHZ666AY,0,189362024,40,0,367428266,20425,40,0,0,21,34,3365,21,189362024,0,0,0,19648,56649890648,259216545015
2022-11-10,ZHZ666AY,0,145536264,40,0,369564043,20440,40,0,0,21,34,3365,21,145536264,0,0,0,19664,56720440200,259346310799
2022-11-11,ZHZ666AY,0,76752168,40,0,375241005,20472,40,0,0,21,34,3367,21,76752168,0,0,0,19696,56833171600,259653076775
2022-11-12,ZHZ666AY,0,126416512,40,0,378040676,20488,40,0,0,21,34,3367,21,126416512,0,0,0,19712,56914291288,259865762295
2022-11-13,ZHZ666AY,0,153518872,40,0,382067457,20520,40,0,0,20,34,3369,20,153518872,0,0,0,19743,57043368896,260252068967
2022-11-14,ZHZ666AY,0,70654192,40,0,384846698,20535,40,0,0,21,34,3369,21,70654192,0,0,0,19759,57123760960,260332952895
2022-11-15,ZHZ666AY,0,189622536,40,0,389640500,20567,40,0,0,21,34,3371,21,189622536,0,0,0,19790,57263346304,260556476527
2022-11-16,ZHZ666AY,0,197453688,40,0,391575420,20583,40,0,0,21,34,3371,21,197453688,0,0,0,19806,57303080472,260768714151
2022-11-17,ZHZ666AY,0,105507312,40,0,396322781,20614,40,0,0,21,34,3374,21,105507312,0,0,0,19837,57377426864,261090702847
2022-11-18,ZHZ666AY,0,230190520,40,0,399418551,20630,40,0,0,21,34,3375,21,230190520,0,0,0,19853,57411020872,261181792047
2022-11-19,ZHZ666AY,0,145991576,40,0,407465648,20662,40,0,0,21,34,3376,21,145991576,0,0,0,19884,57486148536,261510747079
2022-11-20,ZHZ666AY,0,142163488,40,0,412521988,20694,40,0,0,21,34,3377,21,142163488,0,0,0,19916,57624210592,261857138263
2022-11-21,ZHZ666AY,0,60229040,40,0,415939386,20709,40,0,0,21,34,3378,21,60229040,0,0,0,19932,57688723928,261954831111
2022-11-22,ZHZ666AY,0,17245456,40,0,420006996,20741,40,0,0,21,34,3379,21,17245456,0,0,0,19963,57815188424,262273664559
2022-11-23,ZHZ666AY,0,16094712,40,0,422051827,20757,40,0,0,21,34,3380,21,16094712,0,0,0,19979,57880132464,262451710447
2022-11-24,ZHZ666AY,0,84412144,40,0,427108511,20789,40,0,0,21,34,3381,21,84412144,0,0,0,20011,57988327464,262900114471
2022-11-25,ZHZ666AY,0,163453392,40,0,430502507,20805,40,0,0,21,34,3382,21,163453392,0,0,0,20026,58029175744,263182448287
2022-11-26,ZHZ666AY,0,77065432,40,0,437569852,20836,40,0,0,21,34,3383,21,77065432,0,0,0,20058,58146339712,263711318567
2022-11-27,ZHZ666AY,0,136696976,40,0,440305451,20852,40,0,0,21,34,3384,21,136696976,0,0,0,20074,58210089304,263951341279
2022-11-28,ZHZ666AY,0,189711840,40,0,445449316,20884,40,0,0,21,34,3385,21,189711840,0,0,0,20106,58334299464,264124286647
2022-11-29,ZHZ666AY,0,164137952,40,0,447803464,20900,40,0,0,21,34,3386,21,164137952,0,0,0,20121,58380691928,264296461007
2022-11-30,ZHZ666AY,0,242647608,40,0,452811997,20931,40,0,0,21,34,3388,21,242647608,0,0,0,20153,58491320152,264752624335
2022-12-01,ZHZ666AY,0,10884288,40,0,454941679,20947,40,0,0,20,34,3388,20,10884288,0,0,0,20169,58560451528,264940010943
2022-12-02,ZHZ666AY,0,73944968,40,0,460942882,20979,40,0,0,21,34,3390,21,73944968,0,0,0,20200,58656335552,265395468927
2022-12-03,ZHZ666AY,0,170299536,40,0,463812959,20995,40,0,0,21,34,3390,21,170299536,0,0,0,20216,58734556552,265657743127
2022-12-04,ZHZ666AY,0,1400952,40,0,469056111,21027,40,0,0,21,34,3392,21,1400952,0,0,0,20248,58871510424,266084312759
2022-12-05,ZHZ666AY,0,182628584,40,0,472119896,21042,40,0,0,21,34,3392,21,182628584,0,0,0,20263,58962702456,266174348359
2022-12-06,ZHZ666AY,0,65693712,40,0,476930636,21074,40,0,0,21,34,3394,21,65693712,0,0,0,20295,59070764568,266437632863
2022-12-07,ZHZ666AY,0,133075864,40,0,479790785,21090,40,0,0,21,34,3394,21,133075864,0,0,0,20311,59124665264,266695255183
2022-12-08,ZHZ666AY,0,160871352,40,0,484017915,21122,40,0,0,21,34,3396,21,160871352,0,0,0,20342,59239411104,267096586599
2022-12-09,ZHZ666AY,0,203438640,40,0,486842809,21137,40,0,0,22,34,3396,22,203438640,0,0,0,20358,59283805400,267338900439
2022-12-11,ZHZ666AY,0,219329056,40,0,497350406,21185,40,0,0,21,34,3398,21,219329056,0,0,0,20405,59467600208,268147559503
2022-12-11,ZHZ666AY,0,219329056,40,0,497350406,21185,40,0,0,21,34,3398,21,219329056,0,0,0,20405,59467600208,268147559503
2022-12-12,ZHZ666AY,0,42202176,40,0,502818474,21217,40,0,0,21,34,3400,21,42202176,0,0,0,20437,59588463448,268337850655
2022-12-13,ZHZ666AY,0,202540240,40,0,505034268,21233,40,0,0,21,34,3400,21,202540240,0,0,0,20453,59638017304,268448634863
2022-12-14,ZHZ666AY,0,225254272,40,0,509988167,21264,40,0,0,21,34,3402,21,225254272,0,0,0,20484,59749987928,268847660015
2022-12-15,ZHZ666AY,0,206759296,40,0,512024457,21280,40,0,0,20,34,3402,20,206759296,0,0,0,20500,59810307248,269012986399
2022-12-16,ZHZ666AY,0,234327832,40,0,517369101,21312,40,0,0,21,34,3404,21,234327832,0,0,0,20531,59909003144,269430140487
2022-12-17,ZHZ666AY,0,108851352,40,0,521141546,21327,40,0,0,21,34,3404,21,108851352,0,0,0,20547,59971882224,269730066607
2022-12-18,ZHZ666AY,0,175751608,40,0,526544946,21359,40,0,0,20,34,3406,20,175751608,0,0,0,20578,60092713184,270164417295
2022-12-19,ZHZ666AY,0,66482704,40,0,529091197,21375,40,0,0,21,34,3406,21,66482704,0,0,0,20594,60150557264,270241444943
2022-12-20,ZHZ666AY,0,155663976,40,0,534016952,21407,40,0,0,20,34,3408,20,155663976,0,0,0,20625,60264057312,270461266967
2022-12-21,ZHZ666AY,0,203043112,40,0,536798963,21423,40,0,0,21,34,3408,21,203043112,0,0,0,20641,60330219104,270686624951
2022-12-22,ZHZ666AY,0,196571840,40,0,541028655,21454,40,0,0,21,34,3410,21,196571840,0,0,0,20673,60452405248,271046249223
2022-12-23,ZHZ666AY,0,14835688,40,0,547577223,21486,40,0,0,21,34,3411,21,14835688,0,0,0,20704,60579450448,271469889863
2022-12-24,ZHZ666AY,0,109536816,40,0,550709898,21502,40,0,0,21,34,3412,21,109536816,0,0,0,20720,60636032528,271752149711
2022-12-25,ZHZ666AY,0,95248864,40,0,555732151,21534,40,0,0,21,34,3413,21,95248864,0,0,0,20752,60736544592,272125630999
2022-12-26,ZHZ666AY,0,207601552,40,0,558802322,21550,40,0,0,21,34,3414,21,207601552,0,0,0,20767,60783893008,272190635271
2022-12-27,ZHZ666AY,0,151596736,40,0,563443800,21581,40,0,0,21,34,3415,21,151596736,0,0,0,20799,60880864600,272525940463
2022-12-28,ZHZ666AY,0,172895528,40,0,566018511,21597,40,0,0,21,34,3416,21,172895528,0,0,0,20815,60924675720,272747568927
2022-12-29,ZHZ666AY,0,232176472,40,0,571021489,21629,40,0,0,21,34,3417,21,232176472,0,0,0,20846,61003478456,273216328479
2022-12-30,ZHZ666AY,0,46717904,40,0,574194343,21645,40,0,0,21,34,3418,21,46717904,0,0,0,20862,61041288368,273481341519
2022-12-31,ZHZ666AY,0,114671768,40,0,578341154,21660,40,0,0,22,34,3418,22,114671768,0,0,0,20878,61091355072,273743369383
