2022-01-01,ZL005DWW,0,29822040,4,0,171479117,13287,4,0,0,26,2,1110,26,29822040,0,0,0,12970,40381125808,147395425285
2022-01-02,ZL005DWW,0,195379152,4,0,178876856,13318,4,0,0,27,2,1112,27,195379152,0,0,0,13002,40571485592,147614763357
2022-01-03,ZL005DWW,0,157516344,4,0,181839435,13334,4,0,0,26,2,1112,26,157516344,0,0,0,13017,40660128552,147732398461
2022-01-04,ZL005DWW,0,30335352,4,0,186947548,13366,4,0,0,26,2,1114,26,30335352,0,0,0,13049,40778818904,147974808661
2022-01-05,ZL005DWW,0,80848824,4,0,189740749,13382,4,0,0,27,2,1114,27,80848824,0,0,0,13065,40866112072,148182169741
2022-01-06,ZL005DWW,0,61257696,4,0,197300818,13413,4,0,0,27,2,1116,27,61257696,0,0,0,13096,41035569544,148481403517
2022-01-07,ZL005DWW,0,61787752,4,0,200123159,13429,4,0,0,26,2,1116,26,61787752,0,0,0,13112,41128393712,148633250117
2022-01-08,ZL005DWW,0,171136856,4,0,206915917,13461,4,0,0,27,2,1118,27,171136856,0,0,0,13143,41277384496,148837749077
2022-01-09,ZL005DWW,0,117090248,4,0,210105188,13477,4,0,0,26,2,1118,26,117090248,0,0,0,13159,41363830216,148941397437
2022-01-10,ZL005DWW,0,15086488,4,0,216107596,13508,4,0,0,26,2,1120,26,15086488,0,0,0,13191,41504536088,149186969189
2022-01-11,ZL005DWW,0,225614496,4,0,218820172,13524,4,0,0,27,2,1120,27,225614496,0,0,0,13207,41577760200,149324273085
2022-01-12,ZL005DWW,0,145531872,4,0,224653002,13556,4,0,0,26,2,1122,26,145531872,0,0,0,13238,41715615120,149594617037
2022-01-13,ZL005DWW,0,105244248,4,0,227611385,13572,4,0,0,26,2,1122,26,105244248,0,0,0,13254,41790630776,149723454613
2022-01-14,ZL005DWW,0,1850760,4,0,233424478,13603,4,0,0,26,2,1124,26,1850760,0,0,0,13285,41946426280,149952547189
2022-01-15,ZL005DWW,0,185773176,4,0,237345707,13619,4,0,0,26,2,1124,26,185773176,0,0,0,13301,42026733568,150056162317
2022-01-16,ZL005DWW,0,95394008,4,0,243937784,13651,4,0,0,26,2,1126,26,95394008,0,0,0,13333,42189975192,150290822853
2022-01-17,ZL005DWW,0,57318192,4,0,246719340,13667,4,0,0,27,2,1126,27,57318192,0,0,0,13348,42265822728,150421040157
2022-01-18,ZL005DWW,0,195840760,4,0,252088011,13698,4,0,0,26,2,1128,26,195840760,0,0,0,13380,42405871256,150663654853
2022-01-19,ZL005DWW,0,152658920,4,0,254807058,13714,4,0,0,26,2,1128,26,152658920,0,0,0,13396,42476278416,150794206493
2022-01-20,ZL005DWW,0,31889664,4,0,262192293,13746,4,0,0,26,2,1130,26,31889664,0,0,0,13427,42603452672,151034544469
2022-01-21,ZL005DWW,0,145355824,4,0,268355552,13777,4,0,0,26,2,1131,26,145355824,0,0,0,13458,42734135920,151261468229
2022-01-22,ZL005DWW,0,72283368,4,0,272190574,13793,4,0,0,26,2,1132,26,72283368,0,0,0,13474,42799261080,151367411325
2022-01-23,ZL005DWW,0,211809992,4,0,278164881,13825,4,0,0,26,2,1133,26,211809992,0,0,0,13506,42927972600,151622367237
2022-01-24,ZL005DWW,0,147817648,4,0,280844435,13841,4,0,0,26,2,1134,26,147817648,0,0,0,13522,42987020224,151743467949
2022-01-25,ZL005DWW,0,210115264,4,0,286143520,13872,4,0,0,26,2,1135,26,210115264,0,0,0,13553,43101613320,151935313101
2022-01-26,ZL005DWW,0,173012232,4,0,289329764,13888,4,0,0,27,2,1136,27,173012232,0,0,0,13568,43164855576,152079108741
2022-01-27,ZL005DWW,0,107861216,4,0,292618953,13904,4,0,0,26,2,1136,26,107861216,0,0,0,13584,43229864256,152193089981
2022-01-28,ZL005DWW,0,199280784,4,0,298310040,13936,4,0,0,26,2,1138,26,199280784,0,0,0,13616,43342010136,152416504525
2022-01-29,ZL005DWW,0,122220240,4,0,302355155,13952,4,0,0,26,2,1138,26,122220240,0,0,0,13632,43403309496,152522285261
2022-01-30,ZL005DWW,0,229203928,4,0,308751541,13983,4,0,0,27,2,1139,27,229203928,0,0,0,13663,43517346920,152759372581
2022-01-31,ZL005DWW,0,157492920,4,0,311346692,13999,4,0,0,26,2,1140,26,157492920,0,0,0,13679,43577878400,152871270733
2022-02-01,ZL005DWW,0,18671632,4,0,316302732,14031,4,0,0,26,2,1141,26,18671632,0,0,0,13710,43699741656,153098867453
2022-02-02,ZL005DWW,0,212151512,4,0,322683346,14062,4,0,0,26,2,1143,26,212151512,0,0,0,13742,43834614584,153401615397
2022-02-03,ZL005DWW,0,185095224,4,0,325510023,14078,4,0,0,26,2,1143,26,185095224,0,0,0,13758,43905140456,153548174061
2022-02-04,ZL005DWW,0,114714952,4,0,331226829,14110,4,0,0,26,2,1145,26,114714952,0,0,0,13789,44026166056,153845049733
2022-02-05,ZL005DWW,0,60672816,4,0,335264054,14126,4,0,0,26,2,1145,26,60672816,0,0,0,13805,44103164120,153958150237
2022-02-06,ZL005DWW,0,2983192,4,0,341505424,14157,4,0,0,26,2,1147,26,2983192,0,0,0,13836,44248661120,154243245709
2022-02-07,ZL005DWW,0,209934256,4,0,344307915,14173,4,0,0,26,2,1147,26,209934256,0,0,0,13852,44318351336,154380506557
2022-02-08,ZL005DWW,0,97357768,4,0,349449324,14205,4,0,0,26,2,1149,26,97357768,0,0,0,13884,44435877712,154638685469
2022-02-09,ZL005DWW,0,71868424,4,0,352580213,14221,4,0,0,26,2,1149,26,71868424,0,0,0,13900,44499256880,154793957837
2022-02-10,ZL005DWW,0,43246016,4,0,359389539,14253,4,0,0,26,2,1151,26,43246016,0,0,0,13931,44627195344,155125678677
2022-02-11,ZL005DWW,0,1764968,4,0,362102468,14268,4,0,0,26,2,1151,26,1764968,0,0,0,13947,44697139120,155258394781
2022-02-12,ZL005DWW,0,105101776,4,0,369526069,14300,4,0,0,26,2,1153,26,105101776,0,0,0,13979,44827368112,155475643229
2022-02-13,ZL005DWW,0,58471736,4,0,372591831,14316,4,0,0,26,2,1153,26,58471736,0,0,0,13994,44898568080,155601953861
2022-02-14,ZL005DWW,0,227961816,4,0,378192013,14348,4,0,0,26,2,1155,26,227961816,0,0,0,14026,45027992296,155886160365
2022-02-15,ZL005DWW,0,206280776,4,0,381041326,14364,4,0,0,26,2,1155,26,206280776,0,0,0,14042,45090379104,156046233557
2022-02-16,ZL005DWW,0,112327208,4,0,387434004,14395,4,0,0,26,2,1157,26,112327208,0,0,0,14073,45213801160,156317139589
2022-02-17,ZL005DWW,0,27678456,4,0,394085193,14427,4,0,0,26,2,1158,26,27678456,0,0,0,14105,45347291512,156587282045
2022-02-18,ZL005DWW,0,237056832,4,0,396922669,14443,4,0,0,26,2,1159,26,237056832,0,0,0,14121,45409019048,156734932885
2022-02-19,ZL005DWW,0,102419320,4,0,404441412,14474,4,0,0,26,2,1160,26,102419320,0,0,0,14152,45548653128,156948942757
2022-02-20,ZL005DWW,0,64194768,4,0,407121109,14490,4,0,0,26,2,1160,26,64194768,0,0,0,14168,45618674128,157084837861
2022-02-21,ZL005DWW,0,196512400,4,0,413036538,14522,4,0,0,26,2,1162,26,196512400,0,0,0,14199,45729477464,157350493181
2022-02-22,ZL005DWW,0,128359776,4,0,416041799,14538,4,0,0,26,2,1163,26,128359776,0,0,0,14215,45783768744,157472190101
2022-02-23,ZL005DWW,0,7621568,4,0,423102072,14569,4,0,0,26,2,1164,26,7621568,0,0,0,14247,45873080344,157750421693
2022-02-24,ZL005DWW,0,187381168,4,0,427086841,14585,4,0,0,26,2,1165,26,187381168,0,0,0,14262,45917072928,157886188709
2022-02-25,ZL005DWW,0,62081688,4,0,433931392,14617,4,0,0,26,2,1166,26,62081688,0,0,0,14294,46024171288,158142072141
2022-02-26,ZL005DWW,0,215116720,4,0,438119282,14632,4,0,0,25,2,1167,25,215116720,0,0,0,14310,46071286616,158247991845
2022-02-27,ZL005DWW,0,60945776,4,0,445100007,14664,4,0,0,25,2,1168,25,60945776,0,0,0,14341,46160147024,158493241965
2022-02-28,ZL005DWW,0,41140424,4,0,450509765,14680,4,0,0,25,2,1169,25,41140424,0,0,0,14357,46211567384,158666157293
2022-03-01,ZL005DWW,0,133494600,4,0,456901922,14712,4,0,0,25,2,1170,25,133494600,0,0,0,14389,46295945720,158918273765
2022-03-02,ZL005DWW,0,93922048,4,0,460228927,14727,4,0,0,26,2,1170,26,93922048,0,0,0,14404,46353127704,159065659933
2022-03-03,ZL005DWW,0,228279400,4,0,468208162,14759,4,0,0,26,2,1172,26,228279400,0,0,0,14436,46451280624,159346005325
2022-03-04,ZL005DWW,0,193826456,4,0,471319041,14775,4,0,0,26,2,1172,26,193826456,0,0,0,14452,46507523232,159499450629
2022-03-05,ZL005DWW,0,24945424,4,0,479144889,14806,4,0,0,26,2,1174,26,24945424,0,0,0,14483,46605340016,159721034493
2022-03-06,ZL005DWW,0,192384408,4,0,481963892,14822,4,0,0,26,2,1174,26,192384408,0,0,0,14499,46663346400,159830467093
2022-03-07,ZL005DWW,0,32608352,4,0,487096783,14854,4,0,0,26,2,1176,26,32608352,0,0,0,14530,46760140112,160062178717
2022-03-08,ZL005DWW,0,215142048,4,0,489689152,14870,4,0,0,26,2,1176,26,215142048,0,0,0,14546,46807554912,160197297613
2022-03-09,ZL005DWW,0,135903640,4,0,496326132,14901,4,0,0,26,2,1178,26,135903640,0,0,0,14578,46902364696,160511531133
2022-03-10,ZL005DWW,0,103995080,4,0,499857175,14917,4,0,0,26,2,1179,26,103995080,0,0,0,14593,46946149600,160679978477
2022-03-11,ZL005DWW,0,200806928,4,0,505221155,14949,4,0,0,29,2,1180,29,200806928,0,0,0,14625,47017323432,160949757165
2022-03-12,ZL005DWW,0,112330696,4,0,509304220,14965,4,0,0,27,2,1181,27,112330696,0,0,0,14641,47068392312,161054352685
2022-03-13,ZL005DWW,0,198170840,4,0,513721546,14997,4,0,0,26,2,1182,26,198170840,0,0,0,14672,47146255968,161306470253
2022-03-14,ZL005DWW,0,157131768,4,0,516271679,15012,4,0,0,26,2,1182,26,157131768,0,0,0,14688,47197560992,161458267197
2022-03-15,ZL005DWW,0,223857168,4,0,520373781,15044,4,0,0,25,2,1184,25,223857168,0,0,0,14720,47266502032,161700192269
2022-03-16,ZL005DWW,0,175682032,4,0,523281614,15060,4,0,0,26,2,1184,26,175682032,0,0,0,14735,47310815296,161851844717
2022-03-17,ZL005DWW,0,84396440,4,0,530816567,15091,4,0,0,26,2,1186,26,84396440,0,0,0,14767,47394567672,162165088229
2022-03-18,ZL005DWW,0,237681296,4,0,533198938,15107,4,0,0,25,2,1186,25,237681296,0,0,0,14782,47433221408,162279719349
2022-03-19,ZL005DWW,0,7374232,4,0,539832580,15139,4,0,0,25,2,1188,25,7374232,0,0,0,14814,47506351168,162464564229
2022-03-20,ZL005DWW,0,176725664,4,0,542098311,15155,4,0,0,26,2,1188,26,176725664,0,0,0,14830,47548748216,162591518613
2022-03-21,ZL005DWW,0,47695472,4,0,547134114,15187,4,0,0,26,2,1190,26,47695472,0,0,0,14861,47629137992,162870380397
2022-03-22,ZL005DWW,0,234405320,4,0,549536400,15202,4,0,0,25,2,1190,25,234405320,0,0,0,14877,47673696352,163012531885
2022-03-23,ZL005DWW,0,119568080,4,0,554579910,15234,4,0,0,26,2,1192,26,119568080,0,0,0,14909,47754881888,163304790805
2022-03-24,ZL005DWW,0,58264480,4,0,556756579,15250,4,0,0,25,2,1192,25,58264480,0,0,0,14925,47802428824,163440081213
2022-03-25,ZL005DWW,0,133692704,4,0,560834834,15282,4,0,0,26,2,1194,26,133692704,0,0,0,14956,47870848520,163691230557
2022-03-26,ZL005DWW,0,14695064,4,0,564547429,15298,4,0,0,25,2,1194,25,14695064,0,0,0,14972,47910887864,163776334421
2022-03-27,ZL005DWW,0,87593264,4,0,570619869,15329,4,0,0,26,2,1196,26,87593264,0,0,0,15004,48008001072,163996260181
2022-03-28,ZL005DWW,0,26020808,4,0,573207835,15345,4,0,0,26,2,1196,26,26020808,0,0,0,15019,48046938016,164139891645
2022-03-29,ZL005DWW,0,201903912,4,0,578773757,15377,4,0,0,26,2,1198,26,201903912,0,0,0,15051,48137128920,164469724485
2022-03-30,ZL005DWW,0,200672624,4,0,581619014,15393,4,0,0,26,2,1198,26,200672624,0,0,0,15067,48190394832,164659367997
2022-03-31,ZL005DWW,0,146454832,4,0,588180180,15424,4,0,0,26,2,1200,26,146454832,0,0,0,15098,48286953576,164996872837
2022-04-01,ZL005DWW,0,89813176,4,0,590776464,15440,4,0,0,23,2,1200,23,89813176,0,0,0,15114,48334667968,165136657493
2022-04-02,ZL005DWW,0,175732944,4,0,597924765,15472,4,0,0,25,2,1202,25,175732944,0,0,0,15146,48433969272,165367416637
2022-04-03,ZL005DWW,0,148490408,4,0,601362871,15487,4,0,0,23,2,1202,23,148490408,0,0,0,15161,48493027712,165525256309
2022-04-04,ZL005DWW,0,89486400,4,0,606265715,15519,4,0,0,25,2,1204,25,89486400,0,0,0,15193,48582318312,165865243701
2022-04-05,ZL005DWW,0,208691160,4,0,610716869,15551,4,0,0,23,2,1205,23,208691160,0,0,0,15224,48666225008,166144682597
2022-04-06,ZL005DWW,0,161458488,4,0,613769530,15567,4,0,0,23,2,1205,23,161458488,0,0,0,15240,48710920624,166296894941
2022-04-07,ZL005DWW,0,238085912,4,0,619018566,15598,4,0,0,24,2,1207,24,238085912,0,0,0,15271,48792059672,166536524037
2022-04-08,ZL005DWW,0,189611088,4,0,621381035,15614,4,0,0,25,2,1207,25,189611088,0,0,0,15287,48834562576,166689686941
2022-04-09,ZL005DWW,0,217885632,4,0,628291875,15646,4,0,0,24,2,1209,24,217885632,0,0,0,15319,48921332472,166875332469
2022-04-10,ZL005DWW,0,194381544,4,0,630818882,15661,4,0,0,24,2,1209,24,194381544,0,0,0,15334,48977407744,167039893741
2022-04-11,ZL005DWW,0,116088728,4,0,635543032,15693,4,0,0,25,2,1211,25,116088728,0,0,0,15366,49065421736,167361868397
2022-04-12,ZL005DWW,0,87318336,4,0,638062749,15709,4,0,0,25,2,1211,25,87318336,0,0,0,15382,49115304712,167527355949
2022-04-13,ZL005DWW,0,49283272,4,0,643999143,15741,4,0,0,26,2,1213,26,49283272,0,0,0,15413,49208130896,167884776517
2022-04-14,ZL005DWW,0,43081584,4,0,646767816,15756,4,0,0,25,2,1213,25,43081584,0,0,0,15429,49266683152,168064163357
2022-04-15,ZL005DWW,0,175893264,4,0,651888077,15788,4,0,0,25,2,1215,25,175893264,0,0,0,15460,49356660088,168351139061
2022-04-16,ZL005DWW,0,68176896,4,0,655518729,15804,4,0,0,24,2,1215,24,68176896,0,0,0,15476,49408623920,168435599493
2022-04-17,ZL005DWW,0,203235568,4,0,661306413,15836,4,0,0,24,2,1217,24,203235568,0,0,0,15508,49507208848,168716213933
2022-04-18,ZL005DWW,0,161432288,4,0,663776177,15852,4,0,0,24,2,1217,24,161432288,0,0,0,15524,49555817488,168869942893
2022-04-19,ZL005DWW,0,104355760,4,0,668432276,15883,4,0,0,24,2,1219,24,104355760,0,0,0,15555,49654856752,169202108421
2022-04-20,ZL005DWW,0,100469440,4,0,671103327,15899,4,0,0,25,2,1219,25,100469440,0,0,0,15571,49703794568,169393424981
2022-04-21,ZL005DWW,0,73466848,4,0,677212311,15931,4,0,0,24,2,1221,24,73466848,0,0,0,15602,49810118736,169748379989
2022-04-22,ZL005DWW,0,46693208,4,0,679710012,15947,4,0,0,26,2,1221,26,46693208,0,0,0,15618,49857900080,169917965661
2022-04-23,ZL005DWW,0,79758536,4,0,686115672,15978,4,0,0,23,2,1223,23,79758536,0,0,0,15650,49944264456,170108807261
2022-04-24,ZL005DWW,0,17934336,4,0,688139709,15994,4,0,0,25,2,1223,25,17934336,0,0,0,15665,49991643520,170243744797
2022-04-25,ZL005DWW,0,207510016,4,0,693237308,16026,4,0,0,23,2,1225,23,207510016,0,0,0,15697,50101655496,170567449277
2022-04-26,ZL005DWW,0,235757544,4,0,695796938,16042,4,0,0,25,2,1225,25,235757544,0,0,0,15713,50162760736,170778732373
2022-04-27,ZL005DWW,0,199271896,4,0,701766765,16073,4,0,0,25,2,1227,25,199271896,0,0,0,15744,50266106160,171127182853
2022-04-28,ZL005DWW,0,195478848,4,0,704846012,16089,4,0,0,25,2,1227,25,195478848,0,0,0,15760,50320214904,171313421693
2022-04-29,ZL005DWW,0,152426240,4,0,709546055,16121,4,0,0,24,2,1229,24,152426240,0,0,0,15791,50423860232,171655005349
2022-04-30,ZL005DWW,0,21400616,4,0,712836613,16136,4,0,0,22,2,1229,22,21400616,0,0,0,15807,50464326936,171727653829
2022-05-01,ZL005DWW,0,103555704,4,0,718640656,16168,4,0,0,23,2,1231,23,103555704,0,0,0,15838,50559682976,171958593637
2022-05-02,ZL005DWW,0,101491024,4,0,721105389,16184,4,0,0,22,2,1231,22,101491024,0,0,0,15854,50612728384,172147624341
2022-05-03,ZL005DWW,0,126539688,4,0,728885996,16216,4,0,0,25,2,1233,25,126539688,0,0,0,15886,50716319736,172557363301
2022-05-04,ZL005DWW,0,161847656,4,0,736724563,16247,4,0,0,24,2,1234,24,161847656,0,0,0,15917,50811402176,172985870485
2022-05-05,ZL005DWW,0,147552384,4,0,739212942,16263,4,0,0,24,2,1234,24,147552384,0,0,0,15933,50864843776,173162274357
2022-05-06,ZL005DWW,0,55550312,4,0,745126969,16295,4,0,0,24,2,1236,24,55550312,0,0,0,15964,50968371624,173455025973
2022-05-07,ZL005DWW,0,181889560,4,0,748565535,16311,4,0,0,23,2,1236,23,181889560,0,0,0,15980,51021509112,173528227733
2022-05-08,ZL005DWW,0,57579176,4,0,755626461,16342,4,0,1,24,2,1238,24,57579176,0,0,0,16012,51110916120,173802792349
2022-05-09,ZL005DWW,0,9147744,4,0,761601635,16374,4,0,1,23,2,1239,23,9147744,0,0,0,16043,51235830512,174117727837
2022-05-10,ZL005DWW,0,50799208,4,0,764985168,16390,4,0,1,24,2,1240,24,50799208,0,0,0,16059,51291714480,174347635965
2022-05-11,ZL005DWW,0,209538960,4,0,772260764,16422,4,0,1,23,2,1241,23,209538960,0,0,0,16091,51412711384,174629519829
2022-05-12,ZL005DWW,0,170544048,4,0,776061396,16438,4,0,1,24,2,1242,24,170544048,0,0,0,16107,51465085224,174782291917
2022-05-13,ZL005DWW,0,237898624,4,0,782356625,16470,4,0,1,23,2,1243,23,237898624,0,0,0,16138,51570612200,174988260181
2022-05-14,ZL005DWW,0,111968304,4,0,785837842,16485,4,0,1,23,2,1244,23,111968304,0,0,0,16154,51612894144,175064188733
2022-05-15,ZL005DWW,0,195583216,4,0,790860631,16517,4,0,1,23,2,1245,23,195583216,0,0,0,16185,51722977880,175281860669
2022-05-16,ZL005DWW,0,73896848,4,0,792748383,16533,4,0,1,23,2,1246,23,73896848,0,0,0,16201,51773412088,175353881061
2022-05-17,ZL005DWW,0,111942392,4,0,797470390,16565,4,0,1,23,2,1247,23,111942392,0,0,0,16233,51882233080,175527246293
2022-05-18,ZL005DWW,0,107605248,4,0,801284608,16581,4,0,1,24,2,1250,24,107605248,0,0,0,16249,51929803200,175719479757
2022-05-19,ZL005DWW,0,74871040,4,0,804123066,16597,4,0,1,25,2,1250,25,74871040,0,0,0,16264,51986510272,175874179309
2022-05-20,ZL005DWW,0,202888088,4,0,809198653,16628,4,0,1,25,2,1252,25,202888088,0,0,0,16296,52083673088,176149174901
2022-05-21,ZL005DWW,0,91138064,4,0,812765165,16644,4,0,1,26,2,1252,26,91138064,0,0,0,16312,52136665432,176228573205
2022-05-22,ZL005DWW,0,210265040,4,0,818113170,16676,4,0,1,25,2,1254,25,210265040,0,0,0,16343,52233581496,176494924757
2022-05-23,ZL005DWW,0,159333784,4,0,820111235,16692,4,0,1,26,2,1254,26,159333784,0,0,0,16359,52294550776,176627165061
2022-05-24,ZL005DWW,0,52547688,4,0,823775063,16724,4,0,1,25,2,1256,25,52547688,0,0,0,16391,52386288048,176916923037
2022-05-25,ZL005DWW,0,238014192,4,0,826198738,16739,4,0,1,26,2,1256,26,238014192,0,0,0,16407,52430067440,177058610149
2022-05-26,ZL005DWW,0,146013792,4,0,832950284,16771,4,0,1,24,2,1258,24,146013792,0,0,0,16438,52535021528,177349937861
2022-05-27,ZL005DWW,0,101578648,4,0,835824359,16787,4,0,1,25,2,1258,25,101578648,0,0,0,16454,52585513096,177499151949
2022-05-28,ZL005DWW,0,145310464,4,0,843385370,16819,4,0,1,25,2,1260,25,145310464,0,0,0,16486,52686098216,177686439437
2022-05-29,ZL005DWW,0,66149864,4,0,847491668,16835,4,0,1,25,2,1260,25,66149864,0,0,0,16502,52745691904,177791825949
2022-05-30,ZL005DWW,0,241460648,4,0,853900620,16867,4,0,1,25,2,1262,25,241460648,0,0,0,16533,52849324736,178107644653
2022-05-31,ZL005DWW,0,140823288,4,0,856458145,16883,4,0,1,26,2,1262,26,140823288,0,0,0,16549,52896370776,178204102165
2022-06-01,ZL005DWW,0,29582656,4,0,862400965,16914,4,0,1,26,2,1264,26,29582656,0,0,0,16581,52992746544,178484767261
2022-06-02,ZL005DWW,0,173324960,4,0,869663799,16946,4,0,1,24,2,1265,24,173324960,0,0,0,16612,53101897736,178763499293
2022-06-03,ZL005DWW,0,146867280,4,0,872447906,16962,4,0,1,25,2,1266,25,146867280,0,0,0,16628,53163970928,178919109141
2022-06-04,ZL005DWW,0,170274120,4,0,879672930,16994,4,0,1,24,2,1267,24,170274120,0,0,0,16660,53269998648,179080628893
2022-06-05,ZL005DWW,0,100435632,4,0,883158657,17010,4,0,1,25,2,1268,25,100435632,0,0,0,16676,53325831584,179199098141
2022-06-07,ZL005DWW,0,242197520,4,0,891765833,17058,4,0,1,24,2,1270,24,242197520,0,0,0,16724,53475964784,179679008789
2022-06-08,ZL005DWW,0,6777808,4,0,898754204,17090,4,0,1,24,2,1271,24,6777808,0,0,0,16755,53576552264,180075423933
2022-06-09,ZL005DWW,0,154776096,4,0,901238882,17106,4,0,1,25,2,1276,25,154776096,0,0,0,16771,53620333256,180179641229
2022-06-10,ZL005DWW,0,59841552,4,0,903709316,17122,4,0,1,25,2,1277,25,59841552,0,0,0,16786,53664966872,180284213725
2022-06-11,ZL005DWW,0,84222568,4,0,910605792,17154,4,0,1,24,2,1278,24,84222568,0,0,0,16818,53759032920,180458669437
2022-06-12,ZL005DWW,0,231011736,4,0,914129359,17169,4,0,1,24,2,1279,24,231011736,0,0,0,16834,53815978424,180548513101
2022-06-13,ZL005DWW,0,51693912,4,0,919066483,17201,4,0,1,24,2,1280,24,51693912,0,0,0,16865,53910555608,180762899509
2022-06-14,ZL005DWW,0,231145080,4,0,921589140,17217,4,0,1,25,2,1281,25,231145080,0,0,0,16881,53953887912,180899018373
2022-06-15,ZL005DWW,0,176077264,4,0,927717640,17249,4,0,1,25,2,1282,25,176077264,0,0,0,16913,54054726456,181231393309
2022-06-16,ZL005DWW,0,145530104,4,0,935413756,17281,4,0,1,24,2,1284,24,145530104,0,0,0,16944,54164690472,181579164133
2022-06-17,ZL005DWW,0,125425520,4,0,938094056,17297,4,0,1,25,2,1285,25,125425520,0,0,0,16960,54216665752,181751225109
2022-06-18,ZL005DWW,0,115177448,4,0,945238555,17328,4,0,1,25,2,1286,25,115177448,0,0,0,16992,54304543552,181897239869
2022-06-19,ZL005DWW,0,69385264,4,0,947735225,17344,4,0,1,25,2,1287,25,69385264,0,0,0,17007,54348817832,182051314141
2022-06-20,ZL005DWW,0,203787440,4,0,952368795,17376,4,0,1,25,2,1288,25,203787440,0,0,0,17039,54432850632,182345824469
2022-06-21,ZL005DWW,0,181853440,4,0,955080215,17392,4,0,1,25,2,1289,25,181853440,0,0,0,17055,54484923008,182515958749
2022-06-22,ZL005DWW,0,187583320,4,0,961453731,17424,4,0,1,24,2,1291,24,187583320,0,0,0,17087,54592786776,182902106517
2022-06-23,ZL005DWW,0,161817360,4,0,964086976,17440,4,0,1,24,2,1294,24,161817360,0,0,0,17103,54639534216,183073733850
2022-06-24,ZL005DWW,0,23054760,4,0,969807817,17472,4,0,1,24,2,1295,24,23054760,0,0,0,17134,54737918136,183324868650
2022-06-25,ZL005DWW,0,162507928,4,0,973333900,17488,4,0,1,25,2,1296,25,162507928,0,0,0,17150,54797856904,183404383050
2022-06-26,ZL005DWW,0,30025968,4,0,979189139,17519,4,0,1,24,2,1297,24,30025968,0,0,0,17182,54898723712,183659315810
2022-06-27,ZL005DWW,0,9567696,4,0,981938379,17535,4,0,1,25,2,1298,25,9567696,0,0,0,17197,54949319136,183832402906
2022-06-28,ZL005DWW,0,231376168,4,0,987947179,17567,4,0,1,24,2,1299,24,231376168,0,0,0,17229,55043409768,184204261482
2022-06-29,ZL005DWW,0,194235312,4,0,991220772,17583,4,0,1,25,2,1300,25,194235312,0,0,0,17244,55094405520,184360265666
2022-06-30,ZL005DWW,0,98529264,4,0,996859137,17614,4,0,1,24,2,1301,24,98529264,0,0,0,17276,55192652176,184654594226
2022-07-01,ZL005DWW,0,53111400,4,0,999639219,17630,4,0,1,25,2,1302,25,53111400,0,0,0,17292,55250009960,184795959522
2022-07-02,ZL005DWW,0,94847744,4,0,6761258,17662,4,0,1,24,2,1303,24,94847744,0,0,0,17324,55375743072,184956103546
2022-07-03,ZL005DWW,0,235137024,4,0,12952947,17694,4,0,1,24,2,1305,24,235137024,0,0,0,17355,55505999576,185210277386
2022-07-04,ZL005DWW,0,6045176,4,0,15871883,17709,4,0,1,24,2,1305,24,6045176,0,0,0,17371,55569360784,185406105762
2022-07-05,ZL005DWW,0,222331096,4,0,21470889,17741,4,0,1,23,2,1307,23,222331096,0,0,0,17402,55686593072,185749300058
2022-07-06,ZL005DWW,0,175668168,4,0,25555179,17757,4,0,1,24,2,1307,24,175668168,0,0,0,17418,55733158920,185900212066
2022-07-07,ZL005DWW,0,120561432,4,0,32546992,17788,4,0,1,23,2,1309,23,120561432,0,0,0,17449,55835189048,186231356634
2022-07-08,ZL005DWW,0,47291944,4,0,35331666,17804,4,0,1,23,2,1309,23,47291944,0,0,0,17465,55877995248,186359421578
2022-07-09,ZL005DWW,0,44334600,4,0,42586858,17836,4,0,1,23,2,1311,23,44334600,0,0,0,17496,55969140120,186509460186
2022-07-10,ZL005DWW,0,205015376,4,0,45828364,17852,4,0,1,24,2,1311,24,205015376,0,0,0,17512,56015612240,186623668842
2022-07-11,ZL005DWW,0,148309733,4,0,48504602,17869,4,0,1,23,2,1321,23,148309733,0,0,0,17528,56059955504,186766760663
2022-07-12,ZL005DWW,0,82658112,4,0,54632901,17901,4,0,1,25,2,1322,25,82658112,0,0,0,17559,56144628832,187104717095
2022-07-13,ZL005DWW,0,84931728,4,0,57633931,17917,4,0,1,23,2,1323,23,84931728,0,0,0,17575,56187591440,187308168775
2022-07-14,ZL005DWW,0,201395168,4,0,63166598,17948,4,0,1,24,2,1324,24,201395168,0,0,0,17606,56276597088,187579767263
2022-07-15,ZL005DWW,0,183902976,4,0,66072941,17964,4,0,1,23,2,1325,23,183902976,0,0,0,17622,56324614552,187758398863
2022-07-16,ZL005DWW,0,199656208,4,0,72424438,17996,4,0,1,23,2,1326,23,199656208,0,0,0,17654,56414771680,187928135687
2022-07-17,ZL005DWW,0,83876936,4,0,75915360,18012,4,0,1,21,2,1327,21,83876936,0,0,0,17669,56464453368,188006815559
2022-07-18,ZL005DWW,0,143371864,4,0,81434651,18043,4,0,1,22,2,1328,22,143371864,0,0,0,17701,56540080200,188234824767
2022-07-19,ZL005DWW,0,84000480,4,0,84134286,18059,4,0,1,21,2,1329,21,84000480,0,0,0,17717,56582724664,188376949623
2022-07-20,ZL005DWW,0,175564280,4,0,90181379,18091,4,0,1,22,2,1331,22,175564280,0,0,0,17748,56662002288,188633376615
2022-07-21,ZL005DWW,0,69551304,4,0,95845094,18122,4,0,1,22,2,1332,22,69551304,0,0,0,17779,56765983120,188911664551
2022-07-22,ZL005DWW,0,228354312,4,0,98144592,18138,4,0,1,21,2,1333,21,228354312,0,0,0,17795,56809209840,189027240839
2022-07-23,ZL005DWW,0,211567216,4,0,105257956,18170,4,0,1,22,2,1334,22,211567216,0,0,0,17827,56900166048,189163638223
2022-07-24,ZL005DWW,0,127005856,4,0,108203436,18186,4,0,1,21,2,1335,21,127005856,0,0,0,17843,56944827096,189278556519
2022-07-25,ZL005DWW,0,231446352,4,0,113153519,18217,4,0,1,22,2,1336,22,231446352,0,0,0,17874,57037106944,189534858087
2022-07-26,ZL005DWW,0,173197152,4,0,115610303,18233,4,0,1,21,2,1337,21,173197152,0,0,0,17890,57084727392,189673129079
2022-07-27,ZL005DWW,0,89030072,4,0,121586489,18265,4,0,1,22,2,1338,22,89030072,0,0,0,17921,57172133400,189989837311
2022-07-28,ZL005DWW,0,64562944,4,0,124225164,18280,4,0,1,21,2,1338,21,64562944,0,0,0,17937,57216221296,190165423183
2022-07-29,ZL005DWW,0,224298264,4,0,133203117,18312,4,0,1,22,2,1340,22,224298264,0,0,0,17968,57295030112,190490490343
2022-07-30,ZL005DWW,0,106409496,4,0,136932441,18328,4,0,1,21,2,1341,21,106409496,0,0,0,17984,57342163248,190569610391
2022-07-31,ZL005DWW,0,154630360,4,0,142796059,18360,4,0,1,22,2,1342,22,154630360,0,0,0,18015,57437879312,190766255823
2022-08-01,ZL005DWW,0,94933216,4,0,144917404,18375,4,0,1,21,2,1342,21,94933216,0,0,0,18031,57475158384,190913420375
2022-08-02,ZL005DWW,0,4774296,4,0,149216040,18407,4,0,1,21,2,1344,21,4774296,0,0,0,18063,57564178288,191222523279
2022-08-03,ZL005DWW,0,18560936,4,0,152457649,18423,4,0,1,21,2,1344,21,18560936,0,0,0,18079,57618225616,191426403223
2022-08-04,ZL005DWW,0,174492416,4,0,158506770,18455,4,0,1,23,2,1346,23,174492416,0,0,0,18110,57702129336,191742571631
2022-08-05,ZL005DWW,0,122515184,4,0,161154116,18471,4,0,1,21,2,1346,21,122515184,0,0,0,18126,57746349176,191890515311
2022-08-06,ZL005DWW,0,111396368,4,0,168118110,18502,4,0,1,21,2,1348,21,111396368,0,0,0,18157,57826983016,192042903407
2022-08-07,ZL005DWW,0,29601672,4,0,171158127,18518,4,0,1,21,2,1348,21,29601672,0,0,0,18173,57880280120,192151952287
2022-08-08,ZL005DWW,0,179194728,4,0,175656607,18550,4,0,1,21,2,1350,21,179194728,0,0,0,18205,57970888808,192455077583
2022-08-09,ZL005DWW,0,147740720,4,0,178143189,18566,4,0,1,21,2,1350,21,147740720,0,0,0,18221,58022316768,192616336439
2022-08-10,ZL005DWW,0,111395968,4,0,184348500,18597,4,0,1,21,2,1352,21,111395968,0,0,0,18252,58116763368,192973826847
2022-08-11,ZL005DWW,0,105316640,4,0,187818316,18613,4,0,1,21,2,1352,21,105316640,0,0,0,18268,58167195296,193161456223
2022-08-12,ZL005DWW,0,46602192,4,0,194098393,18645,4,0,1,22,2,1354,22,46602192,0,0,0,18299,58255798904,193502419855
2022-08-13,ZL005DWW,0,185367768,4,0,197782940,18661,4,0,1,21,2,1354,21,185367768,0,0,0,18315,58317395920,193579588415
2022-08-14,ZL005DWW,0,22923824,4,0,204061584,18692,4,0,1,21,2,1356,21,22923824,0,0,0,18346,58433900824,193788920879
2022-08-15,ZL005DWW,0,227350064,4,0,206561808,18708,4,0,1,20,2,1356,20,227350064,0,0,0,18362,58492851736,193934396207
2022-08-16,ZL005DWW,0,142050296,4,0,211625227,18740,4,0,1,21,2,1358,21,142050296,0,0,0,18394,58600402008,194229827823
2022-08-17,ZL005DWW,0,74108392,4,0,218002243,18772,4,0,1,20,2,1359,20,74108392,0,0,0,18426,58707146888,194543422543
2022-08-18,ZL005DWW,0,7085696,4,0,220755051,18788,4,0,1,20,2,1360,20,7085696,0,0,0,18441,58753535384,194674151983
2022-08-19,ZL005DWW,0,80133280,4,0,226373785,18819,4,0,1,20,2,1361,20,80133280,0,0,0,18473,58842187592,194902688167
2022-08-20,ZL005DWW,0,193416024,4,0,229592179,18835,4,0,1,20,2,1362,20,193416024,0,0,0,18489,58886829200,194971329303
2022-08-21,ZL005DWW,0,225552592,4,0,235800075,18867,4,0,1,20,2,1363,20,225552592,0,0,0,18520,58991696360,195142739431
2022-08-22,ZL005DWW,0,189430192,4,0,238379051,18883,4,0,1,20,2,1364,20,189430192,0,0,0,18536,59047172480,195295281615
2022-08-23,ZL005DWW,0,69507184,4,0,243387469,18914,4,0,1,20,2,1365,20,69507184,0,0,0,18568,59149657760,195561154839
2022-08-24,ZL005DWW,0,62766000,4,0,246762995,18930,4,0,1,21,2,1365,21,62766000,0,0,0,18584,59196343680,195751868567
2022-08-25,ZL005DWW,0,40636320,4,0,250158338,18946,4,0,1,20,2,1366,20,40636320,0,0,0,18599,59248027864,195922195335
2022-08-26,ZL005DWW,0,165515912,4,0,255332366,18978,4,0,1,20,2,1367,20,165515912,0,0,0,18631,59350950568,196188292983
2022-08-27,ZL005DWW,0,58694384,4,0,259172962,18994,4,0,1,20,2,1368,20,58694384,0,0,0,18647,59410676376,196265886351
2022-08-28,ZL005DWW,0,100503112,4,0,266287657,19025,4,0,1,21,2,1369,21,100503112,0,0,0,18679,59513294152,196449218079
2022-08-29,ZL005DWW,0,34918432,4,0,268768657,19041,4,0,1,20,2,1370,20,34918432,0,0,0,18694,59576019200,196565049215
2022-08-30,ZL005DWW,0,143505144,4,0,274302418,19073,4,0,1,21,2,1372,21,143505144,0,0,0,18726,59676971880,196816823943
2022-08-31,ZL005DWW,0,145431232,4,0,277690840,19089,4,0,1,20,2,1372,20,145431232,0,0,0,18742,59730942096,197008920447
2022-09-01,ZL005DWW,0,84449312,4,0,283874821,19121,4,0,1,21,2,1376,21,84449312,0,0,0,18773,59830162992,197336999103
2022-09-02,ZL005DWW,0,49772648,4,0,286706832,19137,4,0,1,20,2,1376,20,49772648,0,0,0,18789,59888908488,197487717679
2022-09-03,ZL005DWW,0,88952184,4,0,293223553,19169,4,0,1,21,2,1378,21,88952184,0,0,0,18821,59993716408,197666229991
2022-09-04,ZL005DWW,0,235791688,4,0,296948521,19185,4,0,1,20,2,1378,20,235791688,0,0,0,18836,60054854384,197751931519
2022-09-05,ZL005DWW,0,164432488,4,0,302913681,19216,4,0,1,21,2,1380,21,164432488,0,0,0,18868,60181835272,198041872911
2022-09-06,ZL005DWW,0,158729920,4,0,305828219,19232,4,0,1,20,2,1380,20,158729920,0,0,0,18884,60249491128,198212655199
2022-09-07,ZL005DWW,0,117513208,4,0,311204224,19264,4,0,1,23,2,1382,23,117513208,0,0,0,18915,60354510104,198554700887
2022-09-08,ZL005DWW,0,18772576,4,0,318233184,19296,4,0,1,22,2,1383,22,18772576,0,0,0,18947,60461464552,198837287151
2022-09-09,ZL005DWW,0,188199472,4,0,320904910,19312,4,0,1,21,2,1384,21,188199472,0,0,0,18962,60515406776,198952771823
2022-09-10,ZL005DWW,0,217526320,4,0,327683571,19343,4,0,1,21,2,1385,21,217526320,0,0,0,18994,60616531456,199125114631
2022-09-11,ZL005DWW,0,109913304,4,0,331586260,19359,4,0,1,21,2,1386,21,109913304,0,0,0,19010,60673342272,199204831527
2022-09-12,ZL005DWW,0,18457824,4,0,337098989,19391,4,0,1,20,2,1387,20,18457824,0,0,0,19042,60772972664,199502027111
2022-09-13,ZL005DWW,0,221192520,4,0,339973475,19407,4,0,1,20,2,1388,20,221192520,0,0,0,19057,60815679560,199662054911
2022-09-14,ZL005DWW,0,125677432,4,0,346329971,19438,4,0,1,20,2,1389,20,125677432,0,0,0,19089,60898050880,199972450103
2022-09-15,ZL005DWW,0,58694512,4,0,349730904,19454,4,0,1,21,2,1390,21,58694512,0,0,0,19105,60942548800,200105110055
2022-09-16,ZL005DWW,0,178764864,4,0,356241774,19486,4,0,1,21,2,1391,21,178764864,0,0,0,19136,61036969336,200374900575
2022-09-17,ZL005DWW,0,60172008,4,0,360197017,19502,4,0,1,21,2,1392,21,60172008,0,0,0,19152,61090517736,200446900071
2022-09-18,ZL005DWW,0,117393000,4,0,367131223,19533,4,0,1,21,2,1393,21,117393000,0,0,0,19183,61202033352,200636746079
2022-09-19,ZL005DWW,0,221364600,4,0,372410034,19565,4,0,1,21,2,1394,21,221364600,0,0,0,19215,61298353792,200888537871
2022-09-20,ZL005DWW,0,148462536,4,0,375019797,19581,4,0,1,21,2,1395,21,148462536,0,0,0,19231,61337813408,201020317967
2022-09-21,ZL005DWW,0,3875984,4,0,380552136,19612,4,0,1,20,2,1396,20,3875984,0,0,0,19263,61429571632,201272254527
2022-09-22,ZL005DWW,0,167140176,4,0,383013212,19628,4,0,1,20,2,1397,20,167140176,0,0,0,19278,61478049960,201387040391
2022-09-23,ZL005DWW,0,224406712,4,0,388429360,19660,4,0,1,20,2,1398,20,224406712,0,0,0,19310,61573739824,201592758439
2022-09-24,ZL005DWW,0,116865976,4,0,392085552,19676,4,0,1,21,2,1399,21,116865976,0,0,0,19326,61622218752,201680879407
2022-09-25,ZL005DWW,0,173517728,4,0,398980027,19708,4,0,1,21,2,1400,21,173517728,0,0,0,19357,61718376600,201885514807
2022-09-26,ZL005DWW,0,134192920,4,0,401505505,19723,4,0,1,21,2,1401,21,134192920,0,0,0,19373,61764216048,202044491391
2022-09-27,ZL005DWW,0,194665168,4,0,406321202,19755,4,0,1,20,2,1402,20,194665168,0,0,0,19405,61846002184,202267318279
2022-09-28,ZL005DWW,0,122200928,4,0,409783412,19771,4,0,1,20,2,1403,20,122200928,0,0,0,19420,61881437184,202403559759
2022-09-29,ZL005DWW,0,243409280,4,0,415632357,19803,4,0,1,21,2,1404,21,243409280,0,0,0,19452,61958191456,202692154607
2022-09-30,ZL005DWW,0,195416192,4,0,418298732,19818,4,0,1,21,2,1405,21,195416192,0,0,0,19468,61992408656,202854085007
2022-10-01,ZL005DWW,0,187282960,4,0,425840695,19850,4,0,1,21,2,1406,21,187282960,0,0,0,19500,62062836608,203019664591
2022-10-02,ZL005DWW,0,112538040,4,0,428978428,19866,4,0,1,21,2,1407,21,112538040,0,0,0,19515,62103359928,203148536983
2022-10-03,ZL005DWW,0,13145128,4,0,434121933,19898,4,0,1,21,2,1408,21,13145128,0,0,0,19547,62177541808,203463243671
2022-10-04,ZL005DWW,0,154355984,4,0,436369183,19914,4,0,1,21,2,1408,21,154355984,0,0,0,19563,62214439568,203567556767
2022-10-05,ZL005DWW,0,235777088,4,0,442849086,19945,4,0,1,21,2,1410,21,235777088,0,0,0,19594,62288937816,203818620351
2022-10-06,ZL005DWW,0,165679232,4,0,446354930,19961,4,0,1,21,2,1410,21,165679232,0,0,0,19610,62320053704,203961547279
2022-10-07,ZL005DWW,0,242477608,4,0,452234927,19993,4,0,1,20,2,1412,20,242477608,0,0,0,19642,62383267280,204219272743
2022-10-08,ZL005DWW,0,118468472,4,0,455799770,20009,4,0,1,21,2,1412,21,118468472,0,0,0,19657,62416480768,204306190767
2022-10-09,ZL005DWW,0,130204840,4,0,461458263,20040,4,0,1,20,2,1414,20,130204840,0,0,0,19689,62478537680,204500010887
2022-10-10,ZL005DWW,0,21551024,4,0,463590707,20056,4,0,1,20,2,1414,20,21551024,0,0,0,19704,62510839704,204603195687
2022-10-11,ZL005DWW,0,67853704,4,0,467882895,20088,4,0,1,21,2,1416,21,67853704,0,0,0,19736,62569993808,204834484967
2022-10-12,ZL005DWW,0,31042920,4,0,471053000,20104,4,0,1,21,2,1416,21,31042920,0,0,0,19752,62606104088,205005704535
2022-10-13,ZL005DWW,0,239435048,4,0,474747067,20120,4,0,1,21,2,1417,21,239435048,0,0,0,19768,62649836608,205170364143
2022-10-14,ZL005DWW,0,137926280,4,0,479834521,20151,4,0,1,21,2,1418,21,137926280,0,0,0,19799,62721881472,205485091967
2022-10-15,ZL005DWW,0,22863656,4,0,483462133,20167,4,0,1,21,2,1419,21,22863656,0,0,0,19815,62764778112,205571273487
2022-10-16,ZL005DWW,0,44732720,4,0,490053082,20199,4,0,1,21,2,1420,21,44732720,0,0,0,19846,62824488920,205777572479
2022-10-17,ZL005DWW,0,137783528,4,0,494470566,20231,4,0,1,21,2,1422,21,137783528,0,0,0,19878,62882441128,206056811943
2022-10-18,ZL005DWW,0,87437680,4,0,496839920,20246,4,0,1,21,2,1422,21,87437680,0,0,0,19894,62919284776,206213763127
2022-10-19,ZL005DWW,0,238481816,4,0,502756218,20278,4,0,1,21,2,1424,21,238481816,0,0,0,19925,62989156432,206539076239
2022-10-20,ZL005DWW,0,204188152,4,0,505407286,20294,4,0,1,21,2,1424,21,204188152,0,0,0,19941,63023560576,206714519183
2022-10-21,ZL005DWW,0,46582944,4,0,510452305,20325,4,0,1,22,2,1426,22,46582944,0,0,0,19972,63089071272,206979684631
2022-10-22,ZL005DWW,0,172225160,4,0,514262646,20341,4,0,1,21,2,1426,21,172225160,0,0,0,19988,63126284104,207068114015
2022-10-23,ZL005DWW,0,212829616,4,0,520706336,20373,4,0,1,21,2,1428,21,212829616,0,0,0,20019,63187316632,207291826575
2022-10-24,ZL005DWW,0,159860472,4,0,523173585,20388,4,0,1,21,2,1428,21,159860472,0,0,0,20035,63223093576,207447221239
2022-10-25,ZL005DWW,0,227789728,4,0,527697621,20420,4,0,1,21,2,1430,21,227789728,0,0,0,20067,63280917248,207701467479
2022-10-26,ZL005DWW,0,160414664,4,0,530474476,20436,4,0,1,21,2,1430,21,160414664,0,0,0,20082,63318128776,207841021535
2022-10-27,ZL005DWW,0,233551736,4,0,538142280,20467,4,0,1,21,2,1432,21,233551736,0,0,0,20114,63388228184,208088199863
2022-10-28,ZL005DWW,0,165029360,4,0,540856727,20483,4,0,1,21,2,1432,21,165029360,0,0,0,20130,63427731448,208224314911
2022-10-29,ZL005DWW,0,159846096,4,0,546952757,20515,4,0,1,22,2,1434,22,159846096,0,0,0,20161,63491691904,208399311823
2022-10-30,ZL005DWW,0,27672608,4,0,550579539,20531,4,0,1,21,2,1434,21,27672608,0,0,0,20177,63523561216,208479409655
2022-10-31,ZL005DWW,0,109628752,4,0,555431233,20562,4,0,1,21,2,1436,21,109628752,0,0,0,20209,63588540512,208740527231
2022-11-01,ZL005DWW,0,42520968,4,0,557799631,20578,4,0,1,21,2,1436,21,42520968,0,0,0,20224,63621194472,208884906247
2022-11-02,ZL005DWW,0,167911424,4,0,564381875,20610,4,0,1,21,2,1438,21,167911424,0,0,0,20256,63695978448,209179653631
2022-11-03,ZL005DWW,0,222944768,4,0,571917201,20642,4,0,1,21,2,1439,21,222944768,0,0,0,20288,63765909112,209408897167
2022-11-04,ZL005DWW,0,132200776,4,0,574239350,20658,4,0,1,21,2,1440,21,132200776,0,0,0,20303,63803788192,209524414967
2022-11-05,ZL005DWW,0,128457008,4,0,581848321,20689,4,0,1,21,2,1441,21,128457008,0,0,0,20335,63880930320,209687669703
2022-11-06,ZL005DWW,0,34924000,4,0,584788459,20705,4,0,1,21,2,1442,21,34924000,0,0,0,20351,63927841320,209791366351
2022-11-07,ZL005DWW,0,45914784,4,0,589062960,20737,4,0,1,21,2,1443,21,45914784,0,0,0,20382,64000182592,209974156495
2022-11-08,ZL005DWW,0,186232760,4,0,591406854,20752,4,0,1,21,2,1444,21,186232760,0,0,0,20398,64042225752,210072431311
2022-11-09,ZL005DWW,0,51990280,4,0,597408049,20784,4,0,1,21,2,1446,21,51990280,0,0,0,20429,64132572064,210336124047
2022-11-10,ZL005DWW,0,211414728,4,0,600054163,20800,4,0,1,21,2,1447,21,211414728,0,0,0,20445,64177708872,210450411895
2022-11-11,ZL005DWW,0,232462752,4,0,605187797,20832,4,0,1,21,2,1448,21,232462752,0,0,0,20476,64257344224,210635965199
2022-11-12,ZL005DWW,0,118167624,4,0,608620830,20847,4,0,1,21,2,1449,21,118167624,0,0,0,20492,64299658464,210723496463
2022-11-13,ZL005DWW,0,129877344,4,0,614770033,20879,4,0,1,21,2,1450,21,129877344,0,0,0,20524,64373307176,210905698103
2022-11-14,ZL005DWW,0,32718232,4,0,617053945,20895,4,0,1,21,2,1451,21,32718232,0,0,0,20539,64416779960,211009206975
2022-11-15,ZL005DWW,0,60836136,4,0,621230094,20927,4,0,1,22,2,1452,22,60836136,0,0,0,20571,64482648392,211215597343
2022-11-16,ZL005DWW,0,188494312,4,0,627341834,20958,4,0,1,22,2,1453,22,188494312,0,0,0,20602,64562198400,211507846143
2022-11-17,ZL005DWW,0,40415432,4,0,631583132,20974,4,0,1,22,2,1454,22,40415432,0,0,0,20618,64586086440,211580020447
2022-11-18,ZL005DWW,0,18542200,4,0,638791758,21006,4,0,1,22,2,1455,22,18542200,0,0,0,20649,64641425064,211746949271
2022-11-19,ZL005DWW,0,146698440,4,0,641978048,21021,4,0,1,22,2,1456,22,146698440,0,0,0,20665,64664713904,211851816671
2022-11-20,ZL005DWW,0,53846384,4,0,644296882,21037,4,0,1,20,2,1456,20,53846384,0,0,0,20681,64711444032,211956375207
2022-11-21,ZL005DWW,0,77066368,4,0,648097868,21069,4,0,1,21,2,1458,21,77066368,0,0,0,20712,64773857216,212161322719
2022-11-22,ZL005DWW,0,224695728,4,0,650271538,21085,4,0,1,21,2,1458,21,224695728,0,0,0,20728,64807286232,212275523063
2022-11-23,ZL005DWW,0,114007136,4,0,656259314,21116,4,0,1,22,2,1460,22,114007136,0,0,0,20760,64876286944,212584115279
2022-11-24,ZL005DWW,0,47442576,4,0,659928087,21132,4,0,1,20,2,1460,20,47442576,0,0,0,20775,64914863864,212723114479
2022-11-25,ZL005DWW,0,120949240,4,0,665551113,21164,4,0,1,20,2,1462,20,120949240,0,0,0,20807,64986095728,212969530735
2022-11-26,ZL005DWW,0,238608368,4,0,669021906,21180,4,0,1,20,2,1462,20,238608368,0,0,0,20823,65024894976,213048390623
2022-11-27,ZL005DWW,0,10971296,4,0,675386063,21211,4,0,1,20,2,1464,20,10971296,0,0,0,20854,65108971752,213224958303
2022-11-28,ZL005DWW,0,164954328,4,0,677541010,21227,4,0,1,20,2,1464,20,164954328,0,0,0,20870,65154637072,213333276015
2022-11-29,ZL005DWW,0,202256200,4,0,681814423,21259,4,0,1,20,2,1466,20,202256200,0,0,0,20901,65222989096,213546366599
2022-11-30,ZL005DWW,0,155484944,4,0,684531554,21275,4,0,1,21,2,1466,21,155484944,0,0,0,20917,65269141232,213697583951
2022-12-01,ZL005DWW,0,84819368,4,0,690878262,21306,4,0,1,20,2,1468,20,84819368,0,0,0,20948,65353347840,214030993423
2022-12-02,ZL005DWW,0,41813416,4,0,693498052,21322,4,0,1,20,2,1468,20,41813416,0,0,0,20964,65400977280,214184498671
2022-12-03,ZL005DWW,0,52278688,4,0,699962922,21354,4,0,1,20,2,1470,20,52278688,0,0,0,20995,65469176520,214370905359
2022-12-04,ZL005DWW,0,173185016,4,0,703935978,21369,4,0,1,20,2,1470,20,173185016,0,0,0,21011,65500692176,214460296031
2022-12-05,ZL005DWW,0,50716584,4,0,709805934,21401,4,0,1,20,2,1472,20,50716584,0,0,0,21043,65556496912,214770304423
2022-12-06,ZL005DWW,0,228216768,4,0,712632179,21417,4,0,1,20,2,1472,20,228216768,0,0,0,21059,65593366672,214910934847
2022-12-07,ZL005DWW,0,132666640,4,0,718631495,21449,4,0,1,19,2,1474,19,132666640,0,0,0,21090,65670404992,215226627871
2022-12-08,ZL005DWW,0,88027904,4,0,724852056,21480,4,0,1,20,2,1475,20,88027904,0,0,0,21122,65748519920,215592155503
2022-12-09,ZL005DWW,0,99603960,4,0,727497400,21496,4,0,1,20,2,1476,20,99603960,0,0,0,21137,65783548160,215812843967
2022-12-11,ZL005DWW,0,216877736,4,0,737656735,21544,4,0,1,20,2,1478,20,216877736,0,0,0,21185,65881062856,216076743815
2022-12-11,ZL005DWW,0,216877736,4,0,737656735,21544,4,0,1,20,2,1478,20,216877736,0,0,0,21185,65881062856,216076743815
2022-12-12,ZL005DWW,0,130030248,4,0,742924203,21576,4,0,1,20,2,1479,20,130030248,0,0,0,21216,65939128752,216420111951
2022-12-13,ZL005DWW,0,107779072,4,0,745598718,21591,4,0,1,20,2,1480,20,107779072,0,0,0,21232,65963151224,216617979071
2022-12-14,ZL005DWW,0,134500784,4,0,751696346,21623,4,0,1,21,2,1481,21,134500784,0,0,0,21264,66034845256,217061288159
2022-12-15,ZL005DWW,0,40999376,4,0,754275621,21639,4,0,1,21,2,1482,21,40999376,0,0,0,21279,66077923576,217168849231
2022-12-16,ZL005DWW,0,81695304,4,0,759478290,21671,4,0,1,21,2,1483,21,81695304,0,0,0,21311,66152230248,217379379119
2022-12-17,ZL005DWW,0,198919448,4,0,762877790,21686,4,0,1,20,2,1484,20,198919448,0,0,0,21327,66190660424,217458173087
2022-12-18,ZL005DWW,0,232730128,4,0,769260721,21718,4,0,1,22,2,1485,22,232730128,0,0,0,21359,66271017512,217655767991
2022-12-19,ZL005DWW,0,228784568,4,0,771686056,21734,4,0,1,22,2,1486,22,228784568,0,0,0,21374,66312335664,217854645007
2022-12-20,ZL005DWW,0,28792728,4,0,776242015,21766,4,0,1,22,2,1487,22,28792728,0,0,0,21406,66389457480,218309954207
2022-12-21,ZL005DWW,0,197338672,4,0,782752401,21797,4,0,1,22,2,1488,22,197338672,0,0,0,21437,66471894592,218640203671
2022-12-22,ZL005DWW,0,155259272,4,0,786871966,21813,4,0,1,22,2,1489,22,155259272,0,0,0,21453,66505722760,218808436759
2022-12-23,ZL005DWW,0,21617288,4,0,793788590,21845,4,0,1,21,2,1490,21,21617288,0,0,0,21485,66581621936,219087176999
2022-12-24,ZL005DWW,0,143764584,4,0,797540936,21861,4,0,1,21,2,1491,21,143764584,0,0,0,21500,66614670560,219176275671
2022-12-25,ZL005DWW,0,60952896,4,0,803466420,21892,4,0,1,20,2,1492,20,60952896,0,0,0,21532,66694561312,219501854695
2022-12-26,ZL005DWW,0,37101096,4,0,805824632,21908,4,0,1,20,2,1493,20,37101096,0,0,0,21547,66736214496,219680490351
2022-12-27,ZL005DWW,0,12860144,4,0,810450302,21940,4,0,1,20,2,1494,20,12860144,0,0,0,21579,66809343392,220071402215
2022-12-28,ZL005DWW,0,46971384,4,0,814108919,21956,4,0,1,21,2,1495,21,46971384,0,0,0,21595,66842339688,220316658039
2022-12-29,ZL005DWW,0,141930624,4,0,822100392,21987,4,0,1,20,2,1496,20,141930624,0,0,0,21626,66913361864,220828876647
2022-12-30,ZL005DWW,0,91435128,4,0,825600510,22003,4,0,1,20,2,1497,20,91435128,0,0,0,21642,66945919856,220989963895
2022-12-31,ZL005DWW,0,101135040,4,0,833597534,22035,4,0,1,21,2,1498,21,101135040,0,0,0,21673,67015591144,221174133151
