2022-01-01,ZL00554T,0,160082200,3,0,429904436,13493,3,0,0,27,1,1343,27,160082200,0,0,0,13051,45031620920,158502307233
2022-01-02,ZL00554T,0,125504768,3,0,433244926,13509,3,0,0,27,1,1343,27,125504768,0,0,0,13067,45124813384,158618678153
2022-01-03,ZL00554T,0,118686456,3,0,441403894,13541,3,0,0,28,1,1345,28,118686456,0,0,0,13098,45349173592,158875781049
2022-01-04,ZL00554T,0,749496,3,0,447756514,13573,3,0,0,27,1,1346,27,749496,0,0,0,13130,45549358128,159290081681
2022-01-05,ZL00554T,0,61538344,3,0,450827060,13588,3,0,0,28,1,1347,28,61538344,0,0,0,13146,45649339664,159495029633
2022-01-06,ZL00554T,0,224700176,3,0,458319260,13620,3,0,0,27,1,1348,27,224700176,0,0,0,13178,45849189576,159946623033
2022-01-07,ZL00554T,0,55125008,3,0,462413775,13636,3,0,0,27,1,1349,27,55125008,0,0,0,13193,45942207064,160172311801
2022-01-08,ZL00554T,0,65232000,3,0,468343125,13668,3,0,0,27,1,1350,27,65232000,0,0,0,13225,46122733520,160490173649
2022-01-09,ZL00554T,0,12542352,3,0,472201926,13683,3,0,0,27,1,1351,27,12542352,0,0,0,13240,46210067272,160594291177
2022-01-10,ZL00554T,0,244031240,3,0,479023351,13715,3,0,0,26,1,1352,26,244031240,0,0,0,13272,46376248136,160903739921
2022-01-11,ZL00554T,0,34030504,3,0,482076561,13731,3,0,0,27,1,1353,27,34030504,0,0,0,13288,46468251712,161090016953
2022-01-12,ZL00554T,0,72419800,3,0,485105849,13747,3,0,0,27,1,1353,27,72419800,0,0,0,13303,46550555720,161290243161
2022-01-13,ZL00554T,0,233669984,3,0,492150627,13779,3,0,0,28,1,1355,28,233669984,0,0,0,13336,46734230552,161756100281
2022-01-14,ZL00554T,0,43857184,3,0,496429024,13795,3,0,0,28,1,1355,28,43857184,0,0,0,13352,46820377784,161968421513
2022-01-15,ZL00554T,0,124296048,3,0,504617573,13827,3,0,0,29,1,1357,29,124296048,0,0,0,13383,46976958632,162380561265
2022-01-16,ZL00554T,0,123173208,3,0,509184665,13843,3,0,0,28,1,1357,28,123173208,0,0,0,13399,47058215664,162542322113
2022-01-17,ZL00554T,0,20860696,3,0,516647878,13874,3,0,0,28,1,1359,28,20860696,0,0,0,13430,47197537776,162788969001
2022-01-18,ZL00554T,0,48002176,3,0,519687970,13890,3,0,0,27,1,1359,27,48002176,0,0,0,13446,47271505672,162986283217
2022-01-19,ZL00554T,0,49053960,3,0,525728396,13922,3,0,0,29,1,1361,29,49053960,0,0,0,13477,47409637848,163337484153
2022-01-20,ZL00554T,0,111523760,3,0,532548187,13954,3,0,0,29,1,1362,29,111523760,0,0,0,13509,47550291712,163747581545
2022-01-21,ZL00554T,0,112794160,3,0,535725382,13970,3,0,0,29,1,1363,29,112794160,0,0,0,13525,47614248000,163929036289
2022-01-22,ZL00554T,0,93655496,3,0,541864089,14001,3,0,0,29,1,1364,29,93655496,0,0,0,13556,47749146832,164263280345
2022-01-23,ZL00554T,0,18596696,3,0,544931275,14017,3,0,0,29,1,1365,29,18596696,0,0,0,13572,47812974984,164368534273
2022-01-24,ZL00554T,0,133764600,3,0,552709596,14049,3,0,0,29,1,1366,29,133764600,0,0,0,13604,47950230984,164590586921
2022-01-25,ZL00554T,0,94859520,3,0,555896020,14065,3,0,0,29,1,1367,29,94859520,0,0,0,13619,48017669288,164728384225
2022-01-26,ZL00554T,0,53359864,3,0,558971135,14081,3,0,0,29,1,1367,29,53359864,0,0,0,13635,48083341624,164865353009
2022-01-27,ZL00554T,0,126320296,3,0,565779954,14112,3,0,0,30,1,1369,30,126320296,0,0,0,13667,48231556288,165278380217
2022-01-28,ZL00554T,0,124889368,3,0,570067933,14128,3,0,0,29,1,1369,29,124889368,0,0,0,13682,48304699440,165447946769
2022-01-29,ZL00554T,0,140708048,3,0,576751708,14160,3,0,0,29,1,1371,29,140708048,0,0,0,13714,48427778960,165828968065
2022-01-30,ZL00554T,0,98158600,3,0,579969089,14176,3,0,0,29,1,1371,29,98158600,0,0,0,13730,48497868184,165960470553
2022-01-31,ZL00554T,0,201971408,3,0,587629357,14208,3,0,0,29,1,1373,29,201971408,0,0,0,13761,48631546992,166174745305
2022-02-01,ZL00554T,0,126011112,3,0,593671344,14239,3,0,0,27,1,1374,27,126011112,0,0,0,13793,48786617928,166431995449
2022-02-02,ZL00554T,0,138235272,3,0,596750164,14255,3,0,0,27,1,1375,27,138235272,0,0,0,13808,48867078160,166607900289
2022-02-03,ZL00554T,0,184460720,3,0,603803562,14287,3,0,0,27,1,1376,27,184460720,0,0,0,13840,49009705040,166999780121
2022-02-04,ZL00554T,0,186135472,3,0,608168763,14303,3,0,0,28,1,1377,28,186135472,0,0,0,13855,49081234624,167174066097
2022-02-05,ZL00554T,0,145806328,3,0,614941861,14334,3,0,0,27,1,1378,27,145806328,0,0,0,13887,49234392920,167468859921
2022-02-06,ZL00554T,0,95277536,3,0,618748619,14350,3,0,0,28,1,1379,28,95277536,0,0,0,13902,49310926912,167585937785
2022-02-07,ZL00554T,0,217686328,3,0,625774204,14382,3,0,0,28,1,1380,28,217686328,0,0,0,13934,49450829448,167812584761
2022-02-08,ZL00554T,0,170621648,3,0,628708928,14397,3,0,0,28,1,1381,28,170621648,0,0,0,13950,49519832448,167940657865
2022-02-09,ZL00554T,0,60006176,3,0,634584363,14429,3,0,0,27,1,1382,27,60006176,0,0,0,13981,49653309120,168184847033
2022-02-10,ZL00554T,0,99044200,3,0,637997548,14445,3,0,0,28,1,1383,28,99044200,0,0,0,13997,49727255560,168394079761
2022-02-11,ZL00554T,0,144080328,3,0,646168734,14477,3,0,0,27,1,1384,27,144080328,0,0,0,14028,49870566808,168784086001
2022-02-12,ZL00554T,0,95188912,3,0,649101045,14493,3,0,0,27,1,1384,27,95188912,0,0,0,14044,49935722080,168914180073
2022-02-13,ZL00554T,0,184019480,3,0,656181955,14524,3,0,0,27,1,1386,27,184019480,0,0,0,14075,50054049824,169128823641
2022-02-14,ZL00554T,0,110172368,3,0,659818324,14540,3,0,0,27,1,1386,27,110172368,0,0,0,14091,50113625408,169239541577
2022-02-15,ZL00554T,0,33497040,3,0,665749975,14572,3,0,0,27,1,1388,27,33497040,0,0,0,14123,50245488648,169519284361
2022-02-16,ZL00554T,0,37044208,3,0,668805946,14587,3,0,0,28,1,1388,28,37044208,0,0,0,14139,50307377168,169705083841
2022-02-17,ZL00554T,0,29610824,3,0,675635591,14619,3,0,0,27,1,1390,27,29610824,0,0,0,14170,50446747008,170046562113
2022-02-18,ZL00554T,0,153165208,3,0,681314159,14651,3,0,0,28,1,1391,28,153165208,0,0,0,14201,50520065112,170340939089
2022-02-19,ZL00554T,0,73389432,3,0,683677807,14667,3,0,0,27,1,1392,27,73389432,0,0,0,14217,50550891568,170474477641
2022-02-20,ZL00554T,0,136975120,3,0,691384310,14698,3,0,0,28,1,1393,28,136975120,0,0,0,14248,50631060096,170702035433
2022-02-21,ZL00554T,0,64386656,3,0,693808686,14714,3,0,0,27,1,1394,27,64386656,0,0,0,14264,50669659928,170834987777
2022-02-22,ZL00554T,0,230932576,3,0,698745656,14746,3,0,0,28,1,1395,28,230932576,0,0,0,14296,50730284848,171185049481
2022-02-23,ZL00554T,0,178708144,3,0,701161288,14761,3,0,0,27,1,1396,27,178708144,0,0,0,14312,50769405208,171337845561
2022-02-24,ZL00554T,0,64795544,3,0,706598857,14793,3,0,0,28,1,1397,28,64795544,0,0,0,14343,50837774176,171643845425
2022-02-25,ZL00554T,0,216863416,3,0,708817328,14809,3,0,0,27,1,1398,27,216863416,0,0,0,14359,50864766600,171768920873
2022-02-26,ZL00554T,0,79951736,3,0,713777306,14841,3,0,0,28,1,1399,28,79951736,0,0,0,14390,50934180128,172050876945
2022-02-27,ZL00554T,0,205560296,3,0,717661343,14856,3,0,0,27,1,1399,27,205560296,0,0,0,14406,50966499592,172144166041
2022-02-28,ZL00554T,0,67051112,3,0,723311625,14888,3,0,0,27,1,1401,27,67051112,0,0,0,14438,51035021904,172425415809
2022-03-01,ZL00554T,0,66888040,3,0,726236952,14904,3,0,0,27,1,1401,27,66888040,0,0,0,14454,51080477520,172623937817
2022-03-02,ZL00554T,0,150872696,3,0,730586312,14936,3,0,0,27,1,1403,27,150872696,0,0,0,14485,51145921488,172886619137
2022-03-03,ZL00554T,0,96907760,3,0,733435846,14952,3,0,0,27,1,1403,27,96907760,0,0,0,14501,51179648344,173043067977
2022-03-04,ZL00554T,0,161533576,3,0,737809151,14983,3,0,0,27,1,1405,27,161533576,0,0,0,14532,51237612488,173293870489
2022-03-05,ZL00554T,0,81145592,3,0,740120078,14999,3,0,0,26,1,1405,26,81145592,0,0,0,14548,51275627160,173419608489
2022-03-06,ZL00554T,0,130901896,3,0,746284455,15031,3,0,0,28,1,1407,28,130901896,0,0,0,14579,51337773232,173651359401
2022-03-07,ZL00554T,0,90184176,3,0,748757746,15047,3,0,0,26,1,1407,26,90184176,0,0,0,14595,51381394208,173811161425
2022-03-08,ZL00554T,0,74891960,3,0,757059535,15078,3,0,0,27,1,1409,27,74891960,0,0,0,14627,51458058152,174207486617
2022-03-09,ZL00554T,0,30284520,3,0,759603756,15094,3,0,0,28,1,1409,28,30284520,0,0,0,14643,51520756792,174344321305
2022-03-10,ZL00554T,0,3616464,3,0,765992085,15126,3,0,0,27,1,1411,27,3616464,0,0,0,14674,51605528928,174721162665
2022-03-11,ZL00554T,0,16781544,3,0,770133466,15141,3,0,0,28,1,1411,28,16781544,0,0,0,14690,51646273792,174937723609
2022-03-12,ZL00554T,0,223779136,3,0,775542064,15173,3,0,0,28,1,1413,28,223779136,0,0,0,14721,51740860200,175294275457
2022-03-13,ZL00554T,0,126998016,3,0,779103456,15189,3,0,0,28,1,1413,28,126998016,0,0,0,14737,51794955328,175387539873
2022-03-14,ZL00554T,0,18342928,3,0,785785802,15221,3,0,0,28,1,1415,28,18342928,0,0,0,14769,51896829056,175665292537
2022-03-15,ZL00554T,0,10410392,3,0,788718647,15237,3,0,0,28,1,1415,28,10410392,0,0,0,14785,51949994416,175848335273
2022-03-16,ZL00554T,0,239054184,3,0,794594789,15268,3,0,0,28,1,1417,28,239054184,0,0,0,14816,52051669720,176219444393
2022-03-17,ZL00554T,0,25352808,3,0,797740915,15284,3,0,0,28,1,1417,28,25352808,0,0,0,14832,52100359040,176445335121
2022-03-18,ZL00554T,0,54191600,3,0,803944398,15316,3,0,0,28,1,1419,28,54191600,0,0,0,14863,52202383024,176860431241
2022-03-19,ZL00554T,0,63062616,3,0,806868645,15332,3,0,0,28,1,1419,28,63062616,0,0,0,14879,52247996264,177067829833
2022-03-20,ZL00554T,0,170402472,3,0,813976612,15363,3,0,0,28,1,1421,28,170402472,0,0,0,14911,52341558792,177325747817
2022-03-21,ZL00554T,0,64316352,3,0,817693786,15379,3,0,0,28,1,1421,28,64316352,0,0,0,14926,52378070904,177427290217
2022-03-22,ZL00554T,0,30769200,3,0,824132127,15411,3,0,0,28,1,1423,28,30769200,0,0,0,14958,52454851632,177805243625
2022-03-23,ZL00554T,0,220435920,3,0,826974908,15427,3,0,0,28,1,1423,28,220435920,0,0,0,14974,52489404848,177960357129
2022-03-24,ZL00554T,0,116077768,3,0,833394058,15458,3,0,0,28,1,1425,28,116077768,0,0,0,15005,52587724032,178245961057
2022-03-25,ZL00554T,0,85052944,3,0,837445267,15474,3,0,0,28,1,1425,28,85052944,0,0,0,15021,52644163920,178402636985
2022-03-26,ZL00554T,0,193762664,3,0,844231654,15506,3,0,0,28,1,1427,28,193762664,0,0,0,15053,52733351776,178666299481
2022-03-27,ZL00554T,0,99946240,3,0,847201729,15522,3,0,0,28,1,1427,28,99946240,0,0,0,15069,52776448456,178773527249
2022-03-28,ZL00554T,0,111905496,3,0,854861153,15553,3,0,0,28,1,1429,28,111905496,0,0,0,15100,52854126776,178951948833
2022-03-29,ZL00554T,0,17452512,3,0,857987023,15569,3,0,0,28,1,1429,28,17452512,0,0,0,15116,52896516936,179059246329
2022-03-30,ZL00554T,0,112468664,3,0,863407353,15601,3,0,0,28,1,1432,28,112468664,0,0,0,15148,52985947232,179308972985
2022-03-31,ZL00554T,0,104500656,3,0,866712431,15617,3,0,0,28,1,1432,28,104500656,0,0,0,15163,53035089032,179496003849
2022-04-01,ZL00554T,0,73694560,3,0,875451368,15648,3,0,0,28,1,1433,28,73694560,0,0,0,15195,53123320816,179865247297
2022-04-02,ZL00554T,0,1908680,3,0,881360881,15680,3,0,0,28,1,1435,28,1908680,0,0,0,15226,53195185160,180209878393
2022-04-03,ZL00554T,0,120529968,3,0,884535468,15696,3,0,0,28,1,1435,28,120529968,0,0,0,15242,53231311152,180292373689
2022-04-04,ZL00554T,0,118827320,3,0,891196738,15728,3,0,0,28,1,1437,28,118827320,0,0,0,15274,53293836856,180472285969
2022-04-05,ZL00554T,0,65584952,3,0,894100336,15743,3,0,0,28,1,1437,28,65584952,0,0,0,15290,53327703328,180629317841
2022-04-06,ZL00554T,0,232576952,3,0,899783501,15775,3,0,0,28,1,1439,28,232576952,0,0,0,15321,53391894448,180976259513
2022-04-07,ZL00554T,0,199478480,3,0,903029663,15791,3,0,0,28,1,1439,28,199478480,0,0,0,15337,53425260048,181153936489
2022-04-08,ZL00554T,0,144820832,3,0,910437369,15823,3,0,0,28,1,1441,28,144820832,0,0,0,15368,53489347032,181523473305
2022-04-09,ZL00554T,0,172876784,3,0,913399705,15839,3,0,0,28,1,1441,28,172876784,0,0,0,15384,53526502512,181758514409
2022-04-10,ZL00554T,0,113336368,3,0,916567588,15854,3,0,0,28,1,1442,28,113336368,0,0,0,15400,53566191392,181903425873
2022-04-11,ZL00554T,0,183631512,3,0,923460672,15886,3,0,0,28,1,1443,28,183631512,0,0,0,15432,53637390704,182146662657
2022-04-12,ZL00554T,0,173778352,3,0,929246280,15918,3,0,0,28,1,1445,28,173778352,0,0,0,15463,53710217072,182552265161
2022-04-13,ZL00554T,0,223338712,3,0,932953003,15934,3,0,0,28,1,1445,28,223338712,0,0,0,15479,53752488792,182803694705
2022-04-14,ZL00554T,0,185281352,3,0,939407796,15965,3,0,0,28,1,1447,28,185281352,0,0,0,15510,53827496064,183178911761
2022-04-15,ZL00554T,0,117792408,3,0,942688866,15981,3,0,0,28,1,1447,28,117792408,0,0,0,15526,53860247280,183322812297
2022-04-16,ZL00554T,0,50221016,3,0,947195875,16013,3,0,0,28,1,1449,28,50221016,0,0,0,15558,53939306360,183664463241
2022-04-17,ZL00554T,0,168457280,3,0,950742173,16029,3,0,0,28,1,1449,28,168457280,0,0,0,15574,53973687896,183748317969
2022-04-18,ZL00554T,0,18186408,3,0,955105476,16061,3,0,0,27,1,1451,27,18186408,0,0,0,15605,54031600240,184028416249
2022-04-19,ZL00554T,0,202700808,3,0,957224377,16077,3,0,0,28,1,1451,28,202700808,0,0,0,15621,54069279760,184175251129
2022-04-20,ZL00554T,0,81992688,3,0,960997486,16108,3,0,0,28,1,1454,28,81992688,0,0,0,15653,54142757624,184469346505
2022-04-21,ZL00554T,0,80136704,3,0,963595933,16124,3,0,0,28,1,1454,28,80136704,0,0,0,15669,54188302184,184666086777
2022-04-22,ZL00554T,0,222753160,3,0,970141983,16156,3,0,0,27,1,1456,27,222753160,0,0,0,15700,54253999568,184987146481
2022-04-23,ZL00554T,0,175950464,3,0,972273318,16172,3,0,0,28,1,1456,28,175950464,0,0,0,15716,54288657992,185149825993
2022-04-24,ZL00554T,0,2724040,3,0,978953157,16203,3,0,0,28,1,1458,28,2724040,0,0,0,15747,54376685200,185376853721
2022-04-25,ZL00554T,0,216501480,3,0,981402368,16219,3,0,0,28,1,1458,28,216501480,0,0,0,15763,54421814488,185545501873
2022-04-26,ZL00554T,0,200355312,3,0,989391822,16251,3,0,0,28,1,1460,28,200355312,0,0,0,15795,54494998000,185944453505
2022-04-27,ZL00554T,0,167211256,3,0,991698132,16267,3,0,0,28,1,1460,28,167211256,0,0,0,15811,54534107008,186116341473
2022-04-28,ZL00554T,0,85632104,3,0,998247257,16299,3,0,0,27,1,1462,27,85632104,0,0,0,15842,54609691352,186447459377
2022-04-29,ZL00554T,0,9500544,3,0,3094954,16314,3,0,0,28,1,1462,28,9500544,0,0,0,15858,54648839080,186576320729
2022-04-30,ZL00554T,0,131548096,3,0,7502350,16346,3,0,0,27,1,1464,27,131548096,0,0,0,15889,54719650472,186871697745
2022-05-01,ZL00554T,0,26791808,3,0,11043943,16362,3,0,0,27,1,1464,27,26791808,0,0,0,15905,54755927608,186974804953
2022-05-02,ZL00554T,0,127469024,3,0,15825022,16394,3,0,0,27,1,1466,27,127469024,0,0,0,15936,54841565264,187233985217
2022-05-03,ZL00554T,0,98194280,3,0,17890706,16409,3,0,0,27,1,1466,27,98194280,0,0,0,15952,54885773600,187404642881
2022-05-04,ZL00554T,0,71115032,3,0,22333659,16441,3,0,0,27,1,1469,27,71115032,0,0,0,15983,54995764192,187755854913
2022-05-05,ZL00554T,0,46550320,3,0,24724474,16457,3,0,0,28,1,1469,28,46550320,0,0,0,15999,55032199408,187938995625
2022-05-06,ZL00554T,0,13686288,3,0,32507135,16488,3,0,0,28,1,1471,28,13686288,0,0,0,16031,55112193560,188314419017
2022-05-07,ZL00554T,0,169896488,3,0,37387906,16520,3,0,0,28,1,1472,28,169896488,0,0,0,16062,55193248064,188633715433
2022-05-08,ZL00554T,0,55924096,3,0,41269459,16536,3,0,0,28,1,1472,28,55924096,0,0,0,16078,55234404824,188722726913
2022-05-09,ZL00554T,0,172642680,3,0,46247187,16568,3,0,0,27,1,1474,27,172642680,0,0,0,16110,55302741576,189015249529
2022-05-10,ZL00554T,0,121812512,3,0,48353168,16584,3,0,0,27,1,1474,27,121812512,0,0,0,16126,55336696680,189174605145
2022-05-11,ZL00554T,0,216690968,3,0,52186214,16615,3,0,0,28,1,1476,28,216690968,0,0,0,16157,55397967256,189452353881
2022-05-12,ZL00554T,0,224330048,3,0,55295600,16631,3,0,0,28,1,1476,28,224330048,0,0,0,16173,55440057240,189662043609
2022-05-13,ZL00554T,0,201115104,3,0,62171803,16663,3,0,0,28,1,1478,28,201115104,0,0,0,16204,55515561056,190051606233
2022-05-14,ZL00554T,0,164739464,3,0,64584631,16679,3,0,0,28,1,1478,28,164739464,0,0,0,16220,55558594552,190216337881
2022-05-15,ZL00554T,0,187259416,3,0,71047370,16710,3,0,0,27,1,1480,27,187259416,0,0,0,16252,55625661320,190415932585
2022-05-16,ZL00554T,0,133128480,3,0,73139575,16726,3,0,0,27,1,1480,27,133128480,0,0,0,16268,55656100688,190575502937
2022-05-17,ZL00554T,0,19672488,3,0,77369643,16758,3,0,0,28,1,1482,28,19672488,0,0,0,16299,55722063768,190884365665
2022-05-18,ZL00554T,0,221130272,3,0,79739725,16774,3,0,0,27,1,1482,27,221130272,0,0,0,16315,55770049608,191037837609
2022-05-19,ZL00554T,0,195318696,3,0,85906359,16805,3,0,0,27,1,1484,27,195318696,0,0,0,16346,55845021896,191425335953
2022-05-20,ZL00554T,0,172968136,3,0,89596927,16821,3,0,0,27,1,1484,27,172968136,0,0,0,16362,55887895704,191604252217
2022-05-21,ZL00554T,0,37598960,3,0,94014521,16853,3,0,0,28,1,1486,28,37598960,0,0,0,16394,55961011296,191884049097
2022-05-22,ZL00554T,0,166158152,3,0,97953907,16869,3,0,0,28,1,1486,28,166158152,0,0,0,16410,56015205560,191958414025
2022-05-23,ZL00554T,0,7000160,3,0,103836188,16901,3,0,0,28,1,1488,28,7000160,0,0,0,16441,56092845352,192209897505
2022-05-24,ZL00554T,0,216875696,3,0,106130682,16916,3,0,0,28,1,1488,28,216875696,0,0,0,16457,56133702656,192378915737
2022-05-25,ZL00554T,0,147320928,3,0,111068312,16948,3,0,0,28,1,1490,28,147320928,0,0,0,16488,56225421752,192705923209
2022-05-26,ZL00554T,0,132393816,3,0,113948676,16964,3,0,0,28,1,1490,28,132393816,0,0,0,16504,56273591000,192886967721
2022-05-27,ZL00554T,0,60002480,3,0,121463245,16996,3,0,0,28,1,1492,28,60002480,0,0,0,16536,56361547248,193214901673
2022-05-28,ZL00554T,0,1540536,3,0,123900101,17012,3,0,0,28,1,1492,28,1540536,0,0,0,16552,56403200064,193358928025
2022-05-29,ZL00554T,0,44854792,3,0,130407935,17043,3,0,0,28,1,1494,28,44854792,0,0,0,16583,56484246448,193565336529
2022-05-30,ZL00554T,0,220651992,3,0,133418783,17059,3,0,0,27,1,1494,27,220651992,0,0,0,16599,56532099872,193693280305
2022-05-31,ZL00554T,0,112280408,3,0,138164080,17091,3,0,0,28,1,1496,28,112280408,0,0,0,16631,56611665176,193993624689
2022-06-01,ZL00554T,0,69211856,3,0,140742799,17106,3,0,0,28,1,1496,28,69211856,0,0,0,16646,56658924016,194147437953
2022-06-02,ZL00554T,0,7103824,3,0,145689428,17138,3,0,0,27,1,1498,27,7103824,0,0,0,16678,56741272320,194491263209
2022-06-03,ZL00554T,0,1990472,3,0,148199168,17154,3,0,0,27,1,1498,27,1990472,0,0,0,16694,56788224288,194683338929
2022-06-04,ZL00554T,0,112991888,3,0,152645925,17186,3,0,0,27,1,1500,27,112991888,0,0,0,16725,56864430736,194962274633
2022-06-05,ZL00554T,0,243818392,3,0,155305716,17202,3,0,0,28,1,1500,28,243818392,0,0,0,16741,56905415096,195052116777
2022-06-07,ZL00554T,0,228568160,3,0,164552903,17249,3,0,0,28,1,1502,28,228568160,0,0,0,16789,57038806632,195391756465
2022-06-08,ZL00554T,0,139528536,3,0,169038536,17281,3,0,0,28,1,1505,28,139528536,0,0,0,16820,57118425768,195711379953
2022-06-09,ZL00554T,0,121802712,3,0,175972136,17313,3,0,0,28,1,1506,28,121802712,0,0,0,16851,57214247216,196086113945
2022-06-10,ZL00554T,0,121795472,3,0,182163216,17328,3,0,0,28,1,1507,28,121795472,0,0,0,16867,57254518072,196289977121
2022-06-11,ZL00554T,0,12291456,3,0,187492891,17360,3,0,0,28,1,1508,28,12291456,0,0,0,16899,57333547088,196589725561
2022-06-12,ZL00554T,0,114288664,3,0,189878827,17376,3,0,0,28,1,1508,28,114288664,0,0,0,16915,57370081800,196655188057
2022-06-13,ZL00554T,0,169247216,3,0,197125015,17408,3,0,0,28,1,1510,28,169247216,0,0,0,16946,57460881824,196863487377
2022-06-14,ZL00554T,0,135394928,3,0,200117441,17423,3,0,0,28,1,1510,28,135394928,0,0,0,16962,57507137792,197027519905
2022-06-15,ZL00554T,0,26802712,3,0,205453174,17455,3,0,0,28,1,1512,28,26802712,0,0,0,16993,57579651520,197334695257
2022-06-16,ZL00554T,0,36838776,3,0,208563679,17471,3,0,0,27,1,1513,27,36838776,0,0,0,17009,57626280224,197542243657
2022-06-17,ZL00554T,0,164380088,3,0,212688067,17502,3,0,0,27,1,1514,27,164380088,0,0,0,17041,57703186424,197837019665
2022-06-18,ZL00554T,0,239732648,3,0,217918558,17534,3,0,0,28,1,1515,28,239732648,0,0,0,17072,57782013272,198077686185
2022-06-19,ZL00554T,0,115256584,3,0,221665346,17550,3,0,0,28,1,1516,28,115256584,0,0,0,17088,57821573848,198157790177
2022-06-20,ZL00554T,0,22644216,3,0,227095678,17582,3,0,0,28,1,1517,28,22644216,0,0,0,17119,57913535624,198461497737
2022-06-21,ZL00554T,0,3420176,3,0,229766694,17597,3,0,0,27,1,1518,27,3420176,0,0,0,17135,57961969064,198637980897
2022-06-22,ZL00554T,0,170004472,3,0,235017935,17629,3,0,0,28,1,1520,28,170004472,0,0,0,17167,58049879944,198960795217
2022-06-23,ZL00554T,0,138531464,3,0,239099406,17645,3,0,0,27,1,1521,27,138531464,0,0,0,17182,58084238424,199139104361
2022-06-24,ZL00554T,0,72563440,3,0,245385142,17677,3,0,0,28,1,1522,28,72563440,0,0,0,17214,58173450728,199472205297
2022-06-25,ZL00554T,0,47561320,3,0,247722600,17692,3,0,0,27,1,1523,27,47561320,0,0,0,17230,58228270144,199636524713
2022-06-26,ZL00554T,0,74206608,3,0,254638274,17724,3,0,0,28,1,1524,28,74206608,0,0,0,17261,58313006568,199822574209
2022-06-27,ZL00554T,0,19822984,3,0,256664153,17740,3,0,0,27,1,1525,27,19822984,0,0,0,17277,58339072952,199986264985
2022-06-28,ZL00554T,0,163908616,3,0,260903040,17772,3,0,0,27,1,1526,27,163908616,0,0,0,17309,58404324360,200309239889
2022-06-29,ZL00554T,0,158304840,3,0,262932537,17788,3,0,0,27,1,1528,27,158304840,0,0,0,17324,58441833488,200510267665
2022-06-30,ZL00554T,0,176338056,3,0,265519795,17804,3,0,0,28,1,1528,28,176338056,0,0,0,17340,58473840304,200740435001
2022-07-01,ZL00554T,0,116523672,3,0,272266077,17835,3,0,0,28,1,1530,28,116523672,0,0,0,17371,58537360016,201105382681
2022-07-02,ZL00554T,0,60550544,3,0,274335931,17851,3,0,0,28,1,1530,28,60550544,0,0,0,17387,58570707040,201260203273
2022-07-03,ZL00554T,0,120427544,3,0,280607513,17883,3,0,0,28,1,1532,28,120427544,0,0,0,17419,58650855616,201484072329
2022-07-04,ZL00554T,0,60880464,3,0,283326413,17899,3,0,0,27,1,1532,27,60880464,0,0,0,17435,58689484512,201630037169
2022-07-05,ZL00554T,0,215064488,3,0,287347487,17930,3,0,0,27,1,1534,27,215064488,0,0,0,17466,58760536296,201957310089
2022-07-06,ZL00554T,0,184027792,3,0,289350618,17946,3,0,0,27,1,1534,27,184027792,0,0,0,17482,58797166008,202133784345
2022-07-07,ZL00554T,0,155388096,3,0,294029550,17978,3,0,0,27,1,1536,27,155388096,0,0,0,17513,58866115256,202524476833
2022-07-08,ZL00554T,0,126925600,3,0,296026092,17993,3,0,0,27,1,1536,27,126925600,0,0,0,17529,58901428744,202704841481
2022-07-09,ZL00554T,0,34530560,3,0,299673030,18025,3,0,0,27,1,1538,27,34530560,0,0,0,17561,58971063512,203031093233
2022-07-10,ZL00554T,0,185338376,3,0,303098777,18041,3,0,0,27,1,1538,27,185338376,0,0,0,17576,59013203128,203139761433
2022-07-11,ZL00554T,0,22676704,3,0,307975969,18073,3,0,0,26,1,1540,26,22676704,0,0,0,17608,59071661664,203406922705
2022-07-12,ZL00554T,0,216081008,3,0,309913009,18089,3,0,0,27,1,1540,27,216081008,0,0,0,17624,59103415496,203568573177
2022-07-13,ZL00554T,0,144953280,3,0,313730907,18120,3,0,0,26,1,1543,26,144953280,0,0,0,17655,59167975272,203921167065
2022-07-14,ZL00554T,0,157745592,3,0,320193977,18152,3,0,0,28,1,1544,28,157745592,0,0,0,17687,59245889520,204344326577
2022-07-15,ZL00554T,0,119481016,3,0,323072166,18168,3,0,0,27,1,1544,27,119481016,0,0,0,17703,59274009560,204522082593
2022-07-16,ZL00554T,0,16332592,3,0,326916400,18200,3,0,0,28,1,1546,28,16332592,0,0,0,17734,59328247296,204852977801
2022-07-17,ZL00554T,0,120875128,3,0,330813291,18215,3,0,0,27,1,1547,27,120875128,0,0,0,17750,59360444088,204925323545
2022-07-18,ZL00554T,0,29922728,3,0,334499500,18247,3,0,0,27,1,1548,27,29922728,0,0,0,17782,59422910048,205260186785
2022-07-19,ZL00554T,0,239892240,3,0,336351452,18263,3,0,0,27,1,1549,27,239892240,0,0,0,17797,59456019624,205437046721
2022-07-20,ZL00554T,0,221399368,3,0,338406297,18279,3,0,0,28,1,1549,28,221399368,0,0,0,17813,59494797936,205623916361
2022-07-21,ZL00554T,0,186973008,3,0,342990962,18311,3,0,0,28,1,1551,28,186973008,0,0,0,17845,59553338928,206019230473
2022-07-22,ZL00554T,0,162931792,3,0,349267567,18342,3,0,0,27,1,1553,27,162931792,0,0,0,17876,59620321896,206416487769
2022-07-23,ZL00554T,0,106211144,3,0,351012123,18358,3,0,0,28,1,1553,28,106211144,0,0,0,17892,59651910816,206572319609
2022-07-24,ZL00554T,0,152538760,3,0,357260554,18390,3,0,0,27,1,1555,27,152538760,0,0,0,17923,59712991936,206801706745
2022-07-25,ZL00554T,0,120435584,3,0,359263721,18406,3,0,0,27,1,1555,27,120435584,0,0,0,17939,59748120200,206978616481
2022-07-26,ZL00554T,0,150999440,3,0,367282280,18437,3,0,0,28,1,1557,28,150999440,0,0,0,17970,59813701664,207431880361
2022-07-27,ZL00554T,0,120953960,3,0,369353767,18453,3,0,0,27,1,1558,27,120953960,0,0,0,17986,59846389216,207613288177
2022-07-28,ZL00554T,0,95113472,3,0,375291251,18485,3,0,0,27,1,1560,27,95113472,0,0,0,18018,59902730872,208019387585
2022-07-29,ZL00554T,0,60701360,3,0,378248523,18501,3,0,0,27,1,1560,27,60701360,0,0,0,18033,59933658688,208198188329
2022-07-30,ZL00554T,0,184442352,3,0,381478121,18532,3,0,0,27,1,1562,27,184442352,0,0,0,18065,59985043624,208514685401
2022-07-31,ZL00554T,0,53573320,3,0,384632087,18548,3,0,0,27,1,1562,27,53573320,0,0,0,18081,60016652992,208596347633
2022-08-01,ZL00554T,0,149555712,3,0,389431220,18580,3,0,0,27,1,1564,27,149555712,0,0,0,18112,60075722480,208877401657
2022-08-02,ZL00554T,0,118045256,3,0,391419131,18596,3,0,0,27,1,1564,27,118045256,0,0,0,18128,60108658112,209057096633
2022-08-03,ZL00554T,0,20616928,3,0,395059071,18627,3,0,0,26,1,1567,26,20616928,0,0,0,18159,60168218480,209388389305
2022-08-04,ZL00554T,0,225249704,3,0,402117892,18659,3,0,0,28,1,1568,28,225249704,0,0,0,18191,60225940536,209779440801
2022-08-05,ZL00554T,0,139569272,3,0,403701317,18675,3,0,0,27,1,1569,27,139569272,0,0,0,18206,60253029664,209910811889
2022-08-06,ZL00554T,0,52835128,3,0,408053503,18707,3,0,0,27,1,1570,27,52835128,0,0,0,18238,60311435424,210253953489
2022-08-07,ZL00554T,0,189266664,3,0,411578700,18722,3,0,0,27,1,1571,27,189266664,0,0,0,18254,60343674960,210358145489
2022-08-08,ZL00554T,0,179275336,3,0,415444882,18754,3,0,0,27,1,1572,27,179275336,0,0,0,18285,60438592776,210741518225
2022-08-09,ZL00554T,0,165340536,3,0,417266352,18770,3,0,0,27,1,1573,27,165340536,0,0,0,18301,60470619848,210939697241
2022-08-10,ZL00554T,0,125544640,5,0,421188700,18803,5,0,0,27,3,1580,27,125544640,0,0,0,18333,60536842072,211321960613
2022-08-11,ZL00554T,0,57469912,5,0,424440702,18818,5,0,0,27,3,1580,27,57469912,0,0,0,18349,60566700648,211468167941
2022-08-12,ZL00554T,0,122895712,5,0,429359693,18850,5,0,0,27,3,1582,27,122895712,0,0,0,18380,60634380888,211710054141
2022-08-13,ZL00554T,0,38997680,5,0,430896024,18866,5,0,0,27,3,1582,27,38997680,0,0,0,18396,60669272536,211835405133
2022-08-14,ZL00554T,0,75556272,5,0,437494227,18898,5,0,0,27,3,1584,27,75556272,0,0,0,18427,60732208784,212053168237
2022-08-15,ZL00554T,0,13796768,5,0,439070715,18914,5,0,0,26,3,1584,26,13796768,0,0,0,18443,60765021584,212202736909
2022-08-16,ZL00554T,0,154921496,5,0,442599999,18946,5,0,0,27,3,1586,27,154921496,0,0,0,18475,60833016960,212520006997
2022-08-17,ZL00554T,0,121640952,5,0,444307231,18962,5,0,0,26,3,1588,26,121640952,0,0,0,18491,60862245560,212701638485
2022-08-18,ZL00554T,0,123375696,5,0,446431600,18977,5,0,0,28,3,1588,28,123375696,0,0,0,18506,60897534352,212912225333
2022-08-19,ZL00554T,0,107113272,5,0,453273617,19009,5,0,0,27,3,1590,27,107113272,0,0,0,18538,60952765024,213329013909
2022-08-20,ZL00554T,0,83559120,5,0,455200577,19025,5,0,0,27,3,1590,27,83559120,0,0,0,18554,60986874272,213515491189
2022-08-21,ZL00554T,0,153453704,5,0,460620543,19057,5,0,0,27,3,1592,27,153453704,0,0,0,18585,61049414464,213766986349
2022-08-22,ZL00554T,0,120931752,5,0,463236132,19073,5,0,0,27,3,1592,27,120931752,0,0,0,18601,61091461136,213936558357
2022-08-23,ZL00554T,0,53067880,5,0,466467607,19104,5,0,0,27,3,1594,27,53067880,0,0,0,18632,61144598584,214303838469
2022-08-24,ZL00554T,0,35010056,5,0,470513816,19136,5,0,0,28,3,1596,28,35010056,0,0,0,18664,61210477912,214708183029
2022-08-25,ZL00554T,0,59173440,5,0,473870739,19152,5,0,0,27,3,1596,27,59173440,0,0,0,18680,61251349288,214935615917
2022-08-26,ZL00554T,0,56155792,5,0,479468388,19183,5,0,0,27,3,1598,27,56155792,0,0,0,18711,61320143320,215352085765
2022-08-27,ZL00554T,0,24312232,5,0,481271159,19199,5,0,0,27,3,1598,27,24312232,0,0,0,18727,61349363616,215535162741
2022-08-28,ZL00554T,0,114347928,5,0,488084504,19231,5,0,0,27,3,1600,27,114347928,0,0,0,18759,61462402064,215756300621
2022-08-29,ZL00554T,0,91212928,5,0,489964604,19247,5,0,0,26,3,1604,26,91212928,0,0,0,18774,61500830712,215938877911
2022-08-30,ZL00554T,0,98716360,6,0,494313137,19281,6,0,0,28,3,1619,28,98716360,0,0,0,18805,61556628544,216378864843
2022-08-31,ZL00554T,0,96874400,6,0,496535199,19297,6,0,0,27,3,1621,27,96874400,0,0,0,18821,61598717504,216579074571
2022-09-01,ZL00554T,0,115672528,6,0,499174802,19312,6,0,0,28,3,1621,28,115672528,0,0,0,18837,61633754744,216806976099
2022-09-02,ZL00554T,0,149761536,6,0,509051242,19344,6,0,0,28,3,1623,28,149761536,0,0,0,18868,61704853128,217258248123
2022-09-03,ZL00554T,0,143747160,6,0,513668370,19360,6,0,0,27,3,1623,27,143747160,0,0,0,18884,61747354688,217453873027
2022-09-04,ZL00554T,0,193611504,6,0,519920200,19392,6,0,0,28,3,1624,28,193611504,0,0,0,18916,61830459952,217664772739
2022-09-05,ZL00554T,0,222142320,6,0,526210429,19424,6,0,0,27,3,1626,27,222142320,0,0,0,18947,61905779376,217862124763
2022-09-06,ZL00554T,0,132944592,6,0,528817427,19439,6,0,0,28,3,1626,28,132944592,0,0,0,18963,61942907008,217979940139
2022-09-07,ZL00554T,0,4063320,6,0,534284361,19471,6,0,0,28,3,1628,28,4063320,0,0,0,18995,62011571424,218270675931
2022-09-08,ZL00554T,0,177985968,6,0,536886921,19487,6,0,0,27,3,1628,27,177985968,0,0,0,19010,62049122152,218407047851
2022-09-09,ZL00554T,0,228852856,6,0,542607087,19519,6,0,0,28,3,1630,28,228852856,0,0,0,19042,62131587648,218863730523
2022-09-10,ZL00554T,0,197271976,6,0,545144830,19535,6,0,0,27,3,1630,27,197271976,0,0,0,19058,62172033480,219035844443
2022-09-11,ZL00554T,0,3236120,6,0,552370585,19566,6,0,0,27,3,1632,27,3236120,0,0,0,19089,62248535752,219253588355
2022-09-12,ZL00554T,0,237066776,6,0,554682114,19582,6,0,0,27,3,1632,27,237066776,0,0,0,19105,62290028568,219445926195
2022-09-13,ZL00554T,0,103999536,6,0,558621059,19614,6,0,0,28,3,1634,28,103999536,0,0,0,19137,62361945352,219729223515
2022-09-14,ZL00554T,0,214861696,6,0,562740809,19645,6,0,0,27,3,1635,27,214861696,0,0,0,19168,62449544464,219996627195
2022-09-15,ZL00554T,0,210417888,6,0,565174409,19661,6,0,0,27,3,1636,27,210417888,0,0,0,19184,62485911848,220199956835
2022-09-16,ZL00554T,0,177801272,6,0,569289515,19693,6,0,0,27,3,1637,27,177801272,0,0,0,19215,62558507240,220583026395
2022-09-17,ZL00554T,0,98358856,6,0,570994414,19709,6,0,0,27,3,1638,27,98358856,0,0,0,19231,62592828048,220713404531
2022-09-18,ZL00554T,0,120505728,6,0,577533338,19741,6,0,0,27,3,1639,27,120505728,0,0,0,19263,62668015376,220904504707
2022-09-19,ZL00554T,0,93153760,6,0,579572785,19756,6,0,0,27,3,1640,27,93153760,0,0,0,19278,62712590976,221076717771
2022-09-20,ZL00554T,0,218694480,6,0,583450085,19788,6,0,0,28,3,1641,28,218694480,0,0,0,19310,62787541968,221371448275
2022-09-21,ZL00554T,0,166051744,6,0,585288673,19804,6,0,0,27,3,1643,27,166051744,0,0,0,19325,62824221392,221526266747
2022-09-22,ZL00554T,0,161009928,6,0,592705193,19835,6,0,0,27,3,1644,27,161009928,0,0,0,19357,62894207672,221939520051
2022-09-23,ZL00554T,0,141658648,6,0,595310787,19851,6,0,0,27,3,1645,27,141658648,0,0,0,19372,62925171920,222133345155
2022-09-24,ZL00554T,0,38602160,6,0,600138975,19883,6,0,0,27,3,1646,27,38602160,0,0,0,19404,62984782792,222458959171
2022-09-25,ZL00554T,0,149385152,6,0,603724245,19899,6,0,0,27,3,1647,27,149385152,0,0,0,19420,63014640744,222539884211
2022-09-26,ZL00554T,0,76298240,6,0,608571612,19930,6,0,0,27,3,1648,27,76298240,0,0,0,19451,63083985160,222885734171
2022-09-27,ZL00554T,0,56807912,6,0,610920571,19946,6,0,0,27,3,1649,27,56807912,0,0,0,19467,63130478808,223063890923
2022-09-28,ZL00554T,0,150267568,6,0,615064278,19978,6,0,0,27,3,1650,27,150267568,0,0,0,19498,63199234504,223332735739
2022-09-29,ZL00554T,0,176285136,6,0,618888938,19994,6,0,0,27,3,1651,27,176285136,0,0,0,19514,63231319936,223570808699
2022-09-30,ZL00554T,0,58250800,6,0,624644082,20025,6,0,0,28,3,1652,28,58250800,0,0,0,19546,63296184896,223876190851
2022-10-01,ZL00554T,0,220615032,6,0,626682004,20041,6,0,0,27,3,1653,27,220615032,0,0,0,19561,63330059424,224004680555
2022-10-02,ZL00554T,0,204328944,6,0,632430233,20073,6,0,0,28,3,1654,28,204328944,0,0,0,19593,63397162408,224165432131
2022-10-03,ZL00554T,0,140123336,6,0,635176938,20089,6,0,0,27,3,1655,27,140123336,0,0,0,19609,63442008072,224300521507
2022-10-04,ZL00554T,0,82680832,6,0,639978305,20121,6,0,0,27,3,1656,27,82680832,0,0,0,19640,63532735040,224640633491
2022-10-05,ZL00554T,0,54537112,6,0,642397066,20136,6,0,0,27,3,1657,27,54537112,0,0,0,19656,63572875304,224816490243
2022-10-06,ZL00554T,0,65511320,6,0,646657556,20152,6,0,0,27,3,1657,27,65511320,0,0,0,19672,63612740856,225031739531
2022-10-07,ZL00554T,0,69241216,6,0,653180773,20184,6,0,0,27,3,1659,27,69241216,0,0,0,19703,63679030384,225457461355
2022-10-08,ZL00554T,0,243010952,6,0,655108891,20200,6,0,0,27,3,1659,27,243010952,0,0,0,19719,63712209496,225598051979
2022-10-09,ZL00554T,0,65606984,6,0,661215394,20231,6,0,0,27,3,1661,27,65606984,0,0,0,19751,63764473864,225856664955
2022-10-10,ZL00554T,0,223231896,6,0,663834689,20247,6,0,0,27,3,1661,27,223231896,0,0,0,19766,63803366504,225975397227
2022-10-11,ZL00554T,0,114915824,6,0,667970227,20279,6,0,0,27,3,1663,27,114915824,0,0,0,19798,63869663008,226289066099
2022-10-12,ZL00554T,0,31537688,6,0,672291953,20311,6,0,0,27,3,1665,27,31537688,0,0,0,19829,63932099928,226631532435
2022-10-13,ZL00554T,0,34247432,6,0,675285072,20326,6,0,0,27,3,1665,27,34247432,0,0,0,19845,63957680704,226852802243
2022-10-14,ZL00554T,0,205405504,6,0,682195699,20358,6,0,0,27,3,1667,27,205405504,0,0,0,19877,64014585272,227211196379
2022-10-15,ZL00554T,0,198137048,6,0,684508521,20374,6,0,0,27,3,1667,27,198137048,0,0,0,19892,64045130064,227417523795
2022-10-16,ZL00554T,0,221570896,6,0,690854815,20405,6,0,0,27,3,1669,27,221570896,0,0,0,19924,64092872640,227637355763
2022-10-17,ZL00554T,0,178319552,6,0,693298726,20421,6,0,0,27,3,1669,27,178319552,0,0,0,19940,64125487344,227805630619
2022-10-18,ZL00554T,0,155828936,6,0,698592933,20453,6,0,0,27,3,1671,27,155828936,0,0,0,19971,64190420344,228206488355
2022-10-19,ZL00554T,0,122255384,6,0,701354867,20469,6,0,0,27,3,1671,27,122255384,0,0,0,19987,64228676208,228378799603
2022-10-20,ZL00554T,0,73607688,6,0,707083236,20500,6,0,0,27,3,1674,27,73607688,0,0,0,20018,64282274144,228764835411
2022-10-21,ZL00554T,0,62894896,6,0,710913887,20516,6,0,0,27,3,1674,27,62894896,0,0,0,20034,64321488728,228959048723
2022-10-22,ZL00554T,0,187519088,6,0,714035635,20548,6,0,0,27,3,1676,27,187519088,0,0,0,20065,64372176192,229277126091
2022-10-23,ZL00554T,0,65065120,6,0,717475439,20564,6,0,0,27,3,1676,27,65065120,0,0,0,20081,64400518072,229370470875
2022-10-24,ZL00554T,0,127390976,6,0,722101175,20595,6,0,0,27,3,1678,27,127390976,0,0,0,20113,64479695040,229597760819
2022-10-25,ZL00554T,0,69525560,6,0,723882628,20611,6,0,0,27,3,1678,27,69525560,0,0,0,20128,64516397128,229747334835
2022-10-26,ZL00554T,0,214875368,6,0,727426101,20643,6,0,0,27,3,1680,27,214875368,0,0,0,20160,64582703528,230070518939
2022-10-27,ZL00554T,0,187780672,6,0,729636516,20659,6,0,0,27,3,1680,27,187780672,0,0,0,20176,64620378504,230249890003
2022-10-28,ZL00554T,0,162206136,6,0,736689404,20690,6,0,0,27,3,1682,27,162206136,0,0,0,20207,64699840664,230633134843
2022-10-29,ZL00554T,0,93887144,6,0,738404591,20706,6,0,0,27,3,1682,27,93887144,0,0,0,20223,64732573184,230776224147
2022-10-30,ZL00554T,0,136803624,6,0,744900001,20738,6,0,0,27,3,1684,27,136803624,0,0,0,20254,64797572520,230998281931
2022-10-31,ZL00554T,0,109640552,6,0,746772405,20754,6,0,0,27,3,1684,27,109640552,0,0,0,20270,64836297608,231176534563
2022-11-01,ZL00554T,0,242635096,6,0,750170467,20786,6,0,0,27,3,1686,27,242635096,0,0,0,20302,64904971016,231484996387
2022-11-02,ZL00554T,0,206545728,6,0,752034969,20801,6,0,0,27,3,1686,27,206545728,0,0,0,20318,64946107040,231651911635
2022-11-03,ZL00554T,0,68009584,6,0,757198805,20833,6,0,0,27,3,1688,27,68009584,0,0,0,20349,65013628504,231934135291
2022-11-04,ZL00554T,0,14820552,6,0,760968084,20849,6,0,0,27,3,1688,27,14820552,0,0,0,20365,65052087616,232086627859
2022-11-05,ZL00554T,0,54454160,6,0,764467138,20880,6,0,0,27,3,1690,27,54454160,0,0,0,20396,65113650896,232308838819
2022-11-06,ZL00554T,0,208903080,6,0,767922943,20896,6,0,0,26,3,1690,26,208903080,0,0,0,20412,65149748144,232427190491
2022-11-07,ZL00554T,0,19235880,6,0,773058923,20928,6,0,0,26,3,1691,26,19235880,0,0,0,20443,65212865648,232662687171
2022-11-08,ZL00554T,0,201331424,6,0,774955938,20944,6,0,0,27,3,1692,27,201331424,0,0,0,20459,65246919912,232810728451
2022-11-09,ZL00554T,0,101547080,6,0,778709288,20975,6,0,0,27,3,1694,27,101547080,0,0,0,20491,65315618064,233130527275
2022-11-10,ZL00554T,0,205044744,6,0,784750691,21007,6,0,0,27,3,1696,27,205044744,0,0,0,20522,65380970368,233412813315
2022-11-11,ZL00554T,0,104973616,6,0,787124871,21023,6,0,0,26,3,1696,26,104973616,0,0,0,20538,65423260936,233514592427
2022-11-12,ZL00554T,0,135250680,6,0,790425647,21055,6,0,0,27,3,1698,27,135250680,0,0,0,20569,65503750496,233708520747
2022-11-13,ZL00554T,0,51047344,6,0,795728063,21070,6,0,0,27,3,1698,27,51047344,0,0,0,20585,65540639088,233831569483
2022-11-14,ZL00554T,0,214705904,6,0,802647540,21102,6,0,0,27,3,1700,27,214705904,0,0,0,20617,65625473936,234154533851
2022-11-15,ZL00554T,0,181053608,6,0,804696098,21118,6,0,0,27,3,1700,27,181053608,0,0,0,20632,65661778328,234328717795
2022-11-16,ZL00554T,0,68112424,6,0,808267213,21150,6,0,0,26,3,1702,26,68112424,0,0,0,20664,65729591752,234636244755
2022-11-17,ZL00554T,0,92751864,6,0,816427021,21181,6,0,0,28,3,1704,28,92751864,0,0,0,20695,65799963112,234834653643
2022-11-18,ZL00554T,0,4731352,6,0,820610842,21197,6,0,0,28,3,1704,28,4731352,0,0,0,20711,65833008944,234957727931
2022-11-19,ZL00554T,0,144415056,6,0,825654829,21213,6,0,0,28,3,1705,28,144415056,0,0,0,20726,65867763224,235062657355
2022-11-20,ZL00554T,0,170421592,6,0,832868650,21245,6,0,0,27,3,1706,27,170421592,0,0,0,20758,65940300160,235260267763
2022-11-21,ZL00554T,0,148962968,6,0,835110707,21261,6,0,0,26,3,1707,26,148962968,0,0,0,20774,65974168528,235449081459
2022-11-22,ZL00554T,0,68275952,6,0,838956863,21292,6,0,0,26,3,1708,26,68275952,0,0,0,20805,66042599088,235788245315
2022-11-23,ZL00554T,0,9058480,6,0,840804069,21308,6,0,0,26,3,1709,26,9058480,0,0,0,20821,66077328392,235938439219
2022-11-24,ZL00554T,0,204047816,6,0,846231334,21340,6,0,0,27,3,1710,27,204047816,0,0,0,20853,66152252080,236302645659
2022-11-25,ZL00554T,0,162733408,6,0,849409443,21356,6,0,0,26,3,1711,26,162733408,0,0,0,20868,66182346008,236475378099
2022-11-26,ZL00554T,0,9752616,6,0,852678527,21387,6,0,0,27,3,1712,27,9752616,0,0,0,20900,66238123168,236754901555
2022-11-27,ZL00554T,0,126113672,6,0,855931248,21403,6,0,0,27,3,1713,27,126113672,0,0,0,20915,66268083864,236841301915
2022-11-28,ZL00554T,0,149486000,6,0,860787882,21435,6,0,0,27,3,1714,27,149486000,0,0,0,20947,66327916400,237048982571
2022-11-29,ZL00554T,0,98412472,6,0,862586261,21451,6,0,0,26,3,1715,26,98412472,0,0,0,20963,66361175184,237208791035
2022-11-30,ZL00554T,0,233362480,6,0,866205364,21482,6,0,0,27,3,1717,27,233362480,0,0,0,20994,66430083960,237518972971
2022-12-01,ZL00554T,0,219415920,6,0,868417357,21498,6,0,0,27,3,1717,27,219415920,0,0,0,21010,66460172136,237719078875
2022-12-02,ZL00554T,0,195789552,6,0,875935799,21530,6,0,0,27,3,1719,27,195789552,0,0,0,21042,66521538144,238122367779
2022-12-03,ZL00554T,0,155023736,6,0,878022379,21546,6,0,0,27,3,1719,27,155023736,0,0,0,21058,66567101632,238280179299
2022-12-04,ZL00554T,0,177295392,6,0,883998948,21577,6,0,0,27,3,1720,27,177295392,0,0,0,21089,66630618024,238483075195
2022-12-05,ZL00554T,0,123028840,6,0,886785269,21593,6,0,0,27,3,1721,27,123028840,0,0,0,21105,66672363720,238631203795
2022-12-06,ZL00554T,0,29566224,6,0,890695025,21625,6,0,0,27,3,1722,27,29566224,0,0,0,21136,66745920072,238952466531
2022-12-07,ZL00554T,0,186099936,6,0,894895036,21656,6,0,0,28,3,1724,28,186099936,0,0,0,21167,66824408160,239274652811
2022-12-08,ZL00554T,0,192476584,6,0,898299980,21672,6,0,0,27,3,1724,27,192476584,0,0,0,21183,66856983616,239492594755
2022-12-09,ZL00554T,0,160094688,6,0,904802897,21704,6,0,0,27,3,1726,27,160094688,0,0,0,21215,66902369112,239903109179
2022-12-11,ZL00554T,0,161964488,6,0,913712253,21751,6,0,0,28,3,1728,28,161964488,0,0,0,21262,66995641880,240299987499
2022-12-11,ZL00554T,0,161964488,6,0,913712253,21751,6,0,0,28,3,1728,28,161964488,0,0,0,21262,66995641880,240299987499
2022-12-12,ZL00554T,0,117468416,6,0,915783607,21767,6,0,0,27,3,1728,27,117468416,0,0,0,21278,67027653896,240467620203
2022-12-13,ZL00554T,0,24548408,6,0,919757452,21799,6,0,0,27,3,1730,27,24548408,0,0,0,21309,67097439280,240793196235
2022-12-14,ZL00554T,0,3993384,6,0,922093895,21815,6,0,0,27,3,1730,27,3993384,0,0,0,21325,67139749088,240974472275
2022-12-15,ZL00554T,0,239973936,6,0,928488111,21847,6,0,0,28,3,1732,28,239973936,0,0,0,21356,67206449144,241387893403
2022-12-16,ZL00554T,0,231241112,6,0,932380750,21862,6,0,0,27,3,1733,27,231241112,0,0,0,21372,67240004280,241589746075
2022-12-17,ZL00554T,0,146168048,6,0,936533449,21894,6,0,0,27,3,1734,27,146168048,0,0,0,21403,67299963816,241932995027
2022-12-18,ZL00554T,0,14439824,6,0,940081375,21910,6,0,0,27,3,1735,27,14439824,0,0,0,21419,67337127040,242008244243
2022-12-19,ZL00554T,0,140954616,6,0,945042196,21942,6,0,0,27,3,1736,27,140954616,0,0,0,21451,67406195928,242309830907
2022-12-20,ZL00554T,0,90422264,6,0,947124298,21957,6,0,0,27,3,1736,27,90422264,0,0,0,21467,67438861016,242470774331
2022-12-21,ZL00554T,0,11845440,6,0,951583992,21989,6,0,0,27,3,1739,27,11845440,0,0,0,21498,67507845088,242811494699
2022-12-22,ZL00554T,0,27137624,6,0,954433091,22005,6,0,0,28,3,1739,28,27137624,0,0,0,21514,67540681568,243038091091
2022-12-23,ZL00554T,0,214122808,6,0,961535481,22037,6,0,0,27,3,1741,27,214122808,0,0,0,21546,67598422392,243411476083
2022-12-24,ZL00554T,0,193097328,6,0,963700051,22052,6,0,0,27,3,1741,27,193097328,0,0,0,21561,67635217736,243597795907
2022-12-25,ZL00554T,0,212796080,6,0,969670797,22084,6,0,0,27,3,1743,27,212796080,0,0,0,21593,67694538712,243802314363
2022-12-26,ZL00554T,0,180792944,6,0,973090152,22100,6,0,0,28,3,1743,28,180792944,0,0,0,21609,67729606408,243979384163
2022-12-27,ZL00554T,0,123595680,6,0,979136064,22132,6,0,0,27,3,1745,27,123595680,0,0,0,21640,67780394680,244359680043
2022-12-28,ZL00554T,0,89471248,6,0,981148453,22148,6,0,0,27,3,1745,27,89471248,0,0,0,21656,67811023048,244539068011
2022-12-29,ZL00554T,0,67342416,6,0,986526080,22179,6,0,0,27,3,1747,27,67342416,0,0,0,21687,67871649672,244944594011
2022-12-30,ZL00554T,0,76328728,6,0,990442454,22195,6,0,0,27,3,1747,27,76328728,0,0,0,21703,67902244656,245167126067
2022-12-31,ZL00554T,0,34201912,6,0,994160118,22227,6,0,0,27,3,1749,27,34201912,0,0,0,21735,67959457640,245556067787
