2022-01-01,S300YT1L,0,212239272,8,0,382652775,55727,8,0,0,0,0,0,32,1,20219,32,0,0,0,55613,70560530120,542439573625
2022-01-02,S300YT1L,0,241528240,8,0,384295501,55750,8,0,0,0,0,0,31,1,20219,31,0,0,0,55637,70576632824,542502598808
2022-01-03,S300YT1L,0,217291632,8,0,385906536,55774,8,0,0,0,0,0,31,1,20219,31,0,0,0,55661,70591249528,542767640919
2022-01-04,S300YT1L,0,137253256,8,0,388295290,55809,8,0,0,0,0,0,31,1,20219,31,0,0,0,55696,70615552384,543136729578
2022-01-05,S300YT1L,0,196366376,8,0,390533283,55833,8,0,0,0,0,0,31,1,20219,31,0,0,0,55719,70635111432,543336571303
2022-01-06,S300YT1L,0,217241408,8,0,393320627,55856,8,0,0,0,0,0,31,1,20219,31,0,0,0,55743,70651249064,543675107519
2022-01-07,S300YT1L,0,25780008,8,0,394936449,55880,8,0,0,0,0,0,31,1,20219,31,0,0,0,55766,70662507456,543945017869
2022-01-08,S300YT1L,0,59770376,8,0,396312476,55903,8,0,0,0,0,0,31,1,20219,31,0,0,0,55790,70680281656,548286139625
2022-01-09,S300YT1L,0,199002640,8,0,397689148,55927,8,0,0,0,0,0,32,1,20219,32,0,0,0,55813,70691649608,548394293705
2022-01-10,S300YT1L,0,62038320,8,0,399020744,55950,8,0,0,0,0,0,31,1,20219,31,0,0,0,55837,70703978920,548627655102
2022-01-11,S300YT1L,0,1341840,8,0,400163037,55974,8,0,0,0,0,0,31,1,20219,31,0,0,0,55860,70711529272,548826041949
2022-01-12,S300YT1L,0,150024712,8,0,402358437,55997,8,0,0,0,0,0,31,1,20219,31,0,0,0,55884,70719508704,549128986195
2022-01-13,S300YT1L,0,223981112,8,0,403782250,56021,8,0,0,0,0,0,31,1,20219,31,0,0,0,55907,70727910608,549340299909
2022-01-14,S300YT1L,0,137693720,8,0,405212189,56044,8,0,0,0,0,0,31,1,20219,31,0,0,0,55931,70741153616,549563070586
2022-01-15,S300YT1L,0,141904208,8,0,406544254,56068,8,0,0,0,0,0,31,1,20219,31,0,0,0,55954,70754273680,553910829610
2022-01-16,S300YT1L,0,109986032,8,0,408376538,56091,8,0,0,0,0,0,31,1,20219,31,0,0,0,55978,70767623920,554049473769
2022-01-17,S300YT1L,0,2797768,8,0,409971201,56115,8,0,0,0,0,0,31,1,20219,31,0,0,0,56001,70780076288,558568619071
2022-01-18,S300YT1L,0,196104832,8,0,412407971,56150,8,0,0,0,0,0,31,1,20219,31,0,0,0,56037,70802904928,558906718724
2022-01-19,S300YT1L,0,131267640,8,0,415292046,56173,8,0,0,0,0,0,31,1,20219,31,0,0,0,56060,70821937432,559171680753
2022-01-20,S300YT1L,0,92286672,8,0,416728406,56185,8,0,0,0,0,0,30,1,20219,30,0,0,0,56072,70828247688,559304216797
2022-01-21,S300YT1L,0,42866984,8,0,418444700,56209,8,0,0,0,0,0,30,1,20219,30,0,0,0,56095,70842210912,559522390292
2022-01-22,S300YT1L,0,165047368,8,0,419841648,56232,8,0,0,0,0,0,30,1,20219,30,0,0,0,56119,70857709296,563895106922
2022-01-23,S300YT1L,0,102621624,8,0,423086278,56256,8,0,0,0,0,0,31,1,20219,31,0,0,0,56142,70876843272,563975895769
2022-01-24,S300YT1L,0,14687768,8,0,425121055,56279,8,0,0,0,0,0,30,1,20219,30,0,0,0,56166,70900223792,564206153978
2022-01-25,S300YT1L,0,114848984,8,0,426546110,56303,8,0,0,0,0,0,30,1,20219,30,0,0,0,56189,70921353664,564470323964
2022-01-26,S300YT1L,0,69990424,8,0,429051255,56338,8,0,0,0,0,0,30,1,20219,30,0,0,0,56224,70942856984,564950917243
2022-01-27,S300YT1L,0,236934072,8,0,431624820,56361,8,0,0,0,0,0,29,1,20219,29,0,0,0,56248,70957188776,569613367808
2022-01-28,S300YT1L,0,133421768,8,0,433344403,56385,8,0,0,0,0,0,30,1,20219,30,0,0,0,56271,70972346104,569828056539
2022-01-29,S300YT1L,0,128891816,8,0,434877510,56408,8,0,0,0,0,0,30,1,20219,30,0,0,0,56295,70984285992,569902375483
2022-01-30,S300YT1L,0,217070696,8,0,436516818,56432,8,0,0,0,0,0,30,1,20219,30,0,0,0,56318,70999308208,570115129097
2022-01-31,S300YT1L,0,151461136,8,0,438152864,56455,8,0,0,0,0,0,30,1,20219,30,0,0,0,56342,71016361984,570316498687
2022-02-01,S300YT1L,0,239194696,8,0,439359595,56479,8,0,0,0,0,0,30,1,20219,30,0,0,0,56365,71025970064,570452723489
2022-02-02,S300YT1L,0,183329744,8,0,441458940,56502,8,0,0,0,0,0,29,1,20219,29,0,0,0,56389,71037190648,570620466767
2022-02-03,S300YT1L,0,141248712,8,0,442907053,56526,8,0,0,0,0,0,29,1,20219,29,0,0,0,56412,71049482536,570778391656
2022-02-04,S300YT1L,0,112189472,8,0,444721094,56549,8,0,0,0,0,0,30,1,20219,30,0,0,0,56436,71060300024,570980561922
2022-02-05,S300YT1L,0,240047416,8,0,446158543,56573,8,0,0,0,0,0,30,1,20219,30,0,0,0,56459,71079671464,571036948077
2022-02-06,S300YT1L,0,77414336,8,0,447906072,56596,8,0,0,0,0,0,31,1,20219,31,0,0,0,56483,71096669064,571128452564
2022-02-07,S300YT1L,0,128321136,8,0,448931609,56620,8,0,0,0,0,0,30,1,20219,30,0,0,0,56506,71111852880,571236070497
2022-02-08,S300YT1L,0,204856664,8,0,451058196,56643,8,0,0,0,0,0,30,1,20219,30,0,0,0,56530,71123126832,571418412498
2022-02-09,S300YT1L,0,225192568,8,0,452847086,56667,8,0,0,0,0,0,31,1,20219,31,0,0,0,56553,71135842288,571607647024
2022-02-10,S300YT1L,0,96239008,8,0,454756863,56690,8,0,0,0,0,0,30,1,20219,30,0,0,0,56577,71152433560,571831405917
2022-02-11,S300YT1L,0,99563200,8,0,455773245,56714,8,0,0,0,0,0,31,1,20219,31,0,0,0,56600,71165073896,571949649652
2022-02-12,S300YT1L,0,212291552,8,0,456935737,56737,8,0,0,0,0,0,31,1,20219,31,0,0,0,56624,71179266536,572011775847
2022-02-13,S300YT1L,0,228448832,8,0,458649055,56761,8,0,0,0,0,0,31,1,20219,31,0,0,0,56647,71192599024,572081706004
2022-02-14,S300YT1L,0,112047080,8,0,460291750,56784,8,0,0,0,0,0,31,1,20219,31,0,0,0,56671,71206632696,572293336618
2022-02-15,S300YT1L,0,192615232,8,0,461904861,56808,8,0,0,0,0,0,31,1,20219,31,0,0,0,56694,71223152712,572514474002
2022-02-16,S300YT1L,0,173117224,8,0,463710195,56831,8,0,0,0,0,0,30,1,20219,30,0,0,0,56718,71237222944,572703309734
2022-02-17,S300YT1L,0,57891376,8,0,466599662,56855,8,0,0,0,0,0,31,1,20219,31,0,0,0,56741,71251955984,577207790138
2022-02-18,S300YT1L,0,44104624,8,0,468293522,56878,8,0,0,0,0,0,30,1,20219,30,0,0,0,56765,71259545368,577488635978
2022-02-19,S300YT1L,0,165207136,8,0,470618501,56913,8,0,0,0,0,0,29,1,20219,29,0,0,0,56800,71273042144,577622869653
2022-02-20,S300YT1L,0,209412128,8,0,472536387,56937,8,0,0,0,0,0,29,1,20219,29,0,0,0,56824,71284825328,577860716936
2022-02-21,S300YT1L,0,235542368,8,0,473643589,56960,8,0,0,0,0,0,30,1,20219,30,0,0,0,56847,71291738624,578105106309
2022-02-22,S300YT1L,0,151689232,8,0,475062079,56984,8,0,0,0,0,0,30,1,20219,30,0,0,0,56871,71297842064,578366074787
2022-02-23,S300YT1L,0,213779192,8,0,477912743,57007,8,0,0,0,0,0,30,1,20219,30,0,0,0,56894,71300205392,578655682306
2022-02-24,S300YT1L,0,202956224,8,0,482162237,57031,8,0,0,0,0,0,29,1,20219,29,0,0,0,56918,71305952760,583210743016
2022-02-25,S300YT1L,0,79881832,8,0,483935394,57054,8,0,0,0,0,0,30,1,20219,30,0,0,0,56941,71312935456,583498235990
2022-02-26,S300YT1L,0,13589768,8,0,484921614,57078,8,0,0,0,0,0,30,1,20219,30,0,0,0,56965,71318177600,583543942003
2022-02-27,S300YT1L,0,121481384,8,0,486462418,57101,8,0,0,0,0,0,29,1,20219,29,0,0,0,56988,71323217384,583627882475
2022-02-28,S300YT1L,0,178656680,8,0,488089126,57125,8,0,0,0,0,0,29,1,20219,29,0,0,0,57012,71331671456,583927932931
2022-03-01,S300YT1L,0,208483008,8,0,489636330,57148,8,0,0,0,0,0,29,1,20219,29,0,0,0,57035,71336950568,584228822200
2022-03-02,S300YT1L,0,79204656,8,0,491735660,57172,8,0,0,0,0,0,28,1,20219,28,0,0,0,57059,71343790112,584490220737
2022-03-03,S300YT1L,0,7749472,8,0,494008914,57195,8,0,0,0,0,0,29,1,20219,29,0,0,0,57082,71349832640,584713966137
2022-03-04,S300YT1L,0,233408352,8,0,495645891,57219,8,0,0,0,0,0,31,1,20219,31,0,0,0,57106,71361487200,585027102425
2022-03-05,S300YT1L,0,140902568,8,0,496645650,57243,8,0,0,0,0,0,32,1,20219,32,0,0,0,57129,71367359752,585078261471
2022-03-06,S300YT1L,0,181802176,8,0,498044076,57266,8,0,0,0,0,0,31,1,20219,31,0,0,0,57153,71373164080,589420663990
2022-03-07,S300YT1L,0,228867200,8,0,499751134,57290,8,0,0,0,0,0,32,1,20219,32,0,0,0,57177,71381094112,589691927703
2022-03-08,S300YT1L,0,50501696,8,0,501264973,57314,8,0,0,0,0,0,31,1,20219,31,0,0,0,57201,71387148216,589914457837
2022-03-09,S300YT1L,0,124468936,8,0,505335161,57350,8,0,0,0,0,0,30,1,20219,30,0,0,0,57236,71397960896,590304795157
2022-03-10,S300YT1L,0,155886984,8,0,507354120,57373,8,0,0,0,0,0,30,1,20219,30,0,0,0,57260,71405937152,594834630356
2022-03-11,S300YT1L,0,189558424,8,0,508801256,57397,8,0,0,0,0,0,29,1,20219,29,0,0,0,57284,71419798696,595014612918
2022-03-12,S300YT1L,0,140508280,8,0,510312338,57421,8,0,0,0,0,0,29,1,20219,29,0,0,0,57308,71429454304,595066487093
2022-03-13,S300YT1L,0,44894872,8,0,511958751,57445,8,0,0,0,0,0,30,1,20219,30,0,0,0,57331,71439747248,595248431679
2022-03-14,S300YT1L,0,116592512,8,0,513126547,57468,8,0,0,0,0,0,30,1,20219,30,0,0,0,57355,71452024288,595461458209
2022-03-15,S300YT1L,0,160630728,8,0,514337026,57492,8,0,0,0,0,0,30,1,20219,30,0,0,0,57379,71465770360,595796638994
2022-03-16,S300YT1L,0,174412048,8,0,517238373,57516,8,0,0,0,0,0,30,1,20219,30,0,0,0,57403,71478362240,596183655610
2022-03-17,S300YT1L,0,210369768,8,0,520511501,57539,8,0,0,0,0,0,30,1,20219,30,0,0,0,57426,71490468976,596486654380
2022-03-18,S300YT1L,0,1927704,8,0,522248086,57563,8,0,0,0,0,0,30,1,20219,30,0,0,0,57450,71501708784,596691533078
2022-03-19,S300YT1L,0,207395392,8,0,523688331,57587,8,0,0,0,0,0,30,1,20219,30,0,0,0,57473,71513398712,596744990957
2022-03-20,S300YT1L,0,13459256,8,0,525653727,57610,8,0,0,0,0,0,30,1,20219,30,0,0,0,57497,71525179144,596897609081
2022-03-21,S300YT1L,0,162445152,8,0,527303928,57633,8,0,0,0,0,0,31,1,20219,31,0,0,0,57520,71536757376,597094058338
2022-03-22,S300YT1L,0,156067736,8,0,528671962,57657,8,0,0,0,0,0,30,1,20219,30,0,0,0,57544,71549466968,597240373252
2022-03-23,S300YT1L,0,76370784,8,0,530663001,57680,8,0,0,0,0,0,30,1,20219,30,0,0,0,57567,71564476592,601710536104
2022-03-24,S300YT1L,0,113477008,8,0,532087451,57704,8,0,0,0,0,0,31,1,20219,31,0,0,0,57590,71575946840,601882107561
2022-03-25,S300YT1L,0,52041448,8,0,533892644,57727,8,0,0,0,0,0,31,1,20219,31,0,0,0,57614,71587905088,606376411480
2022-03-26,S300YT1L,0,42825464,9,0,534995505,57751,9,0,0,0,0,0,31,1,20220,31,0,0,0,57638,71600771912,606440464390
2022-03-27,S300YT1L,0,109870856,10,0,538019255,57775,10,0,0,0,0,0,31,1,20221,31,0,0,0,57661,71615963832,606576548071
2022-03-28,S300YT1L,0,29266136,10,0,540227525,57798,10,0,0,0,0,0,31,1,20221,31,0,0,0,57685,71627260832,606756806831
2022-03-29,S300YT1L,0,21951224,10,0,541696293,57822,10,0,0,0,0,0,31,1,20221,31,0,0,0,57709,71640758072,606941583639
2022-03-30,S300YT1L,0,153624496,10,0,543542239,57846,10,0,0,0,0,0,31,1,20221,31,0,0,0,57732,71651306864,607119904347
2022-03-31,S300YT1L,0,181594976,10,0,544620478,57869,10,0,0,0,0,0,31,1,20221,31,0,0,0,57756,71669283448,607255215883
2022-04-01,S300YT1L,0,162384936,10,0,546118013,57893,10,0,0,0,0,0,31,1,20221,31,0,0,0,57779,71676977008,611743008228
2022-04-02,S300YT1L,0,60932760,10,0,547596860,57916,10,0,0,0,0,0,31,1,20221,31,0,0,0,57803,71685324616,611794157609
2022-04-03,S300YT1L,0,106608608,10,0,549435396,57940,10,0,0,0,0,0,31,1,20221,31,0,0,0,57826,71695802760,611975790437
2022-04-04,S300YT1L,0,20545704,10,0,550909922,57963,10,0,0,0,0,0,31,1,20221,31,0,0,0,57850,71703001016,612179928847
2022-04-05,S300YT1L,0,196898024,10,0,552226546,57987,10,0,0,0,0,0,31,1,20221,31,0,0,0,57873,71715085928,612337885089
2022-04-06,S300YT1L,0,18832256,10,0,554633527,58010,10,0,0,0,0,0,31,1,20221,31,0,0,0,57897,71724124600,612608641574
2022-04-07,S300YT1L,0,109642120,10,0,556471723,58033,10,0,0,0,0,0,31,1,20221,31,0,0,0,57920,71736893744,612888300644
2022-04-08,S300YT1L,0,105208664,10,0,557615439,58057,10,0,0,0,0,0,31,1,20221,31,0,0,0,57944,71744313000,613118738314
2022-04-09,S300YT1L,0,200417752,10,0,560248802,58092,10,0,0,0,0,0,31,1,20221,31,0,0,0,57979,71757287296,613279860322
2022-04-10,S300YT1L,0,26121312,10,0,561875989,58116,10,0,0,0,0,0,31,1,20221,31,0,0,0,58003,71766099776,613552238714
2022-04-11,S300YT1L,0,69821720,10,0,563206241,58139,10,0,0,0,0,0,31,1,20221,31,0,0,0,58026,71774561784,613778613753
2022-04-12,S300YT1L,0,59244888,10,0,564815677,58163,10,0,0,0,0,0,31,1,20221,31,0,0,0,58050,71781553512,614049269877
2022-04-13,S300YT1L,0,163783496,10,0,566942208,58186,10,0,0,0,0,0,31,1,20221,31,0,0,0,58073,71790593064,614283082232
2022-04-14,S300YT1L,0,119203888,10,0,568423164,58210,10,0,0,0,0,0,31,1,20221,31,0,0,0,58096,71805651048,614526820836
2022-04-15,S300YT1L,0,46454328,10,0,569825177,58233,10,0,0,0,0,0,31,1,20221,31,0,0,0,58120,71815647376,614770534684
2022-04-16,S300YT1L,0,17111800,10,0,570727971,58257,10,0,0,0,0,0,31,1,20221,31,0,0,0,58143,71823890760,614808893456
2022-04-17,S300YT1L,0,92736736,10,0,572482809,58280,10,0,0,0,0,0,31,1,20221,31,0,0,0,58167,71831668352,614931313281
2022-04-18,S300YT1L,0,237965216,10,0,573809715,58304,10,0,0,0,0,0,31,1,20221,31,0,0,0,58190,71843666344,615160504796
2022-04-19,S300YT1L,0,118481280,10,0,574255710,58315,10,0,0,0,0,0,31,1,20221,31,0,0,0,58202,71848059616,615233717219
2022-04-20,S300YT1L,0,14740048,10,0,579313905,58350,10,0,0,0,0,0,31,1,20221,31,0,0,0,58237,71862157200,615680776724
2022-04-21,S300YT1L,0,222903096,10,0,580933727,58374,10,0,0,0,0,0,32,1,20221,32,0,0,0,58261,71875272128,615928542386
2022-04-22,S300YT1L,0,240135184,10,0,582470478,58397,10,0,0,0,0,0,32,1,20221,32,0,0,0,58284,71886193608,616147723774
2022-04-23,S300YT1L,0,30349424,10,0,583810775,58421,10,0,0,0,0,0,32,1,20221,32,0,0,0,58308,71898487944,616187670612
2022-04-24,S300YT1L,0,167220592,10,0,585448659,58444,10,0,0,0,0,0,32,1,20221,32,0,0,0,58331,71906666720,616326611836
2022-04-25,S300YT1L,0,61339744,10,0,587136862,58468,10,0,0,0,0,0,33,1,20221,33,0,0,0,58355,71924096840,616552388054
2022-04-26,S300YT1L,0,26400640,10,0,588751779,58491,10,0,0,0,0,0,33,1,20221,33,0,0,0,58378,71937566584,616783556300
2022-04-27,S300YT1L,0,46526136,10,0,590845253,58515,10,0,0,0,0,0,33,1,20221,33,0,0,0,58402,71951079976,617026568931
2022-04-28,S300YT1L,0,97536608,10,0,591954010,58539,10,0,0,0,0,0,33,1,20221,33,0,0,0,58425,71963970280,617245226575
2022-04-29,S300YT1L,0,51971216,10,0,592973010,58562,10,0,0,0,0,0,33,1,20221,33,0,0,0,58449,71975098608,617509019422
2022-04-30,S300YT1L,0,188129008,10,0,594538361,58586,10,0,0,0,0,0,32,1,20221,32,0,0,0,58472,71986115648,617581585912
2022-05-01,S300YT1L,0,29282440,10,0,596026542,58609,10,0,0,0,0,0,32,1,20221,32,0,0,0,58496,71995435920,617835033130
2022-05-02,S300YT1L,0,95849648,10,0,598603331,58633,10,0,0,0,0,0,33,1,20221,33,0,0,0,58520,72007141296,618242245767
2022-05-03,S300YT1L,0,160021712,10,0,600440779,58657,10,0,0,0,0,0,33,1,20221,33,0,0,0,58543,72019942152,618499519400
2022-05-04,S300YT1L,0,200760456,10,0,603445206,58692,10,0,0,0,0,0,32,1,20221,32,0,0,0,58579,72037234728,618811139143
2022-05-05,S300YT1L,0,68535872,10,0,604906490,58716,10,0,0,0,0,0,32,1,20221,32,0,0,0,58603,72043817592,618991992504
2022-05-06,S300YT1L,0,36978304,10,0,606045854,58740,10,0,0,0,0,0,31,1,20221,31,0,0,0,58627,72062785296,619076235366
2022-05-07,S300YT1L,0,115420664,10,0,607896186,58764,10,0,0,0,0,0,32,1,20221,32,0,0,0,58650,72077213296,619149628809
2022-05-08,S300YT1L,0,168972192,10,0,610653686,58787,10,0,0,0,0,0,32,1,20221,32,0,0,0,58674,72084134048,619340494017
2022-05-09,S300YT1L,0,222096552,10,0,612475104,58811,10,0,0,0,0,0,32,1,20221,32,0,0,0,58697,72092168112,619548617843
2022-05-10,S300YT1L,0,148014760,10,0,613407415,58834,10,0,0,0,0,0,32,1,20221,32,0,0,0,58721,72101833880,619651644893
2022-05-11,S300YT1L,0,59198712,10,0,616861237,58858,10,0,0,0,0,0,32,1,20221,32,0,0,0,58744,72110515480,619852042900
2022-05-12,S300YT1L,0,44653728,10,0,618324615,58881,10,0,0,0,0,0,32,1,20221,32,0,0,0,58768,72123386728,620029749339
2022-05-13,S300YT1L,0,30229768,10,0,619576205,58905,10,0,0,0,0,0,32,1,20221,32,0,0,0,58791,72142007672,620180024486
2022-05-14,S300YT1L,0,76291144,10,0,621296784,58928,10,0,0,0,0,0,32,1,20221,32,0,0,0,58815,72157096640,620231517975
2022-05-15,S300YT1L,0,79060368,10,0,622396109,58952,10,0,0,0,0,0,33,1,20221,33,0,0,0,58839,72164368760,620347125835
2022-05-16,S300YT1L,0,193563232,10,0,623866950,58975,10,0,0,0,0,0,33,1,20221,33,0,0,0,58862,72170967104,624838992042
2022-05-17,S300YT1L,0,223651664,10,0,625381080,58999,10,0,0,0,0,0,32,1,20221,32,0,0,0,58886,72181372568,625049192110
2022-05-18,S300YT1L,0,101852032,10,0,627663125,59022,10,0,0,0,0,0,33,1,20221,33,0,0,0,58909,72188173272,625261872731
2022-05-19,S300YT1L,0,117101064,10,0,628769507,59046,10,0,0,0,0,0,32,1,20221,32,0,0,0,58932,72198313424,625435548121
2022-05-20,S300YT1L,0,153862056,10,0,630306220,59069,10,0,0,0,0,0,32,1,20221,32,0,0,0,58956,72207383144,625652528883
2022-05-21,S300YT1L,0,31172280,10,0,632282366,59093,10,0,0,0,0,0,32,1,20221,32,0,0,0,58980,72215273552,625701213902
2022-05-22,S300YT1L,0,171945120,10,0,634099090,59116,10,0,0,0,0,0,32,1,20221,32,0,0,0,59003,72226345136,625982952708
2022-05-23,S300YT1L,0,230374344,10,0,635238806,59140,10,0,0,0,0,0,32,1,20221,32,0,0,0,59027,72233998440,626215009739
2022-05-24,S300YT1L,0,27762256,10,0,637990515,59163,10,0,0,0,0,0,32,1,20221,32,0,0,0,59050,72243470280,626496406902
2022-05-25,S300YT1L,0,172121696,10,0,640196537,59187,10,0,0,0,0,0,32,1,20221,32,0,0,0,59074,72250895520,626776890283
2022-05-26,S300YT1L,0,110312128,10,0,641452840,59210,10,0,0,0,0,0,32,1,20221,32,0,0,0,59097,72262969576,626970544153
2022-05-27,S300YT1L,0,46096216,10,0,643110285,59234,10,0,0,0,0,0,32,1,20221,32,0,0,0,59121,72272313552,627240075148
2022-05-28,S300YT1L,0,211737800,10,0,644613215,59258,10,0,0,0,0,0,32,1,20221,32,0,0,0,59144,72287182584,627299915720
2022-05-29,S300YT1L,0,149913304,10,0,646147816,59281,10,0,0,0,0,0,32,1,20221,32,0,0,0,59168,72296954464,627439030627
2022-05-30,S300YT1L,0,158326056,10,0,647748458,59305,10,0,0,0,0,0,32,1,20221,32,0,0,0,59191,72311611448,627728439396
2022-05-31,S300YT1L,0,206473744,10,0,649689195,59340,10,0,0,0,0,0,32,1,20221,32,0,0,0,59227,72330712592,628067385291
2022-06-01,S300YT1L,0,138151760,10,0,651990765,59363,10,0,0,0,0,0,32,1,20221,32,0,0,0,59250,72341420248,628301917275
2022-06-02,S300YT1L,0,1323472,10,0,653383527,59387,10,0,0,0,0,0,32,1,20221,32,0,0,0,59274,72353648392,628548763363
2022-06-03,S300YT1L,0,23921048,10,0,655096003,59411,10,0,0,0,0,0,32,1,20221,32,0,0,0,59297,72368162120,628763976596
2022-06-04,S300YT1L,0,79235664,10,0,656804698,59434,10,0,0,0,0,0,32,1,20221,32,0,0,0,59321,72380425568,628815765653
2022-06-05,S300YT1L,0,37650280,10,0,658424346,59458,10,0,0,0,0,0,32,1,20221,32,0,0,0,59344,72389721280,629029451658
2022-06-07,S300YT1L,0,160942936,10,0,661669840,59505,10,0,0,0,0,0,32,1,20221,32,0,0,0,59391,72416925760,629481132878
2022-06-08,S300YT1L,0,3930944,10,0,664827310,59528,10,0,0,0,0,0,33,1,20221,33,0,0,0,59415,72426421288,629737160683
2022-06-09,S300YT1L,0,198128000,10,0,665973192,59552,10,0,0,0,0,0,33,1,20221,33,0,0,0,59439,72436627424,629963700929
2022-06-10,S300YT1L,0,156218952,10,0,666995808,59575,10,0,0,0,0,0,32,1,20221,32,0,0,0,59462,72446483568,630180784898
2022-06-11,S300YT1L,0,125535280,10,0,668540292,59599,10,0,0,0,0,0,32,1,20221,32,0,0,0,59486,72454706472,630233602298
2022-06-12,S300YT1L,0,55467808,10,0,669891771,59623,10,0,0,0,0,0,33,1,20221,33,0,0,0,59510,72468054496,630435690497
2022-06-13,S300YT1L,0,11763928,10,0,671134732,59647,10,0,0,0,0,0,33,1,20221,33,0,0,0,59533,72478068664,630756936171
2022-06-14,S300YT1L,0,75383952,10,0,673078907,59670,10,0,0,0,0,0,33,1,20221,33,0,0,0,59557,72493790440,631121248397
2022-06-15,S300YT1L,0,107558608,10,0,676447000,59694,10,0,0,0,0,0,33,1,20221,33,0,0,0,59581,72503800296,631470619052
2022-06-16,S300YT1L,0,144237872,10,0,678954153,59718,10,0,0,0,0,0,32,1,20221,32,0,0,0,59605,72511905832,631698073514
2022-06-17,S300YT1L,0,13160696,10,0,680197624,59741,10,0,0,0,0,0,32,1,20221,32,0,0,0,59628,72521046912,631863066401
2022-06-18,S300YT1L,0,57146112,10,0,681778271,59765,10,0,0,0,0,0,32,1,20221,32,0,0,0,59652,72528730160,631914256319
2022-06-19,S300YT1L,0,207253544,10,0,683487931,59789,10,0,0,0,0,0,32,1,20221,32,0,0,0,59675,72551659128,632059424126
2022-06-20,S300YT1L,0,85573072,10,0,685464728,59812,10,0,0,0,0,0,32,1,20221,32,0,0,0,59699,72562549496,632215025438
2022-06-21,S300YT1L,0,19015608,10,0,686832745,59836,10,0,0,0,0,0,32,1,20221,32,0,0,0,59722,72570764368,632378613674
2022-06-22,S300YT1L,0,134498448,10,0,689321280,59859,10,0,0,0,0,0,32,1,20221,32,0,0,0,59746,72580343824,632597203556
2022-06-23,S300YT1L,0,34436568,10,0,690245827,59883,10,0,0,0,0,0,32,1,20221,32,0,0,0,59770,72596084832,632714335222
2022-06-24,S300YT1L,0,62938208,10,0,691864033,59907,10,0,0,0,0,0,33,1,20221,33,0,0,0,59793,72613979736,632874064142
2022-06-25,S300YT1L,0,146280136,10,0,693527773,59930,10,0,0,0,0,0,32,1,20221,32,0,0,0,59817,72622613552,632941212580
2022-06-26,S300YT1L,0,190005896,10,0,694505055,59954,10,0,0,0,0,0,32,1,20221,32,0,0,0,59841,72632662672,632976101464
2022-06-27,S300YT1L,0,141038840,10,0,695756554,59978,10,0,0,0,0,0,32,1,20221,32,0,0,0,59865,72640608112,633147400478
2022-06-28,S300YT1L,0,9624040,10,0,696802566,60002,10,0,0,0,0,0,33,1,20221,33,0,0,0,59889,72649505832,633299605969
2022-06-29,S300YT1L,0,241506616,10,0,698554299,60026,10,0,0,0,0,0,33,1,20221,33,0,0,0,59912,72659624112,633471480243
2022-06-30,S300YT1L,0,84758152,10,0,700471820,60049,10,0,0,0,0,0,32,1,20221,32,0,0,0,59936,72671279936,633691209695
2022-07-01,S300YT1L,0,46017992,10,0,701915290,60073,10,0,0,0,0,0,32,1,20221,32,0,0,0,59959,72677989048,638198972131
2022-07-02,S300YT1L,0,16638512,10,0,703117033,60097,10,0,0,0,0,0,32,1,20221,32,0,0,0,59983,72686743744,642560920562
2022-07-03,S300YT1L,0,15372680,10,0,704553032,60120,10,0,0,0,0,0,32,1,20221,32,0,0,0,60007,72716902032,642613075089
2022-07-04,S300YT1L,0,179747016,10,0,705781431,60144,10,0,0,0,0,0,33,1,20221,33,0,0,0,60031,72734950992,642762085199
2022-07-05,S300YT1L,0,33099440,10,0,707269926,60168,10,0,0,0,0,0,32,1,20221,32,0,0,0,60054,72744677432,642980103828
2022-07-06,S300YT1L,0,191459432,10,0,709400183,60191,10,0,0,0,0,0,33,1,20221,33,0,0,0,60078,72752762912,643295730970
2022-07-07,S300YT1L,0,179702360,10,0,712814196,60227,10,0,0,0,0,0,32,1,20221,32,0,0,0,60113,72765971904,643702407048
2022-07-08,S300YT1L,0,129240632,10,0,714276003,60250,10,0,0,0,0,0,32,1,20221,32,0,0,0,60137,72774905504,643918334073
2022-07-09,S300YT1L,0,22297304,10,0,716497886,60274,10,0,0,0,0,0,33,1,20221,33,0,0,0,60161,72781196040,643983006292
2022-07-10,S300YT1L,0,59920048,10,0,718092949,60298,10,0,0,0,0,0,33,1,20221,33,0,0,0,60185,72788730152,644250967542
2022-07-11,S300YT1L,0,26501256,10,0,719537948,60322,10,0,0,0,0,0,33,1,20221,33,0,0,0,60208,72797067936,644499488087
2022-07-12,S300YT1L,0,88284192,10,0,720726889,60345,10,0,0,0,0,0,33,1,20221,33,0,0,0,60232,72805021656,644689726529
2022-07-13,S300YT1L,0,243537912,10,0,723110264,60369,10,0,0,0,0,0,33,1,20221,33,0,0,0,60256,72813903936,644971677779
2022-07-14,S300YT1L,0,109297664,10,0,724866885,60393,10,0,0,0,0,0,33,1,20221,33,0,0,0,60279,72825231488,645267866943
2022-07-15,S300YT1L,0,151708440,10,0,726223222,60416,10,0,0,0,0,0,33,1,20221,33,0,0,0,60303,72836965152,645479176704
2022-07-16,S300YT1L,0,152942640,10,0,728123433,60440,10,0,0,0,0,0,33,1,20221,33,0,0,0,60326,72845857296,645540645754
2022-07-17,S300YT1L,0,94195360,10,0,729149571,60463,10,0,0,0,0,0,32,1,20221,32,0,0,0,60350,72852364752,645716726450
2022-07-18,S300YT1L,0,183485600,10,0,732471341,60487,10,0,0,0,0,0,33,1,20221,33,0,0,0,60374,72859352192,646023024038
2022-07-19,S300YT1L,0,75264648,10,0,734087287,60511,10,0,0,0,0,0,32,1,20221,32,0,0,0,60397,72868083496,646265419421
2022-07-20,S300YT1L,0,132679064,10,0,736253949,60534,10,0,0,0,0,0,32,1,20221,32,0,0,0,60421,72878947688,646506534240
2022-07-21,S300YT1L,0,194730464,10,0,737922969,60558,10,0,0,0,0,0,32,1,20221,32,0,0,0,60444,72887565912,646752157989
2022-07-22,S300YT1L,0,115816496,10,0,739377314,60581,10,0,0,0,0,0,32,1,20221,32,0,0,0,60468,72896954312,646972813952
2022-07-23,S300YT1L,0,221756392,10,0,740801808,60605,10,0,0,0,0,0,32,1,20221,32,0,0,0,60491,72909064728,647025629349
2022-07-24,S300YT1L,0,76652200,10,0,742298120,60628,10,0,0,0,0,0,33,1,20221,33,0,0,0,60515,72918219496,647184919240
2022-07-25,S300YT1L,0,158172960,10,0,743609877,60652,10,0,0,0,0,0,33,1,20221,33,0,0,0,60539,72928323096,647422117585
2022-07-26,S300YT1L,0,139646808,10,0,744678292,60675,10,0,0,0,0,0,32,1,20221,32,0,0,0,60562,72936626536,647681741745
2022-07-27,S300YT1L,0,240991960,10,0,746317312,60699,10,0,0,0,0,0,32,1,20221,32,0,0,0,60586,72944158312,647940013750
2022-07-28,S300YT1L,0,216863496,10,0,747599328,60723,10,0,0,0,0,0,32,1,20221,32,0,0,0,60609,72952776872,648273338217
2022-07-29,S300YT1L,0,203281944,10,0,749527957,60746,10,0,0,0,0,0,33,1,20221,33,0,0,0,60633,72961339072,648646396908
2022-07-30,S300YT1L,0,91724056,10,0,751321994,60770,10,0,0,0,0,0,32,1,20221,32,0,0,0,60656,72970688144,648730741419
2022-07-31,S300YT1L,0,97571168,10,0,753629665,60793,10,0,0,0,0,0,32,1,20221,32,0,0,0,60680,72977429936,649004481728
2022-08-01,S300YT1L,0,44216416,10,0,755174525,60817,10,0,0,0,0,0,32,1,20221,32,0,0,0,60704,72987341080,649208231495
2022-08-02,S300YT1L,0,223159328,10,0,756997556,60840,10,0,0,0,0,0,32,1,20221,32,0,0,0,60727,72996012200,649412857449
2022-08-03,S300YT1L,0,225486088,10,0,759699183,60876,10,0,0,0,0,0,32,1,20221,32,0,0,0,60763,73005727760,649647222934
2022-08-04,S300YT1L,0,98796592,10,0,761180442,60900,10,0,0,0,0,0,32,1,20221,32,0,0,0,60786,73015522816,649827404153
2022-08-05,S300YT1L,0,30443064,10,0,762766661,60923,10,0,0,0,0,0,32,1,20221,32,0,0,0,60810,73025538312,649998268512
2022-08-06,S300YT1L,0,5709384,10,0,764046075,60947,10,0,0,0,0,0,32,1,20221,32,0,0,0,60834,73032758672,650057139981
2022-08-07,S300YT1L,0,190338168,10,0,765617583,60971,10,0,0,0,0,0,32,1,20221,32,0,0,0,60857,73041944344,650176049936
2022-08-08,S300YT1L,0,123248104,10,0,766461223,60994,10,0,0,0,0,0,33,1,20221,33,0,0,0,60881,73050977992,650276087648
2022-08-09,S300YT1L,0,202654840,10,0,768647345,61018,10,0,0,0,0,0,33,1,20221,33,0,0,0,60904,73058422176,650474733225
2022-08-10,S300YT1L,0,120441400,10,0,771239753,61041,10,0,0,0,0,0,33,1,20221,33,0,0,0,60928,73068111904,650697525404
2022-08-11,S300YT1L,0,206565208,10,0,772796682,61065,10,0,0,0,0,0,33,1,20221,33,0,0,0,60952,73077537080,650849074375
2022-08-12,S300YT1L,0,242065160,10,0,774148707,61088,10,0,0,0,0,0,32,1,20221,32,0,0,0,60975,73087300120,651007529696
2022-08-13,S300YT1L,0,95691984,10,0,775553069,61112,10,0,0,0,0,0,33,1,20221,33,0,0,0,60999,73092826712,651064877261
2022-08-14,S300YT1L,0,151293336,10,0,777180375,61136,10,0,0,0,0,0,32,1,20221,32,0,0,0,61022,73100723984,651252561386
2022-08-15,S300YT1L,0,97754592,10,0,778597812,61159,10,0,0,0,0,0,32,1,20221,32,0,0,0,61046,73107929304,651447363191
2022-08-16,S300YT1L,0,117524552,10,0,779717179,61183,10,0,0,0,0,0,32,1,20221,32,0,0,0,61070,73114113672,651589745741
2022-08-17,S300YT1L,0,219726400,10,0,782374967,61206,10,0,0,0,0,0,32,1,20221,32,0,0,0,61093,73122554712,651844134891
2022-08-18,S300YT1L,0,397920,10,0,784130640,61230,10,0,0,0,0,0,32,1,20221,32,0,0,0,61117,73131963584,652142708632
2022-08-19,S300YT1L,0,112707664,10,0,785298788,61253,10,0,0,0,0,0,32,1,20221,32,0,0,0,61140,73142018816,652362774519
2022-08-20,S300YT1L,0,124956032,10,0,787025941,61277,10,0,0,0,0,0,32,1,20221,32,0,0,0,61164,73148304200,652429225070
2022-08-21,S300YT1L,0,147643992,10,0,788540629,61301,10,0,0,0,0,0,32,1,20221,32,0,0,0,61187,73154410208,652677941230
2022-08-22,S300YT1L,0,108223264,10,0,790300912,61324,10,0,0,0,0,0,32,1,20221,32,0,0,0,61211,73166907032,652944292432
2022-08-23,S300YT1L,0,57914440,10,0,791538332,61348,10,0,0,0,0,0,32,1,20221,32,0,0,0,61235,73175070736,653162171623
2022-08-24,S300YT1L,0,47176368,10,0,793932213,61372,10,0,0,0,0,0,32,1,20221,32,0,0,0,61258,73183428776,653438120926
2022-08-25,S300YT1L,0,12122552,10,0,795231470,61395,10,0,0,0,0,0,32,1,20221,32,0,0,0,61282,73188711616,653655067293
2022-08-26,S300YT1L,0,171526904,10,0,797250962,61419,10,0,0,0,0,0,32,1,20221,32,0,0,0,61305,73197474944,653961332509
2022-08-27,S300YT1L,0,148134552,10,0,798637661,61442,10,0,0,0,0,0,32,1,20221,32,0,0,0,61329,73211600760,654033538497
2022-08-28,S300YT1L,0,85654048,10,0,800326003,61466,10,0,0,0,0,0,32,1,20221,32,0,0,0,61353,73223788336,654200139287
2022-08-29,S300YT1L,0,70224592,10,0,801309363,61489,10,0,0,0,0,0,32,1,20221,32,0,0,0,61376,73236087112,654367145738
2022-08-30,S300YT1L,0,9527944,10,0,803743382,61525,10,0,0,0,0,0,32,1,20221,32,0,0,0,61412,73261338928,659063544984
2022-08-31,S300YT1L,0,145903616,10,0,805124731,61537,10,0,0,0,0,0,32,1,20221,32,0,0,0,61423,73267341808,659199352298
2022-09-01,S300YT1L,0,213334248,10,0,808758061,61572,10,0,0,0,0,0,32,1,20221,32,0,0,0,61459,73293972944,659612765077
2022-09-02,S300YT1L,0,24298224,10,0,810768683,61596,10,0,0,0,0,0,33,1,20221,33,0,0,0,61482,73307424752,668397980560
2022-09-03,S300YT1L,0,219927768,10,0,812180442,61619,10,0,0,0,0,0,32,1,20221,32,0,0,0,61506,73317660664,668463674722
2022-09-04,S300YT1L,0,237027280,10,0,813710528,61643,10,0,0,0,0,0,33,1,20221,33,0,0,0,61530,73324831368,668616826171
2022-09-05,S300YT1L,0,123589760,10,0,815225368,61667,10,0,0,0,0,0,32,1,20221,32,0,0,0,61553,73338252872,668866402869
2022-09-06,S300YT1L,0,41526240,10,0,816217467,61690,10,0,0,0,0,0,33,1,20221,33,0,0,0,61577,73349843872,669099993601
2022-09-07,S300YT1L,0,48992680,10,0,818755792,61714,10,0,0,0,0,0,33,1,20221,33,0,0,0,61601,73369492528,669400378930
2022-09-08,S300YT1L,0,144706840,10,0,821202670,61737,10,0,0,0,0,0,32,1,20221,32,0,0,0,61624,73382865840,669681885528
2022-09-09,S300YT1L,0,193176384,10,0,822408745,61761,10,0,0,0,0,0,32,1,20221,32,0,0,0,61648,73397954344,669899037613
2022-09-10,S300YT1L,0,66281632,10,0,824297393,61785,10,0,0,0,0,0,32,1,20221,32,0,0,0,61671,73409298960,669965856803
2022-09-11,S300YT1L,0,102716040,10,0,825423645,61808,10,0,0,0,0,0,32,1,20221,32,0,0,0,61695,73422174728,670263896557
2022-09-12,S300YT1L,0,103152600,10,0,827113976,61832,10,0,0,0,0,0,32,1,20221,32,0,0,0,61719,73435694824,670631614152
2022-09-13,S300YT1L,0,168637808,10,0,829383854,61856,10,0,0,0,0,0,32,1,20221,32,0,0,0,61742,73444826352,670970835375
2022-09-14,S300YT1L,0,219093376,10,0,832338618,61879,10,0,0,0,0,0,32,1,20221,32,0,0,0,61766,73447038216,671241889225
2022-09-15,S300YT1L,0,176942120,10,0,834113498,61903,10,0,0,0,0,0,32,1,20221,32,0,0,0,61790,73448654064,671436212006
2022-09-16,S300YT1L,0,190967168,10,0,835353844,61926,10,0,0,0,0,0,32,1,20221,32,0,0,0,61813,73450032664,671594197613
2022-09-17,S300YT1L,0,78025584,10,0,837183883,61950,10,0,0,0,0,0,32,1,20221,32,0,0,0,61837,73451149488,671652160444
2022-09-18,S300YT1L,0,120625440,10,0,838898454,61974,10,0,0,0,0,0,32,1,20221,32,0,0,0,61860,73452447600,671792063253
2022-09-19,S300YT1L,0,106832512,10,0,840393192,61997,10,0,0,0,0,0,32,1,20221,32,0,0,0,61884,73453713112,671989495759
2022-09-20,S300YT1L,0,66476296,10,0,841489739,62021,10,0,0,0,0,0,31,1,20221,31,0,0,0,61908,73454942640,672114253920
2022-09-21,S300YT1L,0,224042712,10,0,843075837,62044,10,0,0,0,0,0,32,1,20221,32,0,0,0,61931,73456144504,672232887623
2022-09-22,S300YT1L,0,207967464,10,0,844742099,62068,10,0,0,0,0,0,32,1,20221,32,0,0,0,61955,73457842368,672409863879
2022-09-23,S300YT1L,0,53399608,10,0,845806968,62092,10,0,0,0,0,0,32,1,20221,32,0,0,0,61978,73459730592,672587040000
2022-09-24,S300YT1L,0,27290224,10,0,847091433,62115,10,0,0,0,0,0,32,1,20221,32,0,0,0,62002,73460744616,672648105857
2022-09-25,S300YT1L,0,148311544,10,0,848466047,62139,10,0,0,0,0,0,32,1,20221,32,0,0,0,62026,73462219288,672741785106
2022-09-26,S300YT1L,0,239302120,10,0,849855372,62163,10,0,0,0,0,0,32,1,20221,32,0,0,0,62049,73463438216,672941663711
2022-09-27,S300YT1L,0,144522408,10,0,851405699,62186,10,0,0,0,0,0,32,1,20221,32,0,0,0,62073,73464925648,673179694079
2022-09-28,S300YT1L,0,51114264,10,0,854929237,62221,10,0,0,0,0,0,32,1,20221,32,0,0,0,62108,73467349624,677814496985
2022-09-29,S300YT1L,0,7540848,10,0,856725250,62245,10,0,0,0,0,0,32,1,20221,32,0,0,0,62132,73468755384,678111936003
2022-09-30,S300YT1L,0,234887280,10,0,857928686,62269,10,0,0,0,0,0,31,1,20221,31,0,0,0,62155,73470129256,678288079120
2022-10-01,S300YT1L,0,216818256,10,0,859724885,62292,10,0,0,0,0,0,31,1,20221,31,0,0,0,62179,73471921936,678366997298
2022-10-02,S300YT1L,0,182873032,10,0,860931447,62316,10,0,0,0,0,0,32,1,20221,32,0,0,0,62203,73473557192,678631881794
2022-10-03,S300YT1L,0,209024424,10,0,862442564,62339,10,0,0,0,0,0,32,1,20221,32,0,0,0,62226,73474935864,678890301373
2022-10-04,S300YT1L,0,34987752,10,0,863628670,62363,10,0,0,0,0,0,32,1,20221,32,0,0,0,62250,73476344160,679108469037
2022-10-05,S300YT1L,0,120653672,10,0,866801173,62387,10,0,0,0,0,0,32,1,20221,32,0,0,0,62273,73477928928,679415428197
2022-10-06,S300YT1L,0,174373696,10,0,868217449,62410,10,0,0,0,0,0,32,1,20221,32,0,0,0,62297,73479378280,679638404469
2022-10-07,S300YT1L,0,5735136,10,0,869735304,62434,10,0,0,0,0,0,32,1,20221,32,0,0,0,62321,73488781504,679884543670
2022-10-08,S300YT1L,0,51028152,10,0,871376712,62458,10,0,0,0,0,0,32,1,20221,32,0,0,0,62344,73489801280,679948207008
2022-10-09,S300YT1L,0,45612376,10,0,873110648,62481,10,0,0,0,0,0,33,1,20221,33,0,0,0,62368,73491685568,680172996554
2022-10-10,S300YT1L,0,153040912,10,0,874138572,62505,10,0,0,0,0,0,32,1,20221,32,0,0,0,62391,73494231080,680365519177
2022-10-11,S300YT1L,0,208495520,10,0,875648572,62528,10,0,0,0,0,0,32,1,20221,32,0,0,0,62415,73495528344,680643197280
2022-10-12,S300YT1L,0,239388976,10,0,878051644,62552,10,0,0,0,0,0,33,1,20221,33,0,0,0,62439,73496961184,680908335636
2022-10-13,S300YT1L,0,41829744,10,0,879604975,62575,10,0,0,0,0,0,32,1,20221,32,0,0,0,62462,73498382320,681144011804
2022-10-14,S300YT1L,0,133698456,10,0,881068318,62599,10,0,0,0,0,0,31,1,20221,31,0,0,0,62486,73499784016,681349030761
2022-10-15,S300YT1L,0,8839008,10,0,882127561,62623,10,0,0,0,0,0,32,1,20221,32,0,0,0,62510,73500766328,681389425496
2022-10-16,S300YT1L,0,143483848,10,0,883778005,62646,10,0,0,0,0,0,32,1,20221,32,0,0,0,62533,73502169368,681568884845
2022-10-17,S300YT1L,0,152647800,10,0,884731808,62670,10,0,0,0,0,0,32,1,20221,32,0,0,0,62557,73503620904,681797526247
2022-10-18,S300YT1L,0,125555848,10,0,885776010,62694,10,0,0,0,0,0,32,1,20221,32,0,0,0,62580,73505972704,682066146094
2022-10-19,S300YT1L,0,10761248,10,0,888049478,62717,10,0,0,0,0,0,32,1,20221,32,0,0,0,62604,73507412104,682350609655
2022-10-20,S300YT1L,0,238356808,10,0,889145276,62741,10,0,0,0,0,0,32,1,20221,32,0,0,0,62627,73509719664,682626620518
2022-10-21,S300YT1L,0,160428272,10,0,890170233,62764,10,0,0,0,0,0,32,1,20221,32,0,0,0,62651,73510861952,682957776378
2022-10-22,S300YT1L,0,185651104,10,0,891554743,62788,10,0,0,0,0,0,32,1,20221,32,0,0,0,62675,73511903752,683017905665
2022-10-23,S300YT1L,0,236116040,10,0,893826728,62812,10,0,0,0,0,0,32,1,20221,32,0,0,0,62698,73513310616,683331459441
2022-10-24,S300YT1L,0,6862800,10,0,895820107,62835,10,0,0,0,0,0,32,1,20221,32,0,0,0,62722,73514469680,683636927366
2022-10-25,S300YT1L,0,86058760,10,0,897125343,62859,10,0,0,0,0,0,31,1,20221,31,0,0,0,62746,73515938152,683819884670
2022-10-26,S300YT1L,0,80328672,10,0,899350882,62882,10,0,0,0,0,0,31,1,20221,31,0,0,0,62769,73517836328,684042767025
2022-10-27,S300YT1L,0,214865536,10,0,901344104,62906,10,0,0,0,0,0,31,1,20221,31,0,0,0,62793,73519298288,684192184542
2022-10-28,S300YT1L,0,146332000,10,0,902609996,62930,10,0,0,0,0,0,31,1,20221,31,0,0,0,62816,73520704736,684356538411
2022-10-29,S300YT1L,0,173392720,10,0,904302057,62953,10,0,0,0,0,0,31,1,20221,31,0,0,0,62840,73521635976,684446506189
2022-10-30,S300YT1L,0,231286320,10,0,906094075,62977,10,0,0,0,0,0,31,1,20221,31,0,0,0,62863,73522635000,684627894071
2022-10-31,S300YT1L,0,80801112,10,0,907498760,63000,10,0,0,0,0,0,31,1,20221,31,0,0,0,62887,73523816720,684739196650
2022-11-01,S300YT1L,0,66842824,10,0,909139907,63024,10,0,0,0,0,0,31,1,20221,31,0,0,0,62911,73524638552,684903100743
2022-11-02,S300YT1L,0,65145968,10,0,910884155,63047,10,0,0,0,0,0,31,1,20221,31,0,0,0,62934,73527431424,685120255791
2022-11-03,S300YT1L,0,55434872,10,0,912796548,63083,10,0,0,0,0,0,31,1,20221,31,0,0,0,62969,73529458928,685362392472
2022-11-04,S300YT1L,0,231737664,10,0,914209265,63106,10,0,0,0,0,0,31,1,20221,31,0,0,0,62993,73530412880,685550747765
2022-11-05,S300YT1L,0,14594792,10,0,916104024,63130,10,0,0,0,0,0,31,1,20221,31,0,0,0,63016,73531473848,685651133920
2022-11-06,S300YT1L,0,1799632,10,0,917504774,63153,10,0,0,0,0,0,32,1,20221,32,0,0,0,63040,73532537448,685857729159
2022-11-07,S300YT1L,0,135374048,10,0,918803307,63176,10,0,0,0,0,0,32,1,20221,32,0,0,0,63063,73533361072,686057399481
2022-11-08,S300YT1L,0,35968592,10,0,920540398,63200,10,0,0,0,0,0,31,1,20221,31,0,0,0,63086,73534273360,686361531629
2022-11-09,S300YT1L,0,87707416,10,0,923279553,63223,10,0,0,0,0,0,32,1,20221,32,0,0,0,63110,73535499200,686624491139
2022-11-10,S300YT1L,0,219506720,10,0,924673669,63246,10,0,0,0,0,0,32,1,20221,32,0,0,0,63133,73536469768,686899487747
2022-11-11,S300YT1L,0,132585560,10,0,926049960,63270,10,0,0,0,0,0,31,1,20221,31,0,0,0,63156,73537599440,687144089988
2022-11-12,S300YT1L,0,218652152,10,0,927863992,63293,10,0,0,0,0,0,31,1,20221,31,0,0,0,63180,73538347944,687202985022
2022-11-13,S300YT1L,0,98676696,10,0,929266448,63316,10,0,0,0,0,0,31,1,20221,31,0,0,0,63203,73539583184,687458230841
2022-11-14,S300YT1L,0,139311856,10,0,930254926,63340,10,0,0,0,0,0,32,1,20221,32,0,0,0,63227,73540431736,687627472210
2022-11-15,S300YT1L,0,15498408,10,0,931743506,63363,10,0,0,0,0,0,31,1,20221,31,0,0,0,63250,73541629064,687921443919
2022-11-16,S300YT1L,0,74469384,10,0,933619705,63387,10,0,0,0,0,0,32,1,20221,32,0,0,0,63273,73542592496,688179957553
2022-11-17,S300YT1L,0,237388336,10,0,936815723,63410,10,0,0,0,0,0,33,1,20221,33,0,0,0,63297,73543794792,705493142338
2022-11-18,S300YT1L,0,235807208,10,0,939611218,63433,10,0,0,0,0,0,31,1,20221,31,0,0,0,63320,73544653952,709874910179
2022-11-19,S300YT1L,0,76074144,10,0,943900243,63468,10,0,0,0,0,0,31,1,20221,31,0,0,0,63355,73548557992,710026086765
2022-11-20,S300YT1L,0,216427784,10,0,945036905,63492,10,0,0,0,0,0,31,1,20221,31,0,0,0,63379,73549468648,710255242291
2022-11-21,S300YT1L,0,201539944,10,0,946669499,63515,10,0,0,0,0,0,31,1,20221,31,0,0,0,63402,73550301376,710534373728
2022-11-22,S300YT1L,0,220897096,10,0,948092253,63539,10,0,0,0,0,0,31,1,20221,31,0,0,0,63426,73551249840,710763258639
2022-11-23,S300YT1L,0,151576768,10,0,951312724,63562,10,0,0,0,0,0,32,1,20221,32,0,0,0,63449,73552539680,711040197815
2022-11-24,S300YT1L,0,167972200,10,0,954612845,63586,10,0,0,0,0,0,32,1,20221,32,0,0,0,63472,73553302272,711763744722
2022-11-25,S300YT1L,0,101869552,10,0,957919624,63609,10,0,0,0,0,0,31,1,20221,31,0,0,0,63496,73553983328,712250856456
2022-11-26,S300YT1L,0,148524320,10,0,959865095,63633,10,0,0,0,0,0,31,1,20221,31,0,0,0,63519,73554856560,712347681871
2022-11-27,S300YT1L,0,91206080,10,0,962856555,63656,10,0,0,0,0,0,32,1,20221,32,0,0,0,63543,73555673400,712762285679
2022-11-28,S300YT1L,0,75912320,10,0,966267923,63679,10,0,0,0,0,0,32,1,20221,32,0,0,0,63566,73556465432,713155660092
2022-11-29,S300YT1L,0,205676464,10,0,969122855,63703,10,0,0,0,0,0,32,1,20221,32,0,0,0,63589,73557216784,713624503583
2022-11-30,S300YT1L,0,117681368,10,0,973096957,63726,10,0,0,0,0,0,31,1,20221,31,0,0,0,63613,73558148408,718465898692
2022-12-01,S300YT1L,0,155259144,10,0,974793836,63749,10,0,0,0,0,0,32,1,20221,32,0,0,0,63636,73559214856,718763629646
2022-12-02,S300YT1L,0,213995072,10,0,976733625,63773,10,0,0,0,0,0,32,1,20221,32,0,0,0,63660,73617741624,719018254099
2022-12-03,S300YT1L,0,59458592,10,0,978625384,63796,10,0,0,0,0,0,31,1,20221,31,0,0,0,63683,73618836376,719091515515
2022-12-04,S300YT1L,0,234554760,10,0,980121402,63820,10,0,0,0,0,0,31,1,20221,31,0,0,0,63706,73619795720,723657131595
2022-12-05,S300YT1L,0,113929824,10,0,981228170,63843,10,0,0,0,0,0,31,1,20221,31,0,0,0,63730,73621201040,723860556271
2022-12-06,S300YT1L,0,8344840,10,0,982796611,63867,10,0,0,0,0,0,31,1,20221,31,0,0,0,63753,73621869584,724145787220
2022-12-07,S300YT1L,0,234376944,10,0,984452050,63890,10,0,0,0,0,0,32,1,20221,32,0,0,0,63777,73622797600,724334371984
2022-12-08,S300YT1L,0,34539128,10,0,987192102,63925,10,0,0,0,0,0,29,1,20221,29,0,0,0,63812,73624535936,724762679114
2022-12-09,S300YT1L,0,34539128,10,0,987192102,63925,10,0,0,0,0,0,29,1,20221,29,0,0,0,63812,73624535936,724762679114
2022-12-11,S300YT1L,0,68470136,10,0,991440568,63995,10,0,0,0,0,0,31,1,20221,31,0,0,0,63882,73627888264,725274225054
2022-12-11,S300YT1L,0,68470136,10,0,991440568,63995,10,0,0,0,0,0,31,1,20221,31,0,0,0,63882,73627888264,725274225054
2022-12-12,S300YT1L,0,179785880,10,0,993047773,64019,10,0,0,0,0,0,32,1,20221,32,0,0,0,63905,73628867504,725540801692
2022-12-13,S300YT1L,0,209304976,10,0,994461749,64042,10,0,0,0,0,0,31,1,20221,31,0,0,0,63929,73630108192,725764433526
2022-12-14,S300YT1L,0,73870416,10,0,996822180,64065,10,0,0,0,0,0,31,1,20221,31,0,0,0,63952,73631870408,726016774302
2022-12-15,S300YT1L,0,74610272,10,0,998465951,64089,10,0,0,0,0,0,31,1,20221,31,0,0,0,63976,73632959200,726265245528
2022-12-16,S300YT1L,0,193055936,10,0,999437839,64113,10,0,0,0,0,0,31,1,20221,31,0,0,0,63999,73633819760,726497627254
2022-12-17,S300YT1L,0,214480928,10,0,1295355,64136,10,0,0,0,0,0,31,1,20221,31,0,0,0,64023,73634696264,726604076740
2022-12-18,S300YT1L,0,83756960,10,0,2175747,64160,10,0,0,0,0,0,32,1,20221,32,0,0,0,64047,73635556304,726846441755
2022-12-19,S300YT1L,0,219097216,10,0,3138356,64184,10,0,0,0,0,0,31,1,20221,31,0,0,0,64070,73636674536,727117927052
2022-12-20,S300YT1L,0,199344528,10,0,4158180,64207,10,0,0,0,0,0,31,1,20221,31,0,0,0,64094,73638341768,727439799276
2022-12-21,S300YT1L,0,206466744,10,0,7340160,64231,10,0,0,0,0,0,31,1,20221,31,0,0,0,64117,73640305240,727853041438
2022-12-22,S300YT1L,0,223511520,10,0,8901318,64254,10,0,0,0,0,0,31,1,20221,31,0,0,0,64141,73641388616,728091992622
2022-12-23,S300YT1L,0,133218656,10,0,10134746,64278,10,0,0,0,0,0,31,1,20221,31,0,0,0,64165,73642366624,728266059513
2022-12-24,S300YT1L,0,128686936,10,0,12567471,64302,10,0,0,0,0,0,31,1,20221,31,0,0,0,64188,73643649632,728341026144
2022-12-25,S300YT1L,0,142605792,10,0,14057525,64325,10,0,0,0,0,0,31,1,20221,31,0,0,0,64212,73646494888,728525201333
2022-12-26,S300YT1L,0,24905392,10,0,15160150,64349,10,0,0,0,0,0,31,1,20221,31,0,0,0,64236,73648088480,728667851586
2022-12-27,S300YT1L,0,223104224,10,0,16716557,64372,10,0,0,0,0,0,31,1,20221,31,0,0,0,64259,73649303440,728867119951
2022-12-28,S300YT1L,0,177568896,10,0,18785441,64396,10,0,0,0,0,0,32,1,20221,32,0,0,0,64283,73651076896,729015758488
2022-12-29,S300YT1L,0,176741288,10,0,20695446,64420,10,0,0,0,0,0,31,1,20221,31,0,0,0,64306,73653160080,729163173798
2022-12-30,S300YT1L,0,30088392,10,0,22834097,64443,10,0,0,0,0,0,31,1,20221,31,0,0,0,64330,73654478728,729366021952
2022-12-31,S300YT1L,0,240307912,10,0,24809351,64467,10,0,0,0,0,0,31,1,20221,31,0,0,0,64354,73655467568,729445212474
