2022-01-01,Z302SYAF,0,216201408,15,0,343473286,55473,15,2,0,0,0,0,29,3,13220,29,0,0,0,55214,67651321040,330510083581
2022-01-02,Z302SYAF,0,45088352,15,0,345572493,55497,15,2,0,0,0,0,29,3,13220,29,0,0,0,55238,67661132944,330710017593
2022-01-03,Z302SYAF,0,181185824,15,0,348329348,55521,15,2,0,0,0,0,29,3,13220,29,0,0,0,55261,67671940440,330956005450
2022-01-04,Z302SYAF,0,165586632,15,0,349274772,55545,15,2,0,0,0,0,29,3,13220,29,0,0,0,55285,67679518544,331072448315
2022-01-05,Z302SYAF,0,1533696,15,0,351177732,55569,15,2,0,0,0,0,28,3,13220,28,0,0,0,55309,67690168432,331136176350
2022-01-06,Z302SYAF,0,110449824,15,0,352318547,55593,15,2,0,0,0,0,29,3,13220,29,0,0,0,55333,67705519456,331265084289
2022-01-07,Z302SYAF,0,217000160,15,0,353853010,55616,15,2,0,0,0,0,29,3,13220,29,0,0,0,55357,67726499928,331436131872
2022-01-08,Z302SYAF,0,136708544,15,0,354797536,55640,15,2,0,0,0,0,30,3,13220,30,0,0,0,55380,67737286752,331531184685
2022-01-09,Z302SYAF,0,59069904,15,0,356698703,55664,15,2,0,0,0,0,30,3,13220,30,0,0,0,55404,67747459136,331696766573
2022-01-10,Z302SYAF,0,216456568,15,0,359276971,55688,15,2,0,0,0,0,29,3,13221,29,0,0,0,55428,67752784624,331908966969
2022-01-11,Z302SYAF,0,32103296,15,0,360568577,55712,15,2,0,0,0,0,29,3,13221,29,0,0,0,55452,67765366512,332106456333
2022-01-12,Z302SYAF,0,224423928,15,0,361721234,55736,15,2,0,0,0,0,29,3,13228,29,0,0,0,55476,67773587328,332208197418
2022-01-13,Z302SYAF,0,226976496,15,0,364774161,55759,15,2,0,0,0,0,29,3,13228,29,0,0,0,55500,67789907768,332411555268
2022-01-14,Z302SYAF,0,125208640,15,0,365823358,55783,15,2,0,0,0,0,29,3,13228,29,0,0,0,55523,67800321280,332552829870
2022-01-15,Z302SYAF,0,201178832,15,0,367060030,55807,15,2,0,0,0,0,30,3,13228,30,0,0,0,55547,67810096568,332733612756
2022-01-16,Z302SYAF,0,201441208,15,0,368644426,55831,15,2,0,0,0,0,29,3,13228,29,0,0,0,55571,67816021224,332935106158
2022-01-17,Z302SYAF,0,61446848,15,0,371021570,55855,15,2,0,0,0,0,29,3,13228,29,0,0,0,55595,67824208568,333090403446
2022-01-18,Z302SYAF,0,50531920,15,0,372409092,55878,15,2,0,0,0,0,29,3,13228,29,0,0,0,55619,67834161488,333288235956
2022-01-19,Z302SYAF,0,216360448,15,0,374555954,55902,15,2,0,0,0,0,30,3,13228,30,0,0,0,55643,67845493632,333396808223
2022-01-20,Z302SYAF,0,127272448,15,0,374814179,55926,15,2,0,0,0,0,29,3,13231,29,0,0,0,55667,67850200784,333423941603
2022-01-21,Z302SYAF,0,54630432,15,0,376237269,55950,15,2,0,0,0,0,30,2,13231,30,0,0,0,55690,67862371152,333629582083
2022-01-22,Z302SYAF,0,95762568,15,0,378011531,55974,15,2,0,0,0,0,30,2,13231,30,0,0,0,55714,67876328768,333923805202
2022-01-23,Z302SYAF,0,44671728,15,0,379689788,55998,15,2,0,0,0,0,30,2,13231,30,0,0,0,55738,67896574968,334168209597
2022-01-24,Z302SYAF,0,234274208,15,0,382467844,56022,15,2,0,0,0,0,29,2,13231,29,0,0,0,55762,67908554984,334475571751
2022-01-25,Z302SYAF,0,132173680,15,0,384183682,56046,15,2,0,0,0,0,29,2,13231,29,0,0,0,55786,67923082448,334770997525
2022-01-26,Z302SYAF,0,241616568,15,0,386070617,56069,15,2,0,0,0,0,30,2,13233,30,0,0,0,55810,67944704496,334906439577
2022-01-27,Z302SYAF,0,52647368,15,0,387129755,56093,15,2,0,0,0,0,29,2,13233,29,0,0,0,55834,67954731784,335083709356
2022-01-28,Z302SYAF,0,24395736,15,0,388356572,56117,15,2,0,0,0,0,29,2,13233,29,0,0,0,55857,67970518600,335295295325
2022-01-29,Z302SYAF,0,227505504,15,0,389377309,56141,15,2,0,0,0,0,29,1,13234,29,0,0,0,55881,67984229072,335456204438
2022-01-30,Z302SYAF,0,4439168,15,0,390930474,56165,15,2,0,0,0,0,30,1,13234,30,0,0,0,55905,67989894872,335721593454
2022-01-31,Z302SYAF,0,167870160,15,0,393669068,56189,15,2,0,0,0,0,29,1,13234,29,0,0,0,55929,68000377352,335971859762
2022-02-01,Z302SYAF,0,27464168,15,0,395023397,56213,15,2,0,0,0,0,30,1,13234,30,0,0,0,55953,68007915376,336254332689
2022-02-02,Z302SYAF,0,237310128,15,0,396096754,56236,15,2,0,0,0,0,29,1,13235,29,0,0,0,55976,68020424160,336389041436
2022-02-03,Z302SYAF,0,45233144,15,0,397380787,56260,15,2,0,0,0,0,29,1,13235,29,0,0,0,56000,68032413696,336642949119
2022-02-04,Z302SYAF,0,171832312,15,0,398816814,56284,15,2,0,0,0,0,29,1,13235,29,0,0,0,56024,68049010400,336933964054
2022-02-05,Z302SYAF,0,113287208,15,0,400460497,56308,15,2,0,0,0,0,29,1,13235,29,0,0,0,56048,68072259880,337245611552
2022-02-06,Z302SYAF,0,208157368,15,0,401803746,56332,15,2,0,0,0,0,29,1,13235,29,0,0,0,56072,68104596272,337453109049
2022-02-07,Z302SYAF,0,70953296,15,0,404695023,56356,15,2,0,0,0,0,29,1,13235,29,0,0,0,56096,68131849008,337701156263
2022-02-08,Z302SYAF,0,53330272,15,0,406327110,56380,15,2,0,0,0,0,29,1,13235,29,0,0,0,56120,68150928080,337958932159
2022-02-09,Z302SYAF,0,154496880,15,0,407495762,56404,15,2,0,0,0,0,29,1,13235,29,0,0,0,56144,68173278592,338091167911
2022-02-10,Z302SYAF,0,180273112,16,0,408922277,56428,16,2,0,0,0,0,29,2,13245,29,0,0,0,56168,68192576344,338327161066
2022-02-11,Z302SYAF,0,45411568,16,0,410898530,56452,16,2,0,0,0,0,29,2,13245,29,0,0,0,56192,68208062808,338574625235
2022-02-12,Z302SYAF,0,3304504,16,0,412663270,56476,16,2,0,0,0,0,29,2,13246,29,0,0,0,56216,68225566216,338814761366
2022-02-13,Z302SYAF,0,42135608,16,0,414126899,56500,16,2,0,0,0,0,29,2,13246,29,0,0,0,56240,68240860072,339060493939
2022-02-14,Z302SYAF,0,90509568,16,0,416903418,56524,16,2,0,0,0,0,29,2,13246,29,0,0,0,56264,68256745176,339380972214
2022-02-15,Z302SYAF,0,58124672,16,0,420202849,56548,16,2,0,0,0,0,29,2,13246,29,0,0,0,56288,68276033632,339736185088
2022-02-16,Z302SYAF,0,106806392,16,0,422933024,56572,16,2,0,0,0,0,28,2,13246,28,0,0,0,56312,68288841016,339931984004
2022-02-17,Z302SYAF,0,174012352,16,0,424974748,56596,16,2,0,0,0,0,29,2,13246,29,0,0,0,56336,68307865848,340222504491
2022-02-18,Z302SYAF,0,68990080,16,0,426407685,56620,16,2,0,0,0,0,29,2,13247,29,0,0,0,56359,68313169648,340447419460
2022-02-19,Z302SYAF,0,223912280,16,0,427660773,56643,16,2,0,0,0,0,28,2,13247,28,0,0,0,56383,68320009144,340623788303
2022-02-20,Z302SYAF,0,139940184,16,0,431730931,56679,16,2,0,0,0,0,28,2,13247,28,0,0,0,56419,68324629784,340998938432
2022-02-21,Z302SYAF,0,94210784,16,0,432300749,56703,16,2,0,0,0,0,28,2,13247,28,0,0,0,56443,68326364840,341066984273
2022-02-22,Z302SYAF,0,54695720,16,0,433321817,56727,16,2,0,0,0,0,28,2,13247,28,0,0,0,56467,68327736944,341193069729
2022-02-23,Z302SYAF,0,199504672,16,0,435683378,56751,16,2,0,0,0,0,28,2,13247,28,0,0,0,56491,68329616856,341349140024
2022-02-24,Z302SYAF,0,15014112,16,0,436273491,56763,16,2,0,0,0,0,28,2,13247,28,0,0,0,56502,68330934696,341423411641
2022-02-25,Z302SYAF,0,157157232,16,0,437167693,56786,16,2,0,0,0,0,29,1,13249,29,0,0,0,56526,68334512424,341523284289
2022-02-26,Z302SYAF,0,209247304,16,0,439035768,56810,16,2,0,0,0,0,29,1,13249,29,0,0,0,56550,68338772464,341733733509
2022-02-27,Z302SYAF,0,152481328,16,0,440129535,56834,16,2,0,0,0,0,29,1,13250,29,0,0,0,56574,68342427864,341918671829
2022-02-28,Z302SYAF,0,11758432,16,0,443314209,56858,16,2,0,0,0,0,29,1,13250,29,0,0,0,56598,68381675048,342174368948
2022-03-01,Z302SYAF,0,1069648,16,0,444477828,56882,16,2,0,0,0,0,30,1,13250,30,0,0,0,56622,68385821376,342343566454
2022-03-02,Z302SYAF,0,122507800,16,0,446497350,56906,16,2,0,0,0,0,29,1,13251,29,0,0,0,56645,68390862832,342472770628
2022-03-03,Z302SYAF,0,86653208,16,0,447896791,56929,16,2,0,0,0,0,29,1,13251,29,0,0,0,56669,68394382176,342660150676
2022-03-04,Z302SYAF,0,237911024,16,0,448986411,56953,16,2,0,0,0,0,28,1,13252,28,0,0,0,56693,68397698088,342813527260
2022-03-05,Z302SYAF,0,31639784,16,0,450260120,56977,16,2,0,0,0,0,29,1,13252,29,0,0,0,56717,68403797336,343007649944
2022-03-06,Z302SYAF,0,58014720,16,0,451760190,57001,16,2,0,0,0,0,29,1,13252,29,0,0,0,56741,68412125696,343235522596
2022-03-07,Z302SYAF,0,132026048,16,0,455374801,57025,16,2,0,0,0,0,28,1,13252,28,0,0,0,56765,68419210000,343582769959
2022-03-08,Z302SYAF,0,237039248,16,0,456726928,57049,16,2,0,0,0,0,28,1,13252,28,0,0,0,56789,68423646264,343855488893
2022-03-09,Z302SYAF,0,230639184,16,0,458138699,57073,16,2,0,0,0,0,28,1,13252,28,0,0,0,56812,68429904656,344057661797
2022-03-10,Z302SYAF,0,24240192,16,0,460463405,57097,16,2,0,0,0,0,28,1,13252,28,0,0,0,56836,68441114936,344275961570
2022-03-11,Z302SYAF,0,99694952,16,0,461781220,57120,16,2,0,0,0,0,29,1,13252,29,0,0,0,56860,68447486288,344490603547
2022-03-12,Z302SYAF,0,64630904,16,0,463040830,57144,16,2,0,0,0,0,29,1,13252,29,0,0,0,56884,68455463872,344717224228
2022-03-13,Z302SYAF,0,44426512,16,0,464307171,57168,16,2,0,0,0,0,29,1,13252,29,0,0,0,56908,68464994544,344929098908
2022-03-14,Z302SYAF,0,114225240,16,0,468534139,57192,16,2,0,0,0,0,29,1,13252,29,0,0,0,56932,68474571960,345178839151
2022-03-15,Z302SYAF,0,60257056,16,0,470800934,57216,16,2,0,0,0,0,29,1,13252,29,0,0,0,56956,68484352424,345483859620
2022-03-16,Z302SYAF,0,228180616,16,0,472343531,57240,16,2,0,0,0,0,29,1,13252,29,0,0,0,56980,68493698000,345667046082
2022-03-17,Z302SYAF,0,184357608,16,0,473886745,57264,16,2,0,0,0,0,29,1,13252,29,0,0,0,57003,68504773736,345737420106
2022-03-18,Z302SYAF,0,100465008,16,0,475088291,57287,16,2,0,0,0,0,30,1,13253,30,0,0,0,57027,68513493040,345967664348
2022-03-19,Z302SYAF,0,11816624,16,0,476517173,57311,16,2,0,0,0,0,28,1,13253,28,0,0,0,57051,68524047104,346266543331
2022-03-20,Z302SYAF,0,167241768,16,0,478038612,57335,16,2,0,0,0,0,29,1,13253,29,0,0,0,57075,68534705624,346557463071
2022-03-21,Z302SYAF,0,44095552,16,0,481012375,57359,16,2,0,0,0,0,29,1,13253,29,0,0,0,57099,68543526120,346833755590
2022-03-22,Z302SYAF,0,195270624,16,0,482637190,57383,16,2,0,0,0,0,30,1,13253,30,0,0,0,57123,68552538184,347095222758
2022-03-23,Z302SYAF,0,209164520,16,0,484035928,57407,16,2,0,0,0,0,29,1,13253,29,0,0,0,57147,68564987560,347264699040
2022-03-24,Z302SYAF,0,44579432,16,0,485527835,57431,16,2,0,0,0,0,29,1,13254,29,0,0,0,57171,68575291704,347468006918
2022-03-25,Z302SYAF,0,144690632,16,0,487458686,57455,16,2,0,0,0,0,28,1,13254,28,0,0,0,57194,68584443336,347726973583
2022-03-26,Z302SYAF,0,34164160,17,0,490689013,57492,17,2,0,0,0,0,29,1,13263,29,0,0,0,57230,68609126312,348412079403
2022-03-27,Z302SYAF,0,222141616,17,0,493434402,57504,17,2,0,0,0,0,29,1,13263,29,0,0,0,57242,68609549584,348837036514
2022-03-28,Z302SYAF,0,213132240,18,0,496468495,57528,18,2,0,0,0,0,29,1,13268,29,0,0,0,57266,68622987264,349097502590
2022-03-29,Z302SYAF,0,142448312,18,0,497677254,57552,18,2,0,0,0,0,30,1,13268,30,0,0,0,57290,68635292592,349402068075
2022-03-30,Z302SYAF,0,214551880,18,0,499466979,57576,18,2,0,0,0,0,29,1,13268,29,0,0,0,57314,68647153152,349637395438
2022-03-31,Z302SYAF,0,51773600,18,0,501616527,57600,18,2,0,0,0,0,30,1,13270,30,0,0,0,57338,68658790792,349927926545
2022-04-01,Z302SYAF,0,85652824,18,0,503343141,57624,18,2,0,0,0,0,30,1,13270,30,0,0,0,57362,68667508648,350184419008
2022-04-02,Z302SYAF,0,12193384,18,0,505411924,57660,18,2,0,0,0,0,29,1,13271,29,0,0,0,57398,68680266000,350473429992
2022-04-03,Z302SYAF,0,57536192,18,0,508326660,57684,18,2,0,0,0,0,29,1,13271,29,0,0,0,57422,68688344376,350765749595
2022-04-04,Z302SYAF,0,169368960,18,0,510209429,57707,18,2,0,0,0,0,29,1,13271,29,0,0,0,57446,68695893184,350920138712
2022-04-05,Z302SYAF,0,5888512,18,0,512743764,57731,18,2,0,0,0,0,29,1,13271,29,0,0,0,57470,68704587728,351091405409
2022-04-06,Z302SYAF,0,91141560,18,0,513424964,57743,18,2,0,0,0,0,29,1,13274,29,0,0,0,57482,68712083392,351121387255
2022-04-07,Z302SYAF,0,55668824,18,0,514819656,57767,18,2,0,0,0,0,29,1,13275,29,0,0,0,57505,68718578032,351277367308
2022-04-08,Z302SYAF,0,231242488,18,0,516526596,57802,18,2,0,0,0,0,28,1,13278,28,0,0,0,57541,68739447592,351478144449
2022-04-09,Z302SYAF,0,107766808,18,0,518406333,57826,18,2,0,0,0,0,29,1,13278,29,0,0,0,57565,68747429384,351703941993
2022-04-10,Z302SYAF,0,116193472,18,0,520700146,57850,18,2,0,0,0,0,29,1,13278,29,0,0,0,57588,68755567192,351922126088
2022-04-11,Z302SYAF,0,78689472,18,0,522465014,57874,18,2,0,0,0,0,28,1,13278,28,0,0,0,57612,68762108064,352092350915
2022-04-12,Z302SYAF,0,128231640,18,0,523676808,57898,18,2,0,0,0,0,28,1,13278,28,0,0,0,57636,68773310776,352273267233
2022-04-13,Z302SYAF,0,117723720,18,0,524837351,57921,18,2,0,0,0,0,29,1,13281,29,0,0,0,57660,68781687816,352380979963
2022-04-14,Z302SYAF,0,44250048,18,0,526194297,57945,18,2,0,0,0,0,29,1,13281,29,0,0,0,57684,68795084208,352570209715
2022-04-15,Z302SYAF,0,27959616,18,0,527663145,57969,18,2,0,0,0,0,29,1,13281,29,0,0,0,57707,68805035056,352787791279
2022-04-16,Z302SYAF,0,1519248,18,0,528929013,57993,18,2,0,0,0,0,29,1,13281,29,0,0,0,57731,68815200632,352972723373
2022-04-17,Z302SYAF,0,149143320,18,0,531503836,58017,18,2,0,0,0,0,30,1,13281,30,0,0,0,57755,68835405800,353329041992
2022-04-18,Z302SYAF,0,58945112,18,0,534020648,58040,18,2,0,0,0,0,29,1,13281,29,0,0,0,57779,68841651720,353602846592
2022-04-19,Z302SYAF,0,11107048,18,0,535584949,58064,18,2,0,0,0,0,29,1,13281,29,0,0,0,57803,68847529880,353926577112
2022-04-20,Z302SYAF,0,40952960,18,0,537921690,58088,18,2,0,0,0,0,29,1,13282,29,0,0,0,57827,68856877112,354094216755
2022-04-21,Z302SYAF,0,88510424,18,0,539154599,58112,18,2,0,0,0,0,29,1,13282,29,0,0,0,57851,68866675904,354292994130
2022-04-22,Z302SYAF,0,186457312,18,0,540377224,58135,18,2,0,0,0,0,28,1,13287,28,0,0,0,57874,68870382000,354516112390
2022-04-23,Z302SYAF,0,149742232,18,0,541415419,58159,18,2,0,0,0,0,29,1,13288,29,0,0,0,57897,68877730424,354694645879
2022-04-24,Z302SYAF,0,150007120,18,0,543042746,58182,18,2,0,0,0,0,29,1,13288,29,0,0,0,57920,68885437280,354908412665
2022-04-25,Z302SYAF,0,124690472,19,0,545740484,58206,19,2,0,0,0,0,29,1,13296,29,0,0,0,57944,68894115064,355206650518
2022-04-26,Z302SYAF,0,195541960,19,0,547051331,58230,19,2,0,0,0,0,28,1,13297,28,0,0,0,57968,68901647304,355467642180
2022-04-27,Z302SYAF,0,48502544,19,0,549240004,58254,19,2,0,0,0,0,29,1,13298,29,0,0,0,57992,68910531112,355622100109
2022-04-28,Z302SYAF,0,73488984,19,0,550801098,58277,19,2,0,0,0,0,29,1,13298,29,0,0,0,58015,68920417200,355874973170
2022-04-29,Z302SYAF,0,75369472,19,0,552456995,58301,19,2,0,0,0,0,29,1,13298,29,0,0,0,58039,68928985288,356163013446
2022-04-30,Z302SYAF,0,136806112,19,0,553618023,58325,19,2,0,0,0,0,29,1,13298,29,0,0,0,58063,68937573240,356365781607
2022-05-01,Z302SYAF,0,162045232,19,0,555402922,58349,19,2,0,0,0,0,29,1,13298,29,0,0,0,58087,68946173480,356636004008
2022-05-02,Z302SYAF,0,57663072,19,0,558198146,58373,19,2,0,0,0,0,29,1,13298,29,0,0,0,58111,68957000168,356904074165
2022-05-03,Z302SYAF,0,228459624,19,0,561962963,58397,19,2,0,0,0,0,29,1,13298,29,0,0,0,58135,68965433384,357182113136
2022-05-04,Z302SYAF,0,173147032,19,0,564364175,58421,19,2,0,0,0,0,29,1,13300,29,0,0,0,58159,68979118000,357312783077
2022-05-05,Z302SYAF,0,19437272,19,0,565605952,58444,19,2,0,0,0,0,27,1,13300,27,0,0,0,58182,68988922864,357552669061
2022-05-06,Z302SYAF,0,147370336,19,0,566635024,58468,19,2,0,0,0,0,26,1,13300,26,0,0,0,58206,69002576568,357771218660
2022-05-07,Z302SYAF,0,86911872,19,0,567692158,58492,19,2,0,0,0,0,29,1,13300,29,0,0,0,58230,69010308128,358027659647
2022-05-08,Z302SYAF,0,70798400,19,0,569487115,58516,19,2,0,0,0,0,29,1,13300,29,0,0,0,58254,69024534488,358384981329
2022-05-09,Z302SYAF,0,51628128,19,0,573367650,58540,19,2,0,0,0,0,29,1,13300,29,0,0,0,58278,69034177552,358764787241
2022-05-10,Z302SYAF,0,33150192,19,0,574992618,58564,19,2,0,0,0,0,29,1,13300,29,0,0,0,58302,69046336952,359000249555
2022-05-11,Z302SYAF,0,128189736,19,0,577183273,58588,19,2,0,0,0,0,29,1,13300,29,0,0,0,58326,69055353104,359121735741
2022-05-12,Z302SYAF,0,243958872,19,0,578685671,58612,19,2,0,0,0,0,29,1,13300,29,0,0,0,58350,69064145648,359300872530
2022-05-13,Z302SYAF,0,216474104,19,0,580432064,58636,19,2,0,0,0,0,29,1,13300,29,0,0,0,58373,69072390920,359532617718
2022-05-14,Z302SYAF,0,21661720,19,0,581344662,58659,19,2,0,0,0,0,29,1,13300,29,0,0,0,58397,69080181720,359636342715
2022-05-15,Z302SYAF,0,202872088,19,0,584741863,58695,19,2,0,0,0,0,29,1,13303,29,0,0,0,58433,69090985912,359918941750
2022-05-16,Z302SYAF,0,208741216,19,0,585911119,58719,19,2,0,0,0,0,29,1,13303,29,0,0,0,58457,69098233560,360025496399
2022-05-17,Z302SYAF,0,12774784,19,0,587539680,58743,19,2,0,0,0,0,29,1,13303,29,0,0,0,58480,69105593696,360201091783
2022-05-18,Z302SYAF,0,98050600,19,0,588194729,58755,19,2,0,0,0,0,30,1,13304,30,0,0,0,58492,69109731376,360227150647
2022-05-19,Z302SYAF,0,64260624,19,0,589567831,58778,19,2,0,0,0,0,29,1,13304,29,0,0,0,58516,69119225928,360417487917
2022-05-20,Z302SYAF,0,69160392,19,0,590856872,58802,19,2,0,0,0,0,29,1,13304,29,0,0,0,58540,69128369784,360612030677
2022-05-21,Z302SYAF,0,75065184,19,0,592004145,58826,19,2,0,0,0,0,30,1,13305,30,0,0,0,58564,69137890928,360767025953
2022-05-22,Z302SYAF,0,127098048,19,0,593234336,58850,19,2,0,0,0,0,30,1,13305,30,0,0,0,58588,69147559104,360939829841
2022-05-23,Z302SYAF,0,43874056,19,0,596169237,58874,19,2,0,0,0,0,29,1,13305,29,0,0,0,58612,69156575448,361151501154
2022-05-24,Z302SYAF,0,195345720,19,0,597612015,58898,19,2,0,0,0,0,29,1,13305,29,0,0,0,58636,69166306784,361362822403
2022-05-25,Z302SYAF,0,172198880,19,0,599806791,58922,19,2,0,0,0,0,29,1,13307,29,0,0,0,58659,69175827256,361473136880
2022-05-26,Z302SYAF,0,79091952,19,0,601162716,58946,19,2,0,0,0,0,29,1,13307,29,0,0,0,58683,69184391360,361689007337
2022-05-27,Z302SYAF,0,69142776,19,0,603508742,58969,19,2,0,0,0,0,29,1,13308,29,0,0,0,58707,69194846168,362001879971
2022-05-28,Z302SYAF,0,26387144,19,0,605890407,58993,19,2,0,0,0,0,29,1,13309,29,0,0,0,58731,69205336248,362279964980
2022-05-29,Z302SYAF,0,185594504,19,0,607628202,59017,19,2,0,0,0,0,29,1,13309,29,0,0,0,58755,69214188360,362609272253
2022-05-30,Z302SYAF,0,30737720,19,0,610487598,59041,19,2,0,0,0,0,29,1,13309,29,0,0,0,58778,69224996424,362829034581
2022-05-31,Z302SYAF,0,112908136,19,0,611723729,59065,19,2,0,0,0,0,29,1,13309,29,0,0,0,58802,69236340384,363043776359
2022-06-01,Z302SYAF,0,51977256,19,0,613874817,59088,19,2,0,0,0,0,29,1,13309,29,0,0,0,58826,69246479048,363177516993
2022-06-02,Z302SYAF,0,106879360,19,0,615389790,59112,19,2,0,0,0,0,29,1,13319,29,0,0,0,58850,69255154040,363403378699
2022-06-03,Z302SYAF,0,176424008,20,0,616615790,59137,20,2,0,0,0,0,29,1,13326,29,0,0,0,58874,69267226872,363616430369
2022-06-04,Z302SYAF,0,236970352,20,0,618000197,59161,20,2,0,0,0,0,29,1,13326,29,0,0,0,58898,69276436344,363885604224
2022-06-05,Z302SYAF,0,162120800,20,0,619358287,59185,20,2,0,0,0,0,29,1,13326,29,0,0,0,58921,69288999400,364159469551
2022-06-07,Z302SYAF,0,189270208,21,0,623819357,59233,21,2,0,0,0,0,30,1,13330,30,0,0,0,58969,69314246856,364733854356
2022-06-08,Z302SYAF,0,228377456,21,0,626572963,59269,21,2,0,0,0,0,25,1,13331,25,0,0,0,59005,69331993760,364997968942
2022-06-09,Z302SYAF,0,82502832,21,0,628143052,59293,21,2,0,0,0,0,27,1,13331,27,0,0,0,59029,69342865864,365274232712
2022-06-10,Z302SYAF,0,97920512,21,0,628971876,59305,21,2,0,0,0,0,26,1,13331,26,0,0,0,59041,69348368696,365406171073
2022-06-11,Z302SYAF,0,41529688,22,0,631358020,59341,22,2,0,0,0,0,27,1,13348,27,0,0,0,59076,69360467624,365745477039
2022-06-12,Z302SYAF,0,211260872,22,0,631935916,59352,22,2,0,0,0,0,27,1,13348,27,0,0,0,59088,69365011704,365864314173
2022-06-13,Z302SYAF,0,208754152,22,0,634904940,59376,22,2,0,0,0,0,30,1,13350,30,0,0,0,59111,69378419800,366139448340
2022-06-14,Z302SYAF,0,93704832,22,0,636012553,59400,22,2,0,0,0,0,30,1,13350,30,0,0,0,59135,69388327424,366361446764
2022-06-15,Z302SYAF,0,26375888,22,0,639490162,59424,22,2,0,0,0,0,30,1,13350,30,0,0,0,59159,69397295040,366525785667
2022-06-16,Z302SYAF,0,94071248,22,0,641720785,59460,22,2,0,0,0,0,27,1,13351,27,0,0,0,59195,69412831488,366987168933
2022-06-17,Z302SYAF,0,143588024,22,0,644050162,59484,22,2,0,0,0,0,27,1,13351,27,0,0,0,59219,69425122088,367330232068
2022-06-18,Z302SYAF,0,135562176,22,0,645440219,59508,22,2,0,0,0,0,29,1,13351,29,0,0,0,59243,69434734984,367542587728
2022-06-19,Z302SYAF,0,180737808,22,0,647977605,59531,22,2,0,0,0,0,27,1,13351,27,0,0,0,59266,69445510512,367756972200
2022-06-20,Z302SYAF,0,202807000,22,0,650533939,59555,22,2,0,0,0,0,29,1,13351,29,0,0,0,59290,69455030616,368031018462
2022-06-21,Z302SYAF,0,102199336,22,0,651578305,59579,22,2,0,0,0,0,28,1,13351,28,0,0,0,59314,69467243008,368156925676
2022-06-22,Z302SYAF,0,87537744,22,0,652955125,59603,22,2,0,0,0,0,29,1,13352,29,0,0,0,59338,69480368952,368273573135
2022-06-23,Z302SYAF,0,210268696,22,0,654357777,59627,22,2,0,0,0,0,29,1,13352,29,0,0,0,59362,69494872728,368436569440
2022-06-24,Z302SYAF,0,81136992,22,0,655401993,59651,22,2,0,0,0,0,27,1,13352,27,0,0,0,59386,69503970544,368548181982
2022-06-25,Z302SYAF,0,216981136,22,0,656659465,59675,22,2,0,0,0,0,28,1,13352,28,0,0,0,59410,69512325536,368699266334
2022-06-26,Z302SYAF,0,141343032,22,0,659813899,59698,22,2,0,0,0,0,27,1,13352,27,0,0,0,59433,69520847632,368954561915
2022-06-27,Z302SYAF,0,215334320,22,0,661279472,59722,22,2,0,0,0,0,28,1,13352,28,0,0,0,59457,69530809256,369127756949
2022-06-28,Z302SYAF,0,188763112,22,0,662388171,59746,22,2,0,0,0,0,28,1,13352,28,0,0,0,59481,69538133912,369291760427
2022-06-29,Z302SYAF,0,156269992,22,0,664688186,59770,22,2,0,0,0,0,28,1,13353,28,0,0,0,59505,69550620216,369447011339
2022-06-30,Z302SYAF,0,228602816,22,0,665946976,59794,22,2,0,0,0,0,28,1,13353,28,0,0,0,59529,69559964696,369640639474
2022-07-01,Z302SYAF,0,38335856,22,0,667112557,59818,22,2,0,0,0,0,28,1,13353,28,0,0,0,59553,69569157536,369796045978
2022-07-02,Z302SYAF,0,93710696,22,0,668411986,59842,22,2,0,0,0,0,28,1,13353,28,0,0,0,59577,69580377552,369993463942
2022-07-03,Z302SYAF,0,128293784,22,0,671238188,59866,22,2,0,0,0,0,28,1,13353,28,0,0,0,59601,69593359928,370249000314
2022-07-04,Z302SYAF,0,236859800,22,0,674471422,59890,22,2,0,0,0,0,28,1,13353,28,0,0,0,59625,69602631088,370581947088
2022-07-05,Z302SYAF,0,12393168,22,0,675776305,59914,22,2,0,0,0,0,28,1,13353,28,0,0,0,59649,69612876312,370870581770
2022-07-06,Z302SYAF,0,136042328,22,0,678281755,59938,22,2,0,0,0,0,30,1,13353,30,0,0,0,59672,69622007376,371057727362
2022-07-07,Z302SYAF,0,881656,22,0,679153679,59949,22,2,0,0,0,0,30,1,13353,30,0,0,0,59684,69626852536,371204242691
2022-07-08,Z302SYAF,0,121837328,22,0,680323276,59973,22,2,0,0,0,0,27,1,13354,27,0,0,0,59708,69640357096,371410984237
2022-07-09,Z302SYAF,0,127513032,22,0,681474670,59997,22,2,0,0,0,0,27,1,13354,27,0,0,0,59732,69649322120,371614925034
2022-07-10,Z302SYAF,0,238040088,22,0,684146324,60033,22,2,0,0,0,0,29,1,13354,29,0,0,0,59768,69674863832,371955232896
2022-07-11,Z302SYAF,0,133000656,22,0,686456952,60057,22,2,0,0,0,0,29,1,13354,29,0,0,0,59791,69684709024,372217109601
2022-07-12,Z302SYAF,0,18787992,22,0,687725202,60080,22,2,0,0,0,0,27,1,13354,27,0,0,0,59815,69693062992,372478457290
2022-07-13,Z302SYAF,0,228296352,22,0,689179072,60104,22,2,0,0,0,0,27,1,13356,27,0,0,0,59839,69701889624,372621921422
2022-07-14,Z302SYAF,0,156557888,22,0,690456942,60128,22,2,0,0,0,0,28,1,13356,28,0,0,0,59863,69711419456,372900759783
2022-07-15,Z302SYAF,0,225491192,22,0,691808098,60152,22,2,0,0,0,0,27,1,13357,27,0,0,0,59887,69720208536,373174069659
2022-07-16,Z302SYAF,0,14015328,22,0,693095927,60176,22,2,0,0,0,0,28,1,13357,28,0,0,0,59911,69727014240,373408416200
2022-07-17,Z302SYAF,0,215125064,22,0,695450652,60200,22,2,0,0,0,0,29,1,13357,29,0,0,0,59935,69737772656,373689223553
2022-07-18,Z302SYAF,0,146413336,22,0,698465522,60224,22,2,0,0,0,0,28,1,13357,28,0,0,0,59959,69744207320,373978666096
2022-07-19,Z302SYAF,0,110144616,22,0,700320231,60248,22,2,0,0,0,0,28,1,13357,28,0,0,0,59983,69754958744,374214298139
2022-07-20,Z302SYAF,0,111854176,22,0,702672496,60272,22,2,0,0,0,0,29,1,13358,29,0,0,0,60006,69766610344,374381534565
2022-07-21,Z302SYAF,0,65387720,22,0,703714348,60296,22,2,0,0,0,0,29,1,13358,29,0,0,0,60030,69772157536,374617127058
2022-07-22,Z302SYAF,0,65306480,22,0,704768962,60319,22,2,0,0,0,0,28,1,13358,28,0,0,0,60054,69779712224,374843816534
2022-07-23,Z302SYAF,0,38601560,22,0,705756123,60343,22,2,0,0,0,0,28,1,13358,28,0,0,0,60078,69787784304,375069688887
2022-07-24,Z302SYAF,0,28108904,22,0,707812250,60367,22,2,0,0,0,0,29,1,13358,29,0,0,0,60102,69795050472,375411773546
2022-07-25,Z302SYAF,0,205553248,22,0,710857387,60391,22,2,0,0,0,0,27,1,13358,27,0,0,0,60126,69809783544,375792293363
2022-07-26,Z302SYAF,0,76606352,22,0,712482925,60415,22,2,0,0,0,0,29,1,13358,29,0,0,0,60150,69816325584,376039420293
2022-07-27,Z302SYAF,0,116127936,22,0,714857750,60439,22,2,0,0,0,0,29,1,13359,29,0,0,0,60174,69824472536,376214427533
2022-07-28,Z302SYAF,0,207141152,22,0,716104556,60463,22,2,0,0,0,0,29,1,13359,29,0,0,0,60197,69837730136,376376806740
2022-07-29,Z302SYAF,0,28299848,22,0,717926398,60486,22,2,0,0,0,0,29,1,13359,29,0,0,0,60221,69844365784,376632646060
2022-07-30,Z302SYAF,0,188201704,22,0,719033803,60510,22,2,0,0,0,0,29,1,13359,29,0,0,0,60245,69852215320,376778247034
2022-07-31,Z302SYAF,0,42350888,22,0,720711959,60534,22,2,0,0,0,0,29,1,13359,29,0,0,0,60269,69861869672,376934815411
2022-08-01,Z302SYAF,0,136514920,22,0,723104468,60558,22,2,0,0,0,0,30,1,13359,30,0,0,0,60293,69872975144,377096173825
2022-08-02,Z302SYAF,0,187285240,22,0,724759746,60582,22,2,0,0,0,0,30,1,13359,30,0,0,0,60317,69882617976,377224669130
2022-08-03,Z302SYAF,0,21844224,22,0,727420295,60606,22,2,0,0,0,0,28,1,13361,28,0,0,0,60341,69891509216,377390220054
2022-08-04,Z302SYAF,0,13314848,22,0,728973960,60631,22,2,0,0,0,0,27,1,13375,27,0,0,0,60365,69899548848,377603832573
2022-08-05,Z302SYAF,0,20882160,22,0,730169765,60655,22,2,0,0,0,0,29,1,13375,29,0,0,0,60389,69906497456,377794863594
2022-08-06,Z302SYAF,0,143648584,22,0,731275963,60678,22,2,0,0,0,0,27,1,13375,27,0,0,0,60413,69914385800,377954664170
2022-08-07,Z302SYAF,0,89396168,22,0,733130608,60702,22,2,0,0,0,0,28,1,13375,28,0,0,0,60437,69922503848,378153621190
2022-08-08,Z302SYAF,0,85594104,22,0,735575198,60726,22,2,0,0,0,0,29,1,13375,29,0,0,0,60460,69932047040,378361751288
2022-08-09,Z302SYAF,0,94110184,22,0,736843399,60750,22,2,0,0,0,0,27,1,13375,27,0,0,0,60484,69940367592,378549341598
2022-08-10,Z302SYAF,0,92368600,22,0,738464403,60773,22,2,0,0,0,0,29,1,13375,29,0,0,0,60508,69947725352,378639053264
2022-08-11,Z302SYAF,0,192745520,22,0,739831753,60797,22,2,0,0,0,0,28,1,13375,28,0,0,0,60531,69958672720,378767020987
2022-08-12,Z302SYAF,0,98514704,22,0,741805065,60821,22,2,0,0,0,0,29,1,13375,29,0,0,0,60555,69969745096,379091613305
2022-08-13,Z302SYAF,0,150597160,22,0,743128385,60845,22,2,0,0,0,0,29,1,13375,29,0,0,0,60579,69978942856,379338255819
2022-08-14,Z302SYAF,0,16427440,22,0,745107405,60869,22,2,0,0,0,0,29,1,13375,29,0,0,0,60603,69988250856,379665065172
2022-08-15,Z302SYAF,0,132660048,22,0,747806124,60893,22,2,0,0,0,0,29,1,13375,29,0,0,0,60627,69998391632,379886342725
2022-08-16,Z302SYAF,0,189659744,22,0,748995789,60916,22,2,0,0,0,0,29,1,13375,29,0,0,0,60651,70006459080,380098547562
2022-08-17,Z302SYAF,0,25287096,22,0,750387836,60940,22,2,0,0,0,0,28,1,13376,28,0,0,0,60675,70015813888,380214568875
2022-08-18,Z302SYAF,0,79609584,22,0,751901305,60964,22,2,0,0,0,0,29,1,13376,29,0,0,0,60698,70030511312,380491758622
2022-08-19,Z302SYAF,0,61694048,22,0,753008296,60988,22,2,0,0,0,0,28,1,13376,28,0,0,0,60722,70041419512,380678622251
2022-08-20,Z302SYAF,0,46968512,22,0,753765843,61000,22,2,0,0,0,0,28,1,13376,28,0,0,0,60734,70046680968,380824185926
2022-08-21,Z302SYAF,0,78479544,22,0,755905655,61036,22,2,0,0,0,0,29,1,13376,29,0,0,0,60770,70058812584,381218128986
2022-08-22,Z302SYAF,0,990144,22,0,758744222,61060,22,2,0,0,0,0,30,1,13376,30,0,0,0,60794,70068963640,381539000716
2022-08-23,Z302SYAF,0,168374120,22,0,759986602,61084,22,2,0,0,0,0,30,1,13376,30,0,0,0,60818,70077269952,381769532996
2022-08-24,Z302SYAF,0,201753296,22,0,762488855,61107,22,2,0,0,0,0,30,1,13377,30,0,0,0,60842,70090253552,381908486679
2022-08-25,Z302SYAF,0,45306104,22,0,764011743,61131,22,2,0,0,0,0,30,1,13377,30,0,0,0,60865,70102952880,382181223467
2022-08-26,Z302SYAF,0,171794168,22,0,765730707,61155,22,2,0,0,0,0,30,1,13377,30,0,0,0,60889,70111868656,382446109983
2022-08-27,Z302SYAF,0,91685248,22,0,767324806,61179,22,2,0,0,0,0,30,1,13377,30,0,0,0,60913,70122586896,382687602014
2022-08-28,Z302SYAF,0,190926112,22,0,768575267,61203,22,2,0,0,0,0,30,1,13377,30,0,0,0,60937,70134108672,382931910237
2022-08-29,Z302SYAF,0,128318912,22,0,771356548,61227,22,2,0,0,0,0,29,1,13377,29,0,0,0,60961,70146199800,383195021308
2022-08-30,Z302SYAF,0,144673352,22,0,772467373,61251,22,2,0,0,0,0,30,1,13377,30,0,0,0,60985,70156467736,383444058364
2022-08-31,Z302SYAF,0,104781952,22,0,774760777,61274,22,2,0,0,0,0,30,1,13378,30,0,0,0,61009,70166699184,383601180395
2022-09-01,Z302SYAF,0,201877440,22,0,776328993,61298,22,2,0,0,0,0,30,1,13378,30,0,0,0,61033,70187392032,383871328970
2022-09-02,Z302SYAF,0,92354624,22,0,778296448,61322,22,2,0,0,0,0,30,1,13378,30,0,0,0,61056,70206422480,384240702200
2022-09-03,Z302SYAF,0,241842128,22,0,780438589,61346,22,2,0,0,0,0,30,1,13378,30,0,0,0,61080,70220074440,384562163618
2022-09-04,Z302SYAF,0,26301112,22,0,782053373,61370,22,2,0,0,0,0,30,1,13378,30,0,0,0,61104,70233590528,384795082737
2022-09-05,Z302SYAF,0,199987304,22,0,785120608,61394,22,2,0,0,0,0,30,1,13378,30,0,0,0,61128,70249718352,384990823241
2022-09-06,Z302SYAF,0,36958472,22,0,786990438,61418,22,2,0,0,0,0,30,1,13378,30,0,0,0,61152,70262073624,385247297285
2022-09-07,Z302SYAF,0,2670632,22,0,788375845,61442,22,2,0,0,0,0,30,1,13379,30,0,0,0,61176,70274268720,385339425565
2022-09-08,Z302SYAF,0,899992,22,0,790414939,61477,22,2,0,0,0,0,29,1,13381,29,0,0,0,61212,70293626712,385509271508
2022-09-09,Z302SYAF,0,201484216,22,0,791563698,61501,22,2,0,0,0,0,28,1,13381,28,0,0,0,61236,70304064592,385651725423
2022-09-10,Z302SYAF,0,46615176,22,0,792787522,61525,22,2,0,0,0,0,29,1,13381,29,0,0,0,61260,70314269152,385795130798
2022-09-11,Z302SYAF,0,233176720,22,0,795110837,61549,22,2,0,0,0,0,29,1,13381,29,0,0,0,61283,70326568872,385926537704
2022-09-12,Z302SYAF,0,234634672,22,0,798139107,61573,22,2,0,0,0,0,29,1,13381,29,0,0,0,61307,70341235568,386169643793
2022-09-13,Z302SYAF,0,214996992,22,0,799404894,61597,22,2,0,0,0,0,29,1,13381,29,0,0,0,61331,70347775432,386363756176
2022-09-14,Z302SYAF,0,194256728,22,0,801281281,61621,22,2,0,0,0,0,29,1,13394,29,0,0,0,61355,70349048816,386433494152
2022-09-15,Z302SYAF,0,149859872,22,0,802510098,61645,22,2,0,0,0,0,29,1,13395,29,0,0,0,61379,70350647640,386643850288
2022-09-16,Z302SYAF,0,208675560,22,0,803763914,61669,22,2,0,0,0,0,28,1,13395,28,0,0,0,61403,70352083104,386857748105
2022-09-17,Z302SYAF,0,95411464,22,0,804881445,61693,22,2,0,0,0,0,28,1,13395,28,0,0,0,61427,70353536272,387014814283
2022-09-18,Z302SYAF,0,45078312,22,0,807877301,61717,22,2,0,0,0,0,28,1,13396,28,0,0,0,61451,70356551344,387267500958
2022-09-19,Z302SYAF,0,50061984,22,0,809652307,61740,22,2,0,0,0,0,28,1,13397,28,0,0,0,61475,70358023520,387555395324
2022-09-20,Z302SYAF,0,18471888,22,0,811022653,61764,22,2,0,0,0,0,28,1,13397,28,0,0,0,61498,70359142992,387801798641
2022-09-21,Z302SYAF,0,146924608,22,0,812952007,61788,22,2,0,0,0,0,29,1,13402,29,0,0,0,61522,70360285312,387993549910
2022-09-22,Z302SYAF,0,165002448,22,0,814461766,61812,22,2,0,0,0,0,30,1,13402,30,0,0,0,61546,70362035376,388268427860
2022-09-23,Z302SYAF,0,242943648,22,0,815532196,61836,22,2,0,0,0,0,29,1,13402,29,0,0,0,61570,70363596064,388460078436
2022-09-24,Z302SYAF,0,38648520,22,0,816778996,61859,22,2,0,0,0,0,30,1,13402,30,0,0,0,61594,70364892152,388644138984
2022-09-25,Z302SYAF,0,213353960,22,0,819166926,61883,22,2,0,0,0,0,30,1,13402,30,0,0,0,61617,70366403768,388882541106
2022-09-26,Z302SYAF,0,20972480,22,0,821062378,61907,22,2,0,0,0,0,29,1,13402,29,0,0,0,61641,70367825928,389161283303
2022-09-27,Z302SYAF,0,65925904,22,0,822258255,61931,22,2,0,0,0,0,29,1,13402,29,0,0,0,61665,70369337984,389419877063
2022-09-28,Z302SYAF,0,227395984,22,0,823619586,61955,22,2,0,0,0,0,29,0,13422,29,0,0,0,61689,70370861792,389541955323
2022-09-29,Z302SYAF,0,84687704,22,0,824825266,61979,22,2,0,0,0,0,30,0,13422,30,0,0,0,61713,70372469360,389820064480
2022-09-30,Z302SYAF,0,76809032,22,0,826088139,62003,22,2,0,0,0,0,30,0,13422,30,0,0,0,61737,70373816848,390083329105
2022-10-01,Z302SYAF,0,174366968,22,0,826642012,62015,22,2,0,0,0,0,30,0,13422,30,0,0,0,61749,70375425048,390190356918
2022-10-02,Z302SYAF,0,169619024,22,0,830120805,62051,22,2,0,0,0,0,29,0,13422,29,0,0,0,61785,70378320872,390625552263
2022-10-03,Z302SYAF,0,198495096,22,0,832495393,62074,22,2,0,0,0,0,30,0,13422,30,0,0,0,61808,70380001736,390898319432
2022-10-04,Z302SYAF,0,184748656,22,0,833587083,62098,22,2,0,0,0,0,30,0,13422,30,0,0,0,61832,70381685760,391147073994
2022-10-05,Z302SYAF,0,17775904,22,0,835766378,62122,22,2,0,0,0,0,29,0,13428,29,0,0,0,61856,70382974496,391297124187
2022-10-06,Z302SYAF,0,114505696,22,0,836228265,62134,22,2,0,0,0,0,30,0,13428,30,0,0,0,61868,70383823296,391408937043
2022-10-07,Z302SYAF,0,190301064,22,0,837215178,62157,22,2,0,0,0,0,30,0,13430,30,0,0,0,61891,70385098664,391648504768
2022-10-08,Z302SYAF,0,212364568,22,0,838156123,62181,22,2,0,0,0,0,30,0,13438,30,0,0,0,61915,70386282208,391886890348
2022-10-09,Z302SYAF,0,175582576,22,0,842448798,62205,22,2,0,0,0,0,30,0,13438,30,0,0,0,61939,70386567288,392767025627
2022-10-10,Z302SYAF,0,242473120,22,0,848551111,62241,22,2,0,0,0,0,27,0,13438,27,0,0,0,61975,70389401712,393459558457
2022-10-11,Z302SYAF,0,132390512,22,0,850631358,62265,22,2,0,0,0,0,28,0,13438,28,0,0,0,61999,70390856392,393777005304
2022-10-12,Z302SYAF,0,20314648,22,0,851313886,62277,22,2,0,0,0,0,28,0,13446,28,0,0,0,62011,70391592488,393810059009
2022-10-13,Z302SYAF,0,175466832,22,0,853364195,62312,22,2,0,0,0,0,28,0,13451,28,0,0,0,62046,70394165400,394100430769
2022-10-14,Z302SYAF,0,110996704,22,0,855096171,62336,22,2,0,0,0,0,28,0,13451,28,0,0,0,62070,70395562224,394350286758
2022-10-15,Z302SYAF,0,126265072,22,0,855881333,62360,22,2,0,0,0,0,29,0,13451,29,0,0,0,62094,70396829736,394459587387
2022-10-16,Z302SYAF,0,26923024,22,0,857968670,62384,22,2,0,0,0,0,29,0,13451,29,0,0,0,62118,70398166928,394628028413
2022-10-17,Z302SYAF,0,203642624,22,0,860032284,62408,22,2,0,0,0,0,29,0,13451,29,0,0,0,62142,70399807408,394788486567
2022-10-18,Z302SYAF,0,172675424,22,0,860875206,62432,22,2,0,0,0,0,28,0,13451,28,0,0,0,62166,70401140584,394895526328
2022-10-19,Z302SYAF,0,101268808,22,0,863493637,62456,22,2,0,0,0,0,28,0,13455,28,0,0,0,62190,70402523704,395048787189
2022-10-20,Z302SYAF,0,179179512,22,0,864707590,62480,22,2,0,0,0,0,27,0,13455,27,0,0,0,62214,70403841560,395245577007
2022-10-21,Z302SYAF,0,91844888,22,0,865972877,62504,22,2,0,0,0,0,27,0,13455,27,0,0,0,62238,70405364248,395464091610
2022-10-22,Z302SYAF,0,102152520,22,0,867134613,62528,22,2,0,0,0,0,28,0,13455,28,0,0,0,62262,70406726912,395654171533
2022-10-23,Z302SYAF,0,122482680,22,0,869410377,62552,22,2,0,0,0,0,28,0,13456,28,0,0,0,62286,70408827992,395877216244
2022-10-24,Z302SYAF,0,170054576,22,0,871493819,62576,22,2,0,0,0,0,29,0,13456,29,0,0,0,62309,70410090624,396107162980
2022-10-25,Z302SYAF,0,139273616,22,0,873026343,62600,22,2,0,0,0,0,28,0,13457,28,0,0,0,62333,70411286520,396375011342
2022-10-26,Z302SYAF,0,242333808,22,0,874784486,62623,22,2,0,0,0,0,27,0,13470,27,0,0,0,62357,70412618728,396487403137
2022-10-27,Z302SYAF,0,88854424,22,0,876346910,62647,22,2,0,0,0,0,29,0,13472,29,0,0,0,62381,70413670808,396673598109
2022-10-28,Z302SYAF,0,29191136,22,0,877492845,62671,22,2,0,0,0,0,30,0,13472,30,0,0,0,62405,70415010696,396946295574
2022-10-29,Z302SYAF,0,29448168,22,0,879477715,62695,22,2,0,0,0,0,30,0,13472,30,0,0,0,62429,70415971672,397239166095
2022-10-30,Z302SYAF,0,212738000,22,0,881161346,62719,22,2,0,0,0,0,27,0,13472,27,0,0,0,62453,70416951192,397444020550
2022-10-31,Z302SYAF,0,124022656,22,0,883153955,62743,22,2,0,0,0,0,27,0,13472,27,0,0,0,62477,70418158152,397631183978
2022-11-01,Z302SYAF,0,139365048,22,0,884287926,62767,22,2,0,0,0,0,30,0,13472,30,0,0,0,62501,70419198872,397842519924
2022-11-02,Z302SYAF,0,238816296,22,0,885685655,62791,22,2,0,0,0,0,29,0,13480,29,0,0,0,62524,70420951568,397960622561
2022-11-03,Z302SYAF,0,32386792,22,0,886877635,62814,22,2,0,0,0,0,28,0,13480,28,0,0,0,62548,70422643752,398212989818
2022-11-04,Z302SYAF,0,204271368,22,0,887969823,62838,22,2,0,0,0,0,28,0,13480,28,0,0,0,62572,70423688792,398464320220
2022-11-05,Z302SYAF,0,131689568,22,0,889158643,62862,22,2,0,0,0,0,30,0,13480,30,0,0,0,62596,70424632456,398746217430
2022-11-06,Z302SYAF,0,101244304,22,0,893982258,62886,22,2,0,0,0,0,30,0,13480,30,0,0,0,62619,70424862136,399667782309
2022-11-07,Z302SYAF,0,140738920,22,0,898363677,62909,22,2,0,0,0,0,29,0,13513,29,0,0,0,62643,70425156176,400032291832
2022-11-08,Z302SYAF,0,14600104,22,0,900128412,62933,22,2,0,0,0,0,30,0,13526,30,0,0,0,62667,70456783456,400280989152
2022-11-09,Z302SYAF,0,117634048,22,0,901993010,62957,22,2,0,0,0,0,29,0,13540,29,0,0,0,62690,70457902488,400431464148
2022-11-10,Z302SYAF,0,111407888,22,0,903440337,62981,22,2,0,0,0,0,30,0,13540,30,0,0,0,62714,70459232632,400703979089
2022-11-11,Z302SYAF,0,138827192,22,0,905260585,63005,22,2,0,0,0,0,29,0,13540,29,0,0,0,62738,70460174872,400972985246
2022-11-12,Z302SYAF,0,199759840,22,0,906252083,63028,22,2,0,0,0,0,29,0,13542,29,0,0,0,62762,70461066328,401211723469
2022-11-13,Z302SYAF,0,77814608,22,0,907543513,63052,22,2,0,0,0,0,30,0,13542,30,0,0,0,62785,70461982872,401453814442
2022-11-14,Z302SYAF,0,153997640,22,0,910074194,63076,22,2,0,0,0,0,29,0,13542,29,0,0,0,62809,70463022408,401720463985
2022-11-15,Z302SYAF,0,242612856,22,0,911154618,63099,22,2,0,0,0,0,30,0,13548,30,0,0,0,62833,70464205584,401997490689
2022-11-16,Z302SYAF,0,111018024,22,0,913255661,63123,22,2,0,0,0,0,30,0,13551,30,0,0,0,62856,70465520264,402188454162
2022-11-17,Z302SYAF,0,160959432,22,0,917057496,63159,22,2,0,0,0,0,30,0,13552,30,0,0,0,62892,70466682632,402366895712
2022-11-18,Z302SYAF,0,216918864,22,0,919002862,63171,22,2,0,0,0,0,30,0,13552,30,0,0,0,62904,70467027728,402413442936
2022-11-19,Z302SYAF,0,205061808,22,0,922536023,63194,22,2,0,0,0,0,28,0,13552,28,0,0,0,62928,70470033464,402507636622
2022-11-20,Z302SYAF,0,49234944,22,0,924545069,63218,22,2,0,0,0,0,31,0,13554,31,0,0,0,62951,70471315416,402855058743
2022-11-21,Z302SYAF,0,133370368,22,0,927674495,63242,22,2,0,0,0,0,30,0,13554,30,0,0,0,62975,70472185568,403116236386
2022-11-22,Z302SYAF,0,82232040,22,0,928980906,63265,22,2,0,0,0,0,30,0,13554,30,0,0,0,62999,70473062808,403312889870
2022-11-23,Z302SYAF,0,30517848,22,0,930525530,63289,22,2,0,0,0,0,30,0,13578,30,0,0,0,63022,70473821416,403425913495
2022-11-24,Z302SYAF,0,66382392,22,0,932741374,63313,22,2,0,0,0,0,31,0,13579,31,0,0,0,63046,70513499088,403652525538
2022-11-25,Z302SYAF,0,15836680,22,0,933591445,63337,22,2,0,0,0,0,30,0,13580,30,0,0,0,63070,70514427112,403772744847
2022-11-26,Z302SYAF,0,155533464,22,0,935515212,63361,22,2,0,0,0,0,30,0,13580,30,0,0,0,63094,70515411744,403922662652
2022-11-27,Z302SYAF,0,154883008,22,0,936627065,63384,22,2,0,0,0,0,30,0,13580,30,0,0,0,63118,70516375560,404073592271
2022-11-28,Z302SYAF,0,90344848,22,0,939133956,63408,22,2,0,0,0,0,30,0,13580,30,0,0,0,63141,70517498936,404202908049
2022-11-29,Z302SYAF,0,21858448,22,0,940921840,63432,22,2,0,0,0,0,30,0,13580,30,0,0,0,63165,70518469760,404427634739
2022-11-30,Z302SYAF,0,107680896,22,0,942329215,63455,22,2,0,0,0,0,30,0,13586,30,0,0,0,63189,70519293192,404533715495
2022-12-01,Z302SYAF,0,64914352,22,0,943606681,63479,22,2,0,0,0,0,30,0,13588,30,0,0,0,63212,70520027472,404735568327
2022-12-02,Z302SYAF,0,93643032,22,0,944616908,63503,22,2,0,0,0,0,30,0,13589,30,0,0,0,63236,70521067344,404906701203
2022-12-03,Z302SYAF,0,116184552,22,0,945820312,63527,22,2,0,0,0,0,30,0,13589,30,0,0,0,63260,70522408704,405103212841
2022-12-04,Z302SYAF,0,58854272,22,0,947071784,63550,22,2,0,0,0,0,30,0,13590,30,0,0,0,63284,70523456000,405312050875
2022-12-05,Z302SYAF,0,32950344,22,0,951103024,63586,22,2,0,0,0,0,30,0,13590,30,0,0,0,63319,70525068752,405749842480
2022-12-06,Z302SYAF,0,200768608,22,0,952296992,63610,22,2,0,0,0,0,30,0,13590,30,0,0,0,63343,70526112912,405996118917
2022-12-07,Z302SYAF,0,114757752,22,0,953425112,63634,22,2,0,0,0,0,30,0,13673,30,0,0,0,63367,70526777936,406147587705
2022-12-08,Z302SYAF,0,195299024,22,0,954902760,63657,22,2,0,0,0,0,31,0,13674,31,0,0,0,63390,70527674208,406432671251
2022-12-09,Z302SYAF,0,230559552,22,0,955922105,63681,22,2,0,0,0,0,30,0,13674,30,0,0,0,63414,70528753592,406622280448
2022-12-11,Z302SYAF,0,199654488,22,0,959510103,63729,22,2,0,0,0,0,30,0,13674,30,0,0,0,63461,70531555728,407022228139
2022-12-11,Z302SYAF,0,199654488,22,0,959510103,63729,22,2,0,0,0,0,30,0,13674,30,0,0,0,63461,70531555728,407022228139
2022-12-12,Z302SYAF,0,15168160,22,0,961435193,63752,22,2,0,0,0,0,30,0,13674,30,0,0,0,63485,70532734648,407306399308
2022-12-13,Z302SYAF,0,45274568,22,0,962482817,63776,22,2,0,0,0,0,30,0,13674,30,0,0,0,63509,70533831696,407539607445
2022-12-14,Z302SYAF,0,111117800,22,0,964819151,63800,22,2,0,0,0,0,30,0,13676,30,0,0,0,63533,70535321624,407721194973
2022-12-15,Z302SYAF,0,5157872,22,0,966087370,63824,22,2,0,0,0,0,30,0,13677,30,0,0,0,63557,70536560328,408003488433
2022-12-16,Z302SYAF,0,78864368,22,0,967240530,63848,22,2,0,0,0,0,30,0,13677,30,0,0,0,63581,70537540568,408232018024
2022-12-17,Z302SYAF,0,89908992,22,0,969452450,63872,22,2,0,0,0,0,30,0,13678,30,0,0,0,63605,70538516112,408549384864
2022-12-18,Z302SYAF,0,166508552,22,0,972271148,63896,22,2,0,0,0,0,30,0,13678,30,0,0,0,63628,70539692848,408819331121
2022-12-19,Z302SYAF,0,89156552,22,0,973964664,63919,22,2,0,0,0,0,27,0,13680,27,0,0,0,63652,70540743864,409070405723
2022-12-20,Z302SYAF,0,36734816,22,0,974922857,63943,22,2,0,0,0,0,27,0,13680,27,0,0,0,63676,70542467912,409304427136
2022-12-21,Z302SYAF,0,12105392,22,0,976550969,63967,22,2,0,0,0,0,28,0,13696,28,0,0,0,63700,70543291464,409454850569
2022-12-22,Z302SYAF,0,26267336,22,0,977566933,63991,22,2,0,0,0,0,28,0,13697,28,0,0,0,63723,70544452336,409709295568
2022-12-23,Z302SYAF,0,236114040,22,0,978664859,64015,22,2,0,0,0,0,27,0,13697,27,0,0,0,63747,70545566928,410036107841
2022-12-24,Z302SYAF,0,126122312,22,0,980749606,64039,22,2,0,0,0,0,28,0,13698,28,0,0,0,63771,70547136664,410394749260
2022-12-25,Z302SYAF,0,146943248,22,0,982685852,64062,22,2,0,0,0,0,28,0,13698,28,0,0,0,63795,70548373920,410632162880
2022-12-26,Z302SYAF,0,37074152,22,0,985046993,64086,22,2,0,0,0,0,28,0,13698,28,0,0,0,63819,70549648376,410818657717
2022-12-27,Z302SYAF,0,198333952,22,0,986939031,64110,22,2,0,0,0,0,27,0,13698,27,0,0,0,63843,70551100800,411092096019
2022-12-28,Z302SYAF,0,180236080,22,0,988606178,64134,22,2,0,0,0,0,27,0,13706,27,0,0,0,63867,70552232616,411167038843
2022-12-29,Z302SYAF,0,162848688,22,0,990469785,64158,22,2,0,0,0,0,27,0,13707,27,0,0,0,63891,70553834960,411273535807
2022-12-30,Z302SYAF,0,156905128,22,0,991611023,64181,22,2,0,0,0,0,27,0,13707,27,0,0,0,63914,70555347992,411427302127
2022-12-31,Z302SYAF,0,142084656,22,0,992432315,64205,22,2,0,0,0,0,28,0,13707,28,0,0,0,63938,70556582776,411526573667
