2022-01-01,Z302F3WR,0,70937488,22,0,517403452,60473,22,0,0,0,0,0,16,5,51533,16,0,0,0,60297,73763786208,371970788246
2022-01-02,Z302F3WR,0,114303616,22,0,519223031,60496,22,0,0,0,0,0,16,5,51533,16,0,0,0,60320,73788514408,372110966611
2022-01-03,Z302F3WR,0,149513080,22,0,521035268,60520,22,0,0,0,0,0,16,5,51533,16,0,0,0,60344,73801510200,372220315646
2022-01-04,Z302F3WR,0,212079736,22,0,523001422,60544,22,0,0,0,0,0,16,5,51533,16,0,0,0,60368,73810537576,372453953653
2022-01-05,Z302F3WR,0,165989552,22,0,524465600,60567,22,0,0,0,0,0,16,5,51533,16,0,0,0,60392,73821409600,372617715491
2022-01-06,Z302F3WR,0,100507952,22,0,525939786,60591,22,0,0,0,0,0,16,5,51533,16,0,0,0,60415,73828801960,377083686353
2022-01-07,Z302F3WR,0,214028048,22,0,528437333,60615,22,0,0,0,0,0,16,5,51533,16,0,0,0,60439,73837075960,377228871371
2022-01-08,Z302F3WR,0,175641296,22,0,529979136,60639,22,0,0,0,0,0,16,5,51533,16,0,0,0,60463,73846053992,381650911690
2022-01-09,Z302F3WR,0,101924720,22,0,531948964,60662,22,0,0,0,0,0,16,5,51533,16,0,0,0,60487,73855521096,381816451686
2022-01-10,Z302F3WR,0,215787936,22,0,533695568,60686,22,0,0,0,0,0,16,5,51533,16,0,0,0,60510,73863683472,381936921665
2022-01-11,Z302F3WR,0,233790560,22,0,535252253,60710,22,0,0,0,0,0,16,5,51533,16,0,0,0,60534,73873694656,382159706482
2022-01-12,Z302F3WR,0,144591560,22,0,536658160,60734,22,0,0,0,0,0,16,5,51533,16,0,0,0,60558,73883432704,382360700985
2022-01-13,Z302F3WR,0,5072744,22,0,538083063,60757,22,0,0,0,0,0,16,5,51533,16,0,0,0,60581,73894986744,382564440663
2022-01-14,Z302F3WR,0,204998264,22,0,541052509,60781,22,0,0,0,0,0,16,5,51533,16,0,0,0,60605,73906378328,382777211480
2022-01-15,Z302F3WR,0,102714472,22,0,542703643,60804,22,0,0,0,0,0,16,5,51533,16,0,0,0,60628,73918985936,382977282025
2022-01-16,Z302F3WR,0,65115352,22,0,544250602,60828,22,0,0,0,0,0,16,5,51533,16,0,0,0,60652,73929908672,383167754550
2022-01-17,Z302F3WR,0,58915632,22,0,546174023,60852,22,0,0,0,0,0,16,5,51533,16,0,0,0,60676,73941137144,383248807367
2022-01-18,Z302F3WR,0,83626520,22,0,547759437,60875,22,0,0,0,0,0,16,5,51533,16,0,0,0,60699,73949894472,383479268240
2022-01-19,Z302F3WR,0,82867528,22,0,549624290,60899,22,0,0,0,0,0,17,5,51533,17,0,0,0,60723,73959749184,383738104723
2022-01-20,Z302F3WR,0,225163920,22,0,551160637,60922,22,0,0,0,0,0,17,5,51533,17,0,0,0,60746,73969793224,383975809197
2022-01-21,Z302F3WR,0,52002936,22,0,552934118,60946,22,0,0,0,0,0,17,5,51533,17,0,0,0,60770,73982688728,384213358678
2022-01-22,Z302F3WR,0,226258032,22,0,555577884,60969,22,0,0,0,0,0,17,5,51533,17,0,0,0,60793,73997587872,384443370212
2022-01-23,Z302F3WR,0,216752312,22,0,557280212,60993,22,0,0,0,0,0,17,5,51533,17,0,0,0,60817,74012470408,388951680984
2022-01-24,Z302F3WR,0,194130048,22,0,558900946,61017,22,0,0,0,0,0,17,5,51533,17,0,0,0,60841,74034767168,389008818494
2022-01-25,Z302F3WR,0,47891600,22,0,560348698,61040,22,0,0,0,0,0,17,5,51533,17,0,0,0,60864,74048078296,389158569480
2022-01-26,Z302F3WR,0,195414672,22,0,563640270,61075,22,0,0,0,0,0,17,5,51533,17,0,0,0,60899,74075515272,389618122689
2022-01-27,Z302F3WR,0,68450328,22,0,566781945,61099,22,0,0,0,0,0,17,5,51533,17,0,0,0,60923,74094617792,389819971867
2022-01-28,Z302F3WR,0,38563344,22,0,570009755,61123,22,0,0,0,0,0,17,5,51533,17,0,0,0,60947,74108211000,390138647035
2022-01-29,Z302F3WR,0,113934680,22,0,571740601,61146,22,0,0,0,0,0,17,5,51533,17,0,0,0,60970,74125340240,390411214844
2022-01-30,Z302F3WR,0,169723648,22,0,573495670,61170,22,0,0,0,0,0,17,5,51533,17,0,0,0,60994,74143259296,390619684585
2022-01-31,Z302F3WR,0,152436424,22,0,575616342,61194,22,0,0,0,0,0,17,5,51533,17,0,0,0,61018,74161263072,390786186094
2022-02-01,Z302F3WR,0,174606000,22,0,577321709,61217,22,0,0,0,0,0,16,5,51533,16,0,0,0,61041,74179609432,391089615693
2022-02-02,Z302F3WR,0,79259432,22,0,579130176,61241,22,0,0,0,0,0,16,5,51533,16,0,0,0,61065,74197737280,391390828539
2022-02-03,Z302F3WR,0,17447024,22,0,580508144,61264,22,0,0,0,0,0,16,5,51533,16,0,0,0,61088,74213604688,391598986161
2022-02-04,Z302F3WR,0,66771792,22,0,583253110,61288,22,0,0,0,0,0,16,5,51533,16,0,0,0,61112,74235942864,391873668085
2022-02-05,Z302F3WR,0,32698152,22,0,585504196,61312,22,0,0,0,0,0,16,5,51533,16,0,0,0,61136,74255020272,392148363197
2022-02-06,Z302F3WR,0,146265816,22,0,587021262,61335,22,0,0,0,0,0,15,5,51533,15,0,0,0,61159,74270230960,392336725864
2022-02-07,Z302F3WR,0,241329664,22,0,588836016,61359,22,0,0,0,0,0,16,5,51533,16,0,0,0,61183,74285460504,392437859594
2022-02-08,Z302F3WR,0,128231264,22,0,590629275,61382,22,0,0,0,0,0,15,5,51533,15,0,0,0,61206,74299080904,392688116477
2022-02-09,Z302F3WR,0,145389824,22,0,593182155,61406,22,0,0,0,0,0,16,5,51533,16,0,0,0,61230,74316267336,392933127605
2022-02-10,Z302F3WR,0,206117680,22,0,594943286,61430,22,0,0,0,0,0,16,5,51533,16,0,0,0,61254,74332679352,393178208957
2022-02-11,Z302F3WR,0,137516968,22,0,597925096,61453,22,0,0,0,0,0,16,5,51533,16,0,0,0,61278,74351520296,397733503065
2022-02-12,Z302F3WR,0,67558520,22,0,599281741,61477,22,0,0,0,0,0,15,5,51533,15,0,0,0,61301,74368207576,397945443585
2022-02-13,Z302F3WR,0,190748264,22,0,600374800,61501,22,0,0,0,0,0,16,5,51533,16,0,0,0,61325,74385010768,398130779648
2022-02-14,Z302F3WR,0,153424640,22,0,602200266,61525,22,0,0,0,0,0,16,5,51533,16,0,0,0,61349,74401582968,398205568536
2022-02-15,Z302F3WR,0,158097960,22,0,603328202,61549,22,0,0,0,0,0,16,5,51533,16,0,0,0,61373,74415149640,398414286116
2022-02-16,Z302F3WR,0,209285712,22,0,605265442,61572,22,0,0,0,0,0,15,5,51533,15,0,0,0,61396,74430613024,398706572549
2022-02-17,Z302F3WR,0,112688168,22,0,607735123,61596,22,0,0,0,0,0,16,5,51533,16,0,0,0,61420,74447172784,399018504059
2022-02-18,Z302F3WR,0,92503184,22,0,609660762,61620,22,0,0,0,0,0,15,5,51533,15,0,0,0,61444,74453952560,399278265090
2022-02-19,Z302F3WR,0,178282408,22,0,611277949,61643,22,0,0,0,0,0,15,5,51533,15,0,0,0,61467,74464132064,399472573887
2022-02-20,Z302F3WR,0,173088664,22,0,612960226,61667,22,0,0,0,0,0,15,5,51533,15,0,0,0,61491,74468665544,399678192616
2022-02-21,Z302F3WR,0,63448104,22,0,614648813,61691,22,0,0,0,0,0,15,5,51533,15,0,0,0,61515,74473568256,404026588118
2022-02-22,Z302F3WR,0,214042296,22,0,616311019,61714,22,0,0,0,0,0,15,5,51533,15,0,0,0,61538,74477788016,404210604402
2022-02-23,Z302F3WR,0,15191904,22,0,617627036,61738,22,0,0,0,0,0,16,5,51533,16,0,0,0,61562,74487906400,404363573357
2022-02-24,Z302F3WR,0,132978784,22,0,619081878,61762,22,0,0,0,0,0,16,5,51533,16,0,0,0,61586,74494395632,408811311113
2022-02-25,Z302F3WR,0,118407136,22,0,622741082,61785,22,0,0,0,0,0,16,5,51533,16,0,0,0,61609,74502413192,408963320400
2022-02-26,Z302F3WR,0,241100120,22,0,625872221,61809,22,0,0,0,0,0,16,5,51533,16,0,0,0,61633,74507972272,413465713257
2022-02-27,Z302F3WR,0,60327840,22,0,627253946,61833,22,0,0,0,0,0,16,5,51533,16,0,0,0,61657,74514087104,413658709427
2022-02-28,Z302F3WR,0,197379584,22,0,629535586,61857,22,0,0,0,0,0,15,5,51533,15,0,0,0,61681,74518375424,413800111412
2022-03-01,Z302F3WR,0,176704664,22,0,630866401,61880,22,0,0,0,0,0,16,5,51533,16,0,0,0,61704,74524760296,413989565329
2022-03-02,Z302F3WR,0,59320496,22,0,632200641,61904,22,0,0,0,0,0,16,5,51533,16,0,0,0,61728,74529632864,414171242511
2022-03-03,Z302F3WR,0,144661280,22,0,634309911,61940,22,0,0,0,0,0,16,5,51533,16,0,0,0,61764,74537652560,414458436825
2022-03-04,Z302F3WR,0,58300368,22,0,636558375,61963,22,0,0,0,0,0,16,5,51533,16,0,0,0,61787,74543912336,414692558164
2022-03-05,Z302F3WR,0,179906424,22,0,638315684,61987,22,0,0,0,0,0,16,5,51533,16,0,0,0,61811,74550001456,414957724210
2022-03-06,Z302F3WR,0,24335856,22,0,640182064,62011,22,0,0,0,0,0,15,5,51533,15,0,0,0,61835,74559129840,415125874269
2022-03-07,Z302F3WR,0,152223576,22,0,642068535,62034,22,0,0,0,0,0,16,5,51533,16,0,0,0,61858,74567839656,415262669895
2022-03-08,Z302F3WR,0,237627032,22,0,643636700,62058,22,0,0,0,0,0,16,5,51533,16,0,0,0,61882,74581751432,419820428351
2022-03-09,Z302F3WR,0,125041624,22,0,644813921,62082,22,0,0,0,0,0,16,5,51533,16,0,0,0,61906,74590634912,420007179609
2022-03-10,Z302F3WR,0,144848000,22,0,646535068,62105,22,0,0,0,0,0,16,5,51533,16,0,0,0,61929,74609374168,420228451082
2022-03-11,Z302F3WR,0,152179336,22,0,648589682,62129,22,0,0,0,0,0,16,5,51533,16,0,0,0,61953,74620734392,420519445731
2022-03-12,Z302F3WR,0,206383576,22,0,650549115,62153,22,0,0,0,0,0,16,5,51533,16,0,0,0,61977,74633122680,420804221954
2022-03-13,Z302F3WR,0,3398024,22,0,651936752,62176,22,0,0,0,0,0,15,5,51533,15,0,0,0,62000,74644920848,420921233369
2022-03-14,Z302F3WR,0,50766824,22,0,654014875,62200,22,0,0,0,0,0,16,5,51533,16,0,0,0,62024,74657249424,421071254278
2022-03-15,Z302F3WR,0,29082312,22,0,655706702,62223,22,0,0,0,0,0,16,5,51533,16,0,0,0,62047,74668163920,421337953880
2022-03-16,Z302F3WR,0,163574032,22,0,657400827,62247,22,0,0,0,0,0,15,5,51533,15,0,0,0,62071,74684703184,421632811523
2022-03-17,Z302F3WR,0,30207800,23,0,658760049,62271,23,0,0,0,0,0,16,5,51534,16,0,0,0,62095,74697024320,421866580862
2022-03-18,Z302F3WR,0,123979072,23,0,662111306,62294,23,0,0,0,0,0,16,5,51534,16,0,0,0,62119,74710871192,422225019609
2022-03-19,Z302F3WR,0,186205832,23,0,664221519,62318,23,0,0,0,0,0,16,5,51534,16,0,0,0,62142,74724676040,422514973342
2022-03-20,Z302F3WR,0,167167720,23,0,665717392,62342,23,0,0,0,0,0,15,5,51534,15,0,0,0,62166,74754763824,422707551724
2022-03-21,Z302F3WR,0,85075064,23,0,666931800,62365,23,0,0,0,0,0,16,5,51534,16,0,0,0,62189,74769742936,422752408371
2022-03-22,Z302F3WR,0,218131696,23,0,670937306,62389,23,0,0,0,0,0,16,5,51534,16,0,0,0,62213,74774877424,422940973865
2022-03-23,Z302F3WR,0,26982800,23,0,673667294,62412,23,0,0,0,0,0,15,5,51534,15,0,0,0,62236,74788916616,423209501309
2022-03-24,Z302F3WR,0,1454864,23,0,675202088,62436,23,0,0,0,0,0,16,5,51534,16,0,0,0,62260,74800358784,427742454598
2022-03-25,Z302F3WR,0,208540256,23,0,678050732,62459,23,0,0,0,0,0,16,5,51534,16,0,0,0,62283,74818828304,428005476826
2022-03-26,Z302F3WR,0,199482584,23,0,680940534,62483,23,0,0,0,0,0,16,5,51534,16,0,0,0,62307,74829458968,428279719794
2022-03-27,Z302F3WR,0,179039624,23,0,682333322,62506,23,0,0,0,0,0,16,5,51534,16,0,0,0,62331,74841628936,428482465505
2022-03-28,Z302F3WR,0,2601240,23,0,684084719,62530,23,0,0,0,0,0,15,5,51534,15,0,0,0,62354,74853093616,428531066436
2022-03-29,Z302F3WR,0,221757016,23,0,685372418,62553,23,0,0,0,0,0,16,5,51534,16,0,0,0,62378,74866487664,428740901423
2022-03-30,Z302F3WR,0,144938960,23,0,686165754,62577,23,0,0,0,0,0,16,5,51534,16,0,0,0,62401,74878133480,428913464122
2022-03-31,Z302F3WR,0,141489496,23,0,687727701,62612,23,0,0,0,0,0,16,5,51534,16,0,0,0,62436,74898361880,429222419259
2022-04-01,Z302F3WR,0,159612496,23,0,690256760,62636,23,0,0,0,0,0,16,5,51534,16,0,0,0,62460,74907927384,429530694842
2022-04-02,Z302F3WR,0,130225848,23,0,692637381,62659,23,0,0,0,0,0,16,5,51534,16,0,0,0,62484,74917422440,429853068416
2022-04-03,Z302F3WR,0,81912728,23,0,694800776,62683,23,0,0,0,0,0,16,5,51534,16,0,0,0,62507,74926751472,434335675867
2022-04-04,Z302F3WR,0,241617520,23,0,696399757,62707,23,0,0,0,0,0,16,5,51534,16,0,0,0,62531,74937408896,434435515707
2022-04-05,Z302F3WR,0,197696296,23,0,698022411,62731,23,0,0,0,0,0,16,5,51534,16,0,0,0,62555,74948315472,438915032544
2022-04-06,Z302F3WR,0,86568360,23,0,699899348,62754,23,0,0,0,0,0,16,5,51534,16,0,0,0,62578,74956491800,439161589988
2022-04-07,Z302F3WR,0,190169216,23,0,701218640,62778,23,0,0,0,0,0,16,5,51534,16,0,0,0,62602,74965618216,439300853272
2022-04-08,Z302F3WR,0,23628504,23,0,704259381,62801,23,0,0,0,0,0,16,5,51534,16,0,0,0,62626,74980654712,439527604393
2022-04-09,Z302F3WR,0,145283904,23,0,705929235,62825,23,0,0,0,0,0,16,5,51534,16,0,0,0,62649,74990084320,439658848312
2022-04-10,Z302F3WR,0,153489992,23,0,707074030,62848,23,0,0,0,0,0,16,5,51534,16,0,0,0,62673,75001174136,439730996775
2022-04-11,Z302F3WR,0,18488472,23,0,708908061,62872,23,0,0,0,0,0,16,5,51534,16,0,0,0,62696,75019086136,439816418540
2022-04-12,Z302F3WR,0,183113624,23,0,710792667,62896,23,0,0,0,0,0,16,5,51534,16,0,0,0,62720,75034134072,440009575538
2022-04-13,Z302F3WR,0,106764752,23,0,712354138,62919,23,0,0,0,0,0,16,5,51534,16,0,0,0,62743,75050114912,440239545176
2022-04-14,Z302F3WR,0,151672528,23,0,713657585,62943,23,0,0,0,0,0,16,5,51534,16,0,0,0,62767,75060410816,440431127364
2022-04-15,Z302F3WR,0,133803448,23,0,716278887,62966,23,0,0,0,0,0,16,5,51534,16,0,0,0,62790,75069746744,440659003219
2022-04-16,Z302F3WR,0,18381080,23,0,720773560,62990,23,0,0,0,0,0,16,5,51534,16,0,0,0,62814,75080279664,440907967468
2022-04-17,Z302F3WR,0,56090248,23,0,722031395,63013,23,0,0,0,0,0,16,5,51534,16,0,0,0,62838,75095426552,441058828400
2022-04-18,Z302F3WR,0,108577720,23,0,723392067,63037,23,0,0,0,0,0,16,5,51534,16,0,0,0,62861,75103953216,441103764065
2022-04-19,Z302F3WR,0,5745536,23,0,725069005,63060,23,0,0,0,0,0,16,5,51534,16,0,0,0,62885,75114084640,441259484728
2022-04-20,Z302F3WR,0,23580808,23,0,726628598,63084,23,0,0,0,0,0,16,5,51534,16,0,0,0,62908,75127128616,441485938847
2022-04-21,Z302F3WR,0,155316520,23,0,728283858,63107,23,0,0,0,0,0,16,5,51534,16,0,0,0,62932,75136381248,441728780303
2022-04-22,Z302F3WR,0,219814712,23,0,730775213,63131,23,0,0,0,0,0,16,5,51534,16,0,0,0,62955,75148148176,441977281377
2022-04-23,Z302F3WR,0,148137456,23,0,732787196,63155,23,0,0,0,0,0,16,5,51534,16,0,0,0,62979,75158529536,442204323732
2022-04-24,Z302F3WR,0,212726832,23,0,734133697,63178,23,0,0,0,0,0,16,5,51534,16,0,0,0,63002,75170250584,442382710078
2022-04-25,Z302F3WR,0,230315888,23,0,736201872,63202,23,0,0,0,0,0,16,5,51534,16,0,0,0,63026,75182359888,442464050116
2022-04-26,Z302F3WR,0,27986120,23,0,737783071,63225,23,0,0,0,0,0,16,5,51534,16,0,0,0,63050,75191084240,442724473937
2022-04-27,Z302F3WR,0,26456440,23,0,740063599,63261,23,0,0,0,0,0,16,5,51534,16,0,0,0,63085,75207045744,443070620659
2022-04-28,Z302F3WR,0,199766376,23,0,741743893,63284,23,0,0,0,0,0,16,5,51534,16,0,0,0,63109,75215695944,443338310469
2022-04-29,Z302F3WR,0,11886976,23,0,743675758,63308,23,0,0,0,0,0,16,5,51534,16,0,0,0,63132,75228969296,443605312160
2022-04-30,Z302F3WR,0,150532632,23,0,745395579,63332,23,0,0,0,0,0,16,5,51534,16,0,0,0,63156,75246910392,443922416444
2022-05-01,Z302F3WR,0,42905240,23,0,746897869,63355,23,0,0,0,0,0,16,5,51534,16,0,0,0,63179,75258583160,444104359127
2022-05-02,Z302F3WR,0,83659960,23,0,749211056,63379,23,0,0,0,0,0,16,5,51534,16,0,0,0,63203,75268060296,444200250077
2022-05-03,Z302F3WR,0,49200192,23,0,751078834,63402,23,0,0,0,0,0,16,5,51534,16,0,0,0,63227,75279951384,444520692526
2022-05-04,Z302F3WR,0,63725240,23,0,752535823,63426,23,0,0,0,0,0,16,5,51534,16,0,0,0,63250,75291064792,444758937465
2022-05-05,Z302F3WR,0,55296768,23,0,754025237,63450,23,0,0,0,0,0,16,5,51534,16,0,0,0,63274,75300939632,445009985208
2022-05-06,Z302F3WR,0,209803360,23,0,756334497,63473,23,0,0,0,0,0,16,5,51534,16,0,0,0,63298,75311754656,445269094265
2022-05-07,Z302F3WR,0,78162800,23,0,758413265,63497,23,0,0,0,0,0,16,5,51534,16,0,0,0,63321,75321991480,445498666395
2022-05-08,Z302F3WR,0,54893816,23,0,760202535,63521,23,0,0,0,0,0,16,5,51534,16,0,0,0,63345,75335546608,445671778723
2022-05-09,Z302F3WR,0,8439936,23,0,761997342,63545,23,0,0,0,0,0,16,5,51534,16,0,0,0,63369,75346533016,445794109736
2022-05-10,Z302F3WR,0,186374280,23,0,763294374,63568,23,0,0,0,0,0,16,5,51534,16,0,0,0,63392,75354809784,446021844961
2022-05-11,Z302F3WR,0,82265352,23,0,764428355,63592,23,0,0,0,0,0,16,5,51534,16,0,0,0,63416,75363004872,446246856398
2022-05-12,Z302F3WR,0,215238592,23,0,765365767,63616,23,0,0,0,0,0,16,5,51534,16,0,0,0,63440,75374132760,446443860813
2022-05-13,Z302F3WR,0,178139968,23,0,766728295,63639,23,0,0,0,0,0,16,5,51534,16,0,0,0,63464,75383126048,446674892215
2022-05-14,Z302F3WR,0,42910784,23,0,768042238,63663,23,0,0,0,0,0,16,5,51534,16,0,0,0,63487,75391516672,446904159016
2022-05-15,Z302F3WR,0,53799592,23,0,769501240,63687,23,0,0,0,0,0,16,5,51534,16,0,0,0,63511,75401651352,447120568415
2022-05-16,Z302F3WR,0,217884728,23,0,771043945,63711,23,0,0,0,0,0,16,5,51534,16,0,0,0,63535,75411818384,451464799145
2022-05-17,Z302F3WR,0,109133288,23,0,772824449,63734,23,0,0,0,0,0,16,5,51534,16,0,0,0,63558,75421906528,451660436349
2022-05-18,Z302F3WR,0,214702776,23,0,776331786,63758,23,0,0,0,0,0,16,5,51534,16,0,0,0,63582,75432209224,451983699848
2022-05-19,Z302F3WR,0,177067096,23,0,778257364,63781,23,0,0,0,0,0,16,5,51534,16,0,0,0,63605,75445649064,452164236891
2022-05-20,Z302F3WR,0,129456000,23,0,781465734,63805,23,0,0,0,0,0,16,5,51534,16,0,0,0,63629,75458007704,452417534280
2022-05-21,Z302F3WR,0,75150024,23,0,783670585,63828,23,0,0,0,0,0,16,5,51534,16,0,0,0,63653,75472752272,452602101300
2022-05-22,Z302F3WR,0,48425304,23,0,784967835,63852,23,0,0,0,0,0,16,5,51534,16,0,0,0,63676,75484199760,452715641954
2022-05-23,Z302F3WR,0,97949960,23,0,786790678,63876,23,0,0,0,0,0,16,5,51534,16,0,0,0,63700,75496342272,452779073621
2022-05-24,Z302F3WR,0,98697376,23,0,788294907,63899,23,0,0,0,0,0,16,5,51534,16,0,0,0,63724,75509390880,452929574623
2022-05-25,Z302F3WR,0,122347024,23,0,789162448,63923,23,0,0,0,0,0,16,5,51534,16,0,0,0,63747,75519512336,453005146794
2022-05-26,Z302F3WR,0,44533760,23,0,790890163,63946,23,0,0,0,0,0,16,5,51534,16,0,0,0,63771,75530766784,453187153747
2022-05-27,Z302F3WR,0,3792120,23,0,793036115,63970,23,0,0,0,0,0,16,5,51534,16,0,0,0,63794,75541632824,453389928098
2022-05-28,Z302F3WR,0,149385624,23,0,795440132,63994,23,0,0,0,0,0,16,5,51534,16,0,0,0,63818,75556319160,453612016151
2022-05-29,Z302F3WR,0,118546520,23,0,796878624,64017,23,0,0,0,0,0,16,5,51534,16,0,0,0,63841,75570938488,453801522059
2022-05-30,Z302F3WR,0,236948216,23,0,798731098,64041,23,0,0,0,0,0,16,5,51534,16,0,0,0,63865,75591327024,453856288290
2022-05-31,Z302F3WR,0,174799024,23,0,800259309,64064,23,0,0,0,0,0,16,5,51534,16,0,0,0,63888,75600236952,454032276064
2022-06-01,Z302F3WR,0,117933160,23,0,802359894,64099,23,0,0,0,0,0,16,5,51534,16,0,0,0,63924,75614198496,454299806121
2022-06-02,Z302F3WR,0,97779544,23,0,803910153,64123,23,0,0,0,0,0,16,5,51534,16,0,0,0,63947,75625380632,454515814665
2022-06-03,Z302F3WR,0,34995336,23,0,806652674,64147,23,0,0,0,0,0,16,5,51534,16,0,0,0,63971,75635073544,454796566091
2022-06-04,Z302F3WR,0,112715368,23,0,809224550,64170,23,0,0,0,0,0,16,5,51534,16,0,0,0,63994,75645812128,455050042591
2022-06-05,Z302F3WR,0,122854952,23,0,810647214,64194,23,0,0,0,0,0,16,5,51534,16,0,0,0,64018,75657935112,455222885046
2022-06-07,Z302F3WR,0,31124960,23,0,815039529,64241,23,0,0,0,0,0,16,5,51534,16,0,0,0,64065,75680963704,455538170487
2022-06-08,Z302F3WR,0,194152416,23,0,816553219,64264,23,0,0,0,0,0,16,5,51534,16,0,0,0,64088,75692086584,455746916113
2022-06-09,Z302F3WR,0,105760880,23,0,818531978,64288,23,0,0,0,0,0,16,5,51534,16,0,0,0,64112,75703087800,456057663481
2022-06-10,Z302F3WR,0,152288240,23,0,820961234,64311,23,0,0,0,0,0,16,5,51534,16,0,0,0,64136,75716044880,456263915043
2022-06-11,Z302F3WR,0,236537456,23,0,823476153,64335,23,0,0,0,0,0,16,5,51534,16,0,0,0,64159,75726500520,456586027471
2022-06-12,Z302F3WR,0,85071848,23,0,824895455,64358,23,0,0,0,0,0,16,5,51534,16,0,0,0,64183,75737996840,456766984416
2022-06-13,Z302F3WR,0,6174856,23,0,826761530,64382,23,0,0,0,0,0,16,5,51534,16,0,0,0,64206,75750843720,456839180166
2022-06-14,Z302F3WR,0,173952656,23,0,828477123,64406,23,0,0,0,0,0,16,5,51534,16,0,0,0,64230,75761631936,457164746561
2022-06-15,Z302F3WR,0,219672552,23,0,830293909,64429,23,0,0,0,0,0,16,5,51534,16,0,0,0,64253,75770864520,457510990504
2022-06-16,Z302F3WR,0,145004616,23,0,831879274,64453,23,0,0,0,0,0,16,5,51534,16,0,0,0,64277,75781403888,457769792510
2022-06-17,Z302F3WR,0,133394304,23,0,834965097,64476,23,0,0,0,0,0,16,5,51534,16,0,0,0,64300,75792331472,458045480255
2022-06-18,Z302F3WR,0,89904768,23,0,836653868,64500,23,0,0,0,0,0,16,5,51534,16,0,0,0,64324,75806349784,458307566059
2022-06-19,Z302F3WR,0,107082240,23,0,838440746,64523,23,0,0,0,0,0,16,5,51534,16,0,0,0,64347,75817356376,458529245572
2022-06-20,Z302F3WR,0,233727720,23,0,840052780,64547,23,0,0,0,0,0,16,5,51534,16,0,0,0,64371,75826660280,462873304008
2022-06-21,Z302F3WR,0,210624936,23,0,843040033,64570,23,0,0,0,0,0,16,5,51534,16,0,0,0,64395,75840029072,463094793331
2022-06-22,Z302F3WR,0,156673376,23,0,844341720,64594,23,0,0,0,0,0,16,5,51534,16,0,0,0,64418,75851930496,463298829961
2022-06-23,Z302F3WR,0,99453472,23,0,845512424,64618,23,0,0,0,0,0,16,5,51534,16,0,0,0,64442,75864159440,463495299909
2022-06-24,Z302F3WR,0,204948304,23,0,847514120,64641,23,0,0,0,0,0,16,5,51534,16,0,0,0,64466,75874973480,463745339732
2022-06-25,Z302F3WR,0,50944424,23,0,849704336,64665,23,0,0,0,0,0,16,5,51534,16,0,0,0,64489,75886965712,463981369379
2022-06-26,Z302F3WR,0,45537544,23,0,850593820,64689,23,0,0,0,0,0,15,5,51534,15,0,0,0,64513,75898900368,464163408041
2022-06-27,Z302F3WR,0,105377384,23,0,852346692,64713,23,0,0,0,0,0,16,5,51534,16,0,0,0,64537,75910445888,464217888310
2022-06-28,Z302F3WR,0,16531584,23,0,853310160,64736,23,0,0,0,0,0,16,5,51534,16,0,0,0,64561,75920751984,464418607176
2022-06-29,Z302F3WR,0,242462744,23,0,854732149,64760,23,0,0,0,0,0,16,5,51534,16,0,0,0,64584,75932031880,464641389619
2022-06-30,Z302F3WR,0,29337216,23,0,856761705,64784,23,0,0,0,0,0,16,5,51534,16,0,0,0,64608,75943104096,464950153842
2022-07-01,Z302F3WR,0,223131120,23,0,860602842,64819,23,0,0,0,0,0,16,5,51534,16,0,0,0,64643,75956936840,465370574941
2022-07-02,Z302F3WR,0,184990448,23,0,862044024,64843,23,0,0,0,0,0,16,5,51534,16,0,0,0,64667,75966744680,465542176097
2022-07-03,Z302F3WR,0,225597992,23,0,863847163,64866,23,0,0,0,0,0,16,5,51534,16,0,0,0,64690,75977369672,465713304664
2022-07-04,Z302F3WR,0,16800392,24,0,864966585,64889,24,0,0,0,0,0,16,5,51535,16,0,0,0,64713,75990926696,465834090499
2022-07-05,Z302F3WR,0,200317400,24,0,866514122,64913,24,0,0,0,0,0,16,5,51535,16,0,0,0,64737,76002051544,466011270293
2022-07-06,Z302F3WR,0,236080048,24,0,867643881,64936,24,0,0,0,0,0,16,5,51535,16,0,0,0,64761,76014701872,470427030459
2022-07-07,Z302F3WR,0,48422088,24,0,868556481,64960,24,0,0,0,0,0,16,5,51535,16,0,0,0,64784,76024848968,470513333990
2022-07-08,Z302F3WR,0,243807440,24,0,871194773,64983,24,0,0,0,0,0,16,5,51535,16,0,0,0,64808,76034689264,470722785261
2022-07-09,Z302F3WR,0,237585480,24,0,874077858,65007,24,0,0,0,0,0,16,5,51535,16,0,0,0,64831,76042886336,470981001748
2022-07-10,Z302F3WR,0,126162504,24,0,875700399,65031,24,0,0,0,0,0,16,5,51535,16,0,0,0,64855,76050020440,471145745621
2022-07-11,Z302F3WR,0,186479040,24,0,877057327,65055,24,0,0,0,0,0,16,5,51535,16,0,0,0,64879,76059871144,471331416424
2022-07-12,Z302F3WR,0,107846456,24,0,878536768,65078,24,0,0,0,0,0,16,5,51535,16,0,0,0,64902,76067434392,471517545743
2022-07-13,Z302F3WR,0,194839024,24,0,880011520,65102,24,0,0,0,0,0,16,5,51535,16,0,0,0,64926,76077693832,471724135869
2022-07-14,Z302F3WR,0,130873744,24,0,881612139,65125,24,0,0,0,0,0,15,5,51535,15,0,0,0,64950,76084631008,471950192666
2022-07-15,Z302F3WR,0,168703144,24,0,884512780,65149,24,0,0,0,0,0,16,5,51535,16,0,0,0,64973,76092518632,472224539887
2022-07-16,Z302F3WR,0,69866520,24,0,886778175,65173,24,0,0,0,0,0,16,5,51535,16,0,0,0,64997,76105573504,472483231929
2022-07-17,Z302F3WR,0,224282248,24,0,888283865,65196,24,0,0,0,0,0,16,5,51535,16,0,0,0,65020,76112498928,472681493239
2022-07-18,Z302F3WR,0,29134336,24,0,889888115,65220,24,0,0,0,0,0,16,5,51535,16,0,0,0,65044,76121930680,472753341651
2022-07-19,Z302F3WR,0,48253064,24,0,891549453,65243,24,0,0,0,0,0,16,5,51535,16,0,0,0,65068,76129554664,472997674746
2022-07-20,Z302F3WR,0,165660984,24,0,893315841,65267,24,0,0,0,0,0,16,5,51535,16,0,0,0,65091,76139887400,473251991780
2022-07-21,Z302F3WR,0,190245640,24,0,894935797,65291,24,0,0,0,0,0,16,5,51535,16,0,0,0,65115,76151363288,473504178029
2022-07-22,Z302F3WR,0,184635240,24,0,897433164,65314,24,0,0,0,0,0,16,5,51535,16,0,0,0,65138,76159845416,473761857868
2022-07-23,Z302F3WR,0,72389288,24,0,899705313,65338,24,0,0,0,0,0,16,5,51535,16,0,0,0,65162,76170773216,474023008304
2022-07-24,Z302F3WR,0,237525032,24,0,901328261,65361,24,0,0,0,0,0,16,5,51535,16,0,0,0,65186,76187893152,474318436352
2022-07-25,Z302F3WR,0,135184128,24,0,903220157,65385,24,0,0,0,0,0,16,5,51535,16,0,0,0,65209,76196357808,474387588149
2022-07-26,Z302F3WR,0,213167208,24,0,905268859,65409,24,0,0,0,0,0,15,5,51535,15,0,0,0,65233,76206143528,474711263993
2022-07-27,Z302F3WR,0,213580960,24,0,906831311,65432,24,0,0,0,0,0,15,5,51535,15,0,0,0,65256,76213914344,474968606684
2022-07-28,Z302F3WR,0,233319712,24,0,908396110,65456,24,0,0,0,0,0,16,5,51535,16,0,0,0,65280,76223938464,475234001798
2022-07-29,Z302F3WR,0,61468984,24,0,910250208,65479,24,0,0,0,0,0,16,5,51535,16,0,0,0,65304,76231138464,475511151482
2022-07-30,Z302F3WR,0,133276976,24,0,913563719,65503,24,0,0,0,0,0,16,5,51535,16,0,0,0,65327,76241461496,475805310427
2022-07-31,Z302F3WR,0,190109032,24,0,915282772,65527,24,0,0,0,0,0,16,5,51535,16,0,0,0,65351,76251553192,476032646363
2022-08-01,Z302F3WR,0,8987088,24,0,917084201,65550,24,0,0,0,0,0,15,5,51535,15,0,0,0,65374,76259728048,480396528478
2022-08-02,Z302F3WR,0,214118808,24,0,918364427,65574,24,0,0,0,0,0,16,5,51535,16,0,0,0,65398,76268301040,480496328498
2022-08-03,Z302F3WR,0,14753312,24,0,920005660,65609,24,0,0,0,0,0,15,5,51535,15,0,0,0,65433,76284379456,480816089780
2022-08-04,Z302F3WR,0,219948656,24,0,921277954,65633,24,0,0,0,0,0,16,5,51535,16,0,0,0,65457,76301696688,481042271656
2022-08-05,Z302F3WR,0,71772208,24,0,923201803,65656,24,0,0,0,0,0,16,5,51535,16,0,0,0,65480,76312379240,485584876266
2022-08-06,Z302F3WR,0,239670784,24,0,925236957,65680,24,0,0,0,0,0,16,5,51535,16,0,0,0,65504,76323078208,490117745248
2022-08-07,Z302F3WR,0,178646856,24,0,926013956,65703,24,0,0,0,0,0,16,5,51535,16,0,0,0,65528,76334352776,494559565622
2022-08-08,Z302F3WR,0,235459904,24,0,927550051,65727,24,0,0,0,0,0,16,5,51535,16,0,0,0,65551,76345140480,503205488326
2022-08-09,Z302F3WR,0,185762264,24,0,928650497,65751,24,0,0,0,0,0,16,5,51535,16,0,0,0,65575,76355135168,503317458218
2022-08-10,Z302F3WR,0,14605488,24,0,930281456,65774,24,0,0,0,0,0,16,5,51535,16,0,0,0,65598,76365830256,503561454301
2022-08-11,Z302F3WR,0,221505440,24,0,932385287,65798,24,0,0,0,0,0,16,5,51535,16,0,0,0,65622,76379872224,503863152870
2022-08-12,Z302F3WR,0,120564688,24,0,935580850,65821,24,0,0,0,0,0,16,5,51535,16,0,0,0,65646,76392418608,504179967536
2022-08-13,Z302F3WR,0,29964232,24,0,938061358,65845,24,0,0,0,0,0,16,5,51535,16,0,0,0,65669,76402908832,504383703001
2022-08-14,Z302F3WR,0,40358424,24,0,939845621,65869,24,0,0,0,0,0,15,5,51535,15,0,0,0,65693,76410383032,504578446965
2022-08-15,Z302F3WR,0,176251136,24,0,941635481,65892,24,0,0,0,0,0,15,5,51535,15,0,0,0,65716,76418019928,504649287245
2022-08-16,Z302F3WR,0,83338368,24,0,943115862,65916,24,0,0,0,0,0,16,5,51535,16,0,0,0,65740,76427910392,504791697560
2022-08-17,Z302F3WR,0,1494408,24,0,944216165,65939,24,0,0,0,0,0,15,5,51535,15,0,0,0,65764,76438123104,504920182840
2022-08-18,Z302F3WR,0,144754664,24,0,945817134,65963,24,0,0,0,0,0,16,5,51535,16,0,0,0,65787,76446942712,505129143004
2022-08-19,Z302F3WR,0,64193080,24,0,947817466,65987,24,0,0,0,0,0,16,5,51535,16,0,0,0,65811,76455486792,505239419581
2022-08-20,Z302F3WR,0,196681064,24,0,950395633,66010,24,0,0,0,0,0,16,5,51535,16,0,0,0,65834,76469480896,505430953967
2022-08-21,Z302F3WR,0,64512344,24,0,951572264,66034,24,0,0,0,0,0,16,5,51535,16,0,0,0,65858,76482453048,505589762775
2022-08-22,Z302F3WR,0,153657808,24,0,953265878,66057,24,0,0,0,0,0,16,5,51535,16,0,0,0,65881,76490937304,505779927095
2022-08-23,Z302F3WR,0,16477248,25,0,955524326,66092,25,0,0,0,0,0,16,5,51536,16,0,0,0,65916,76530470992,506081985327
2022-08-24,Z302F3WR,0,155518168,25,0,957170212,66115,25,0,0,0,0,0,15,5,51536,15,0,0,0,65939,76544452792,506262001243
2022-08-25,Z302F3WR,0,95170256,25,0,958707242,66139,25,0,0,0,0,0,16,5,51536,16,0,0,0,65963,76556097960,510764645240
2022-08-26,Z302F3WR,0,229083176,25,0,961974937,66163,25,0,0,0,0,0,16,5,51536,16,0,0,0,65987,76569055952,511033940671
2022-08-27,Z302F3WR,0,240805064,25,0,964070727,66186,25,0,0,0,0,0,16,5,51536,16,0,0,0,66011,76588592840,511300782207
2022-08-28,Z302F3WR,0,197236272,25,0,965785937,66210,25,0,0,0,0,0,15,5,51536,15,0,0,0,66034,76598172328,511445823610
2022-08-29,Z302F3WR,0,148679488,25,0,967445707,66234,25,0,0,0,0,0,16,5,51536,16,0,0,0,66058,76610997512,511557116302
2022-08-30,Z302F3WR,0,37340440,25,0,968700724,66257,25,0,0,0,0,0,16,5,51536,16,0,0,0,66081,76623883168,511782425505
2022-08-31,Z302F3WR,0,41392768,25,0,969987296,66281,25,0,0,0,0,0,16,5,51536,16,0,0,0,66105,76633788800,512002744517
2022-09-01,Z302F3WR,0,230351944,25,0,972299966,66304,25,0,0,0,0,0,16,5,51536,16,0,0,0,66129,76653047176,525147145744
2022-09-02,Z302F3WR,0,124084576,25,0,975796138,66328,25,0,0,0,0,0,16,5,51536,16,0,0,0,66152,76665876600,534092945704
2022-09-03,Z302F3WR,0,79507200,25,0,978391201,66352,25,0,0,0,0,0,16,5,51536,16,0,0,0,66176,76675616368,534327513191
2022-09-04,Z302F3WR,0,206144280,25,0,980067672,66375,25,0,0,0,0,0,16,5,51536,16,0,0,0,66199,76688070624,534519097504
2022-09-05,Z302F3WR,0,59076152,25,0,981831223,66399,25,0,0,0,0,0,16,5,51536,16,0,0,0,66223,76702103104,534622189723
2022-09-06,Z302F3WR,0,70546120,25,0,983301167,66423,25,0,0,0,0,0,16,5,51536,16,0,0,0,66247,76713264048,534882245582
2022-09-07,Z302F3WR,0,1562848,25,0,984909707,66446,25,0,0,0,0,0,16,5,51536,16,0,0,0,66270,76730828912,535172389789
2022-09-08,Z302F3WR,0,8994904,25,0,986341846,66470,25,0,0,0,0,0,16,5,51536,16,0,0,0,66294,76748357144,535411118853
2022-09-09,Z302F3WR,0,114208624,25,0,989038903,66494,25,0,0,0,0,0,16,5,51536,16,0,0,0,66318,76767258584,535696403593
2022-09-10,Z302F3WR,0,103006680,25,0,991817673,66517,25,0,0,0,0,0,16,5,51536,16,0,0,0,66342,76783371520,535994863777
2022-09-11,Z302F3WR,0,38483856,25,0,993663389,66541,25,0,0,0,0,0,16,5,51536,16,0,0,0,66365,76785040920,536209714411
2022-09-12,Z302F3WR,0,77216256,25,0,995636154,66565,25,0,0,0,0,0,16,5,51536,16,0,0,0,66389,76786721664,536328434093
2022-09-13,Z302F3WR,0,2457760,25,0,997306353,66588,25,0,0,0,0,0,16,5,51536,16,0,0,0,66413,76788369464,536583393670
2022-09-14,Z302F3WR,0,174860560,25,0,998899243,66624,25,0,0,0,0,0,16,5,51536,16,0,0,0,66448,76791466528,536910092417
2022-09-15,Z302F3WR,0,136773904,25,0,999427489,66636,25,0,0,0,0,0,16,5,51536,16,0,0,0,66460,76792060008,537028164463
2022-09-16,Z302F3WR,0,238139552,25,0,1982934,66659,25,0,0,0,0,0,16,5,51536,16,0,0,0,66484,76793859528,537308776299
2022-09-17,Z302F3WR,0,230633984,25,0,3977125,66683,25,0,0,0,0,0,16,5,51536,16,0,0,0,66507,76795410048,541869638152
2022-09-18,Z302F3WR,0,190383184,25,0,4794811,66707,25,0,0,0,0,0,15,5,51536,15,0,0,0,66531,76797094088,542053954006
2022-09-19,Z302F3WR,0,94908616,25,0,6032835,66730,25,0,0,0,0,0,16,5,51536,16,0,0,0,66554,76798407448,542098081508
2022-09-20,Z302F3WR,0,72249512,25,0,7033838,66754,25,0,0,0,0,0,15,5,51536,15,0,0,0,66578,76799713264,542221025389
2022-09-21,Z302F3WR,0,233771824,25,0,7732982,66777,25,0,0,0,0,0,16,5,51536,16,0,0,0,66601,76800947832,546721557662
2022-09-22,Z302F3WR,0,105347304,25,0,9247906,66801,25,0,0,0,0,0,16,5,51536,16,0,0,0,66625,76802894608,546977385559
2022-09-23,Z302F3WR,0,99187376,25,0,12187263,66824,25,0,0,0,0,0,16,5,51536,16,0,0,0,66649,76804415280,551603773591
2022-09-24,Z302F3WR,0,30387664,25,0,15496816,66848,25,0,0,0,0,0,16,5,51536,16,0,0,0,66672,76806009440,551896278121
2022-09-25,Z302F3WR,0,56909648,25,0,17468500,66872,25,0,0,0,0,0,16,5,51536,16,0,0,0,66696,76807409472,552079894197
2022-09-26,Z302F3WR,0,96472056,25,0,18803567,66895,25,0,0,0,0,0,15,5,51536,15,0,0,0,66719,76808628928,556434268215
2022-09-27,Z302F3WR,0,22219904,25,0,20353832,66919,25,0,0,0,0,0,16,5,51536,16,0,0,0,66743,76810232688,556576383746
2022-09-28,Z302F3WR,0,216911816,25,0,22282441,66954,25,0,0,0,0,0,16,5,51536,16,0,0,0,66778,76812687360,556805759955
2022-09-29,Z302F3WR,0,88514192,25,0,24043332,66978,25,0,0,0,0,0,16,5,51536,16,0,0,0,66802,76814209264,556981518913
2022-09-30,Z302F3WR,0,198926616,25,0,26385419,67001,25,0,0,0,0,0,16,5,51536,16,0,0,0,66826,76815773976,557106908046
2022-10-01,Z302F3WR,0,77363616,25,0,28194081,67025,25,0,0,0,0,0,16,5,51536,16,0,0,0,66849,76817810648,557274431966
2022-10-02,Z302F3WR,0,39655752,25,0,29883377,67049,25,0,0,0,0,0,16,5,51536,16,0,0,0,66873,76819378728,557438244283
2022-10-03,Z302F3WR,0,151037000,25,0,31547884,67072,25,0,0,0,0,0,16,5,51536,16,0,0,0,66896,76820920240,557581101160
2022-10-04,Z302F3WR,0,236395240,25,0,33017911,67096,25,0,0,0,0,0,15,5,51536,15,0,0,0,66920,76822603128,557808687551
2022-10-05,Z302F3WR,0,103666168,26,0,34468947,67120,26,0,0,0,0,0,16,5,51537,16,0,0,0,66944,76824186296,558019694043
2022-10-06,Z302F3WR,0,229050456,27,0,35952578,67143,27,0,0,0,0,0,16,5,51538,16,0,0,0,66967,76826231392,558237302861
2022-10-07,Z302F3WR,0,226552104,28,0,38821899,67167,28,0,0,0,0,0,16,5,51539,16,0,0,0,66991,76827749808,558511559915
2022-10-08,Z302F3WR,0,146643840,28,0,40474710,67190,28,0,0,0,0,0,16,5,51539,16,0,0,0,67015,76829015784,563053864391
2022-10-09,Z302F3WR,0,146061488,28,0,42230767,67214,28,0,0,0,0,0,17,5,51539,17,0,0,0,67038,76830520752,563237702098
2022-10-10,Z302F3WR,0,198722968,28,0,43931321,67238,28,0,0,0,0,0,16,5,51539,16,0,0,0,67062,76832529000,563379439999
2022-10-11,Z302F3WR,0,232334632,28,0,44996330,67261,28,0,0,0,0,0,16,5,51539,16,0,0,0,67085,76834177000,563571067645
2022-10-12,Z302F3WR,0,243321576,28,0,46397970,67285,28,0,0,0,0,0,16,5,51539,16,0,0,0,67109,76836289792,563798105370
2022-10-13,Z302F3WR,0,217320504,28,0,48583477,67309,28,0,0,0,0,0,16,5,51539,16,0,0,0,67133,76837852824,564125157345
2022-10-14,Z302F3WR,0,21708656,28,0,51085852,67332,28,0,0,0,0,0,16,5,51539,16,0,0,0,67157,76840023192,564326655124
2022-10-15,Z302F3WR,0,47605688,28,0,52922991,67356,28,0,0,0,0,0,16,5,51539,16,0,0,0,67180,76841515280,564602938573
2022-10-16,Z302F3WR,0,125535648,28,0,54229778,67380,28,0,0,0,0,0,16,5,51539,16,0,0,0,67204,76842931024,564808793027
2022-10-17,Z302F3WR,0,21357280,28,0,55878113,67403,28,0,0,0,0,0,16,5,51539,16,0,0,0,67227,76844724904,564875930464
2022-10-18,Z302F3WR,0,205451216,28,0,57369048,67427,28,0,0,0,0,0,16,5,51539,16,0,0,0,67251,76846539648,565176865789
2022-10-19,Z302F3WR,0,58747736,28,0,59348824,67451,28,0,0,0,0,0,17,5,51539,17,0,0,0,67275,76848146864,565441990459
2022-10-20,Z302F3WR,0,50963504,28,0,60780121,67474,28,0,0,0,0,0,16,5,51539,16,0,0,0,67298,76849715112,565700950449
2022-10-21,Z302F3WR,0,195060360,28,0,63089961,67498,28,0,0,0,0,0,16,5,51539,16,0,0,0,67322,76851071928,565987838783
2022-10-22,Z302F3WR,0,23229512,28,0,66057242,67521,28,0,0,0,0,0,16,5,51539,16,0,0,0,67346,76852659656,566268298428
2022-10-23,Z302F3WR,0,73397768,28,0,67451998,67545,28,0,0,0,0,0,16,5,51539,16,0,0,0,67369,76854098736,570780059982
2022-10-24,Z302F3WR,0,235514984,28,0,69291634,67569,28,0,0,0,0,0,16,5,51539,16,0,0,0,67393,76855309736,570863059571
2022-10-25,Z302F3WR,0,46486968,28,0,70300639,67592,28,0,0,0,0,0,16,5,51539,16,0,0,0,67416,76856662064,571086421063
2022-10-26,Z302F3WR,0,154253696,28,0,71277180,67616,28,0,0,0,0,0,16,5,51539,16,0,0,0,67440,76857866544,571305679153
2022-10-27,Z302F3WR,0,196465464,28,0,72394043,67639,28,0,0,0,0,0,16,5,51539,16,0,0,0,67464,76859126592,571555768078
2022-10-28,Z302F3WR,0,198855264,28,0,74267115,67663,28,0,0,0,0,0,16,5,51539,16,0,0,0,67487,76860532088,571814107174
2022-10-29,Z302F3WR,0,106618376,28,0,76713004,67687,28,0,0,0,0,0,16,5,51539,16,0,0,0,67511,76861935816,576374029715
2022-10-30,Z302F3WR,0,231657224,28,0,78012170,67710,28,0,0,0,0,0,16,5,51539,16,0,0,0,67534,76863002888,576593590821
2022-10-31,Z302F3WR,0,195602056,28,0,79923760,67734,28,0,0,0,0,0,16,5,51539,16,0,0,0,67558,76863984320,576669933370
2022-11-01,Z302F3WR,0,70871504,28,0,82005933,67757,28,0,0,0,0,0,16,5,51539,16,0,0,0,67582,76865052904,576985696108
2022-11-02,Z302F3WR,0,195830664,28,0,83978190,67781,28,0,0,0,0,0,16,5,51539,16,0,0,0,67605,76866682472,577253523636
2022-11-03,Z302F3WR,0,100191024,28,0,86113044,67816,28,0,0,0,0,0,16,5,51539,16,0,0,0,67640,76869439328,577526646500
2022-11-04,Z302F3WR,0,156991120,28,0,89187163,67839,28,0,0,0,0,0,16,5,51539,16,0,0,0,67664,76870552920,582058368273
2022-11-05,Z302F3WR,0,221421248,28,0,90954047,67863,28,0,0,0,0,0,16,5,51539,16,0,0,0,67687,76871794656,582217978831
2022-11-06,Z302F3WR,0,231002688,28,0,92715712,67886,28,0,0,0,0,0,16,5,51539,16,0,0,0,67710,76872878904,586655710167
2022-11-07,Z302F3WR,0,82536056,28,0,94163372,67910,28,0,0,0,0,0,16,5,51539,16,0,0,0,67734,76873607888,586734243507
2022-11-08,Z302F3WR,0,101956552,28,0,94858797,67933,28,0,0,0,0,0,16,5,51539,16,0,0,0,67757,76874443592,586811735679
2022-11-09,Z302F3WR,0,83347248,28,0,96469095,67957,28,0,0,0,0,0,16,5,51539,16,0,0,0,67781,76876209712,587003555378
2022-11-10,Z302F3WR,0,55180200,28,0,97884147,67980,28,0,0,0,0,0,16,5,51539,16,0,0,0,67804,76877848928,587237037436
2022-11-11,Z302F3WR,0,195115656,28,0,101019362,68003,28,0,0,0,0,0,16,5,51539,16,0,0,0,67827,76878854216,596091508940
2022-11-12,Z302F3WR,0,178680976,28,0,103232532,68027,28,0,0,0,0,0,16,5,51539,16,0,0,0,67851,76880199800,596318420001
2022-11-13,Z302F3WR,0,36177560,28,0,104842946,68050,28,0,0,0,0,0,16,5,51539,16,0,0,0,67874,76881845624,596516852102
2022-11-14,Z302F3WR,0,41206040,28,0,106385306,68074,28,0,0,0,0,0,16,5,51539,16,0,0,0,67898,76882590144,596583532590
2022-11-15,Z302F3WR,0,33597808,28,0,107954444,68097,28,0,0,0,0,0,16,5,51539,16,0,0,0,67921,76883941192,596834704793
2022-11-16,Z302F3WR,0,54440896,28,0,109475993,68120,28,0,0,0,0,0,16,5,51539,16,0,0,0,67945,76885051400,597060654657
2022-11-17,Z302F3WR,0,62194856,28,0,111451658,68144,28,0,0,0,0,0,16,5,51539,16,0,0,0,67968,76885802448,597153916550
2022-11-18,Z302F3WR,0,93287976,28,0,113778403,68167,28,0,0,0,0,0,16,5,51539,16,0,0,0,67991,76886778208,605840157709
2022-11-19,Z302F3WR,0,46659336,28,0,116725518,68202,28,0,0,0,0,0,16,5,51539,16,0,0,0,68026,76890265312,606008513391
2022-11-20,Z302F3WR,0,217990136,28,0,118946116,68225,28,0,0,0,0,0,15,5,51539,15,0,0,0,68050,76891187576,606195132074
2022-11-21,Z302F3WR,0,202405608,28,0,120318317,68249,28,0,0,0,0,0,16,5,51539,16,0,0,0,68073,76892154888,606307436641
2022-11-22,Z302F3WR,0,55522832,28,0,121555521,68272,28,0,0,0,0,0,15,5,51539,15,0,0,0,68096,76893093904,606498927952
2022-11-23,Z302F3WR,0,169796944,28,0,122729486,68295,28,0,0,0,0,0,15,5,51539,15,0,0,0,68120,76893771744,606712949267
2022-11-24,Z302F3WR,0,67479072,28,0,123998861,68319,28,0,0,0,0,0,16,5,51539,16,0,0,0,68143,76894208480,607094939915
2022-11-25,Z302F3WR,0,148437440,28,0,128988061,68342,28,0,0,0,0,0,16,5,51539,16,0,0,0,68166,76895065360,607741119998
2022-11-26,Z302F3WR,0,36909032,28,0,133854597,68366,28,0,0,0,0,0,15,5,51539,15,0,0,0,68190,76896610616,608249919883
2022-11-27,Z302F3WR,0,82441816,28,0,136028978,68389,28,0,0,0,0,0,16,5,51539,16,0,0,0,68213,76897431064,608513779875
2022-11-28,Z302F3WR,0,141576224,28,0,137463846,68413,28,0,0,0,0,0,16,5,51539,16,0,0,0,68237,76898285856,612872771879
2022-11-29,Z302F3WR,0,8382000,28,0,139236909,68436,28,0,0,0,0,0,16,5,51539,16,0,0,0,68260,76899025632,613039398768
2022-11-30,Z302F3WR,0,61955096,28,0,142582997,68459,28,0,0,0,0,0,16,5,51539,16,0,0,0,68283,76900080128,613565018272
2022-12-01,Z302F3WR,0,123044752,28,0,143981131,68483,28,0,0,0,0,0,16,5,51539,16,0,0,0,68307,76900757808,613765924841
2022-12-02,Z302F3WR,0,241235520,28,0,146737044,68506,28,0,0,0,0,0,16,5,51539,16,0,0,0,68330,76902579992,618310846901
2022-12-03,Z302F3WR,0,198791216,28,0,149166759,68529,28,0,0,0,0,0,16,5,51539,16,0,0,0,68354,76903542384,618588485175
2022-12-04,Z302F3WR,0,36100720,28,0,150691708,68553,28,0,0,0,0,0,16,5,51539,16,0,0,0,68377,76904450800,618798250463
2022-12-05,Z302F3WR,0,141801216,28,0,152566720,68576,28,0,0,0,0,0,16,5,51539,16,0,0,0,68400,76905215040,618875734468
2022-12-06,Z302F3WR,0,73337536,28,0,153968068,68600,28,0,0,0,0,0,15,5,51539,15,0,0,0,68424,76906017944,619151579268
2022-12-07,Z302F3WR,0,26999640,28,0,155724206,68635,28,0,0,0,0,0,16,5,51539,16,0,0,0,68459,76907400680,619435354945
2022-12-08,Z302F3WR,0,228694576,28,0,157580204,68658,28,0,0,0,0,0,16,5,51539,16,0,0,0,68482,76908199152,619764155463
2022-12-09,Z302F3WR,0,74078336,28,0,160397606,68681,28,0,0,0,0,0,16,5,51539,16,0,0,0,68506,76909300424,619986206212
2022-12-11,Z302F3WR,0,60829392,28,0,164151721,68728,28,0,0,0,0,0,16,5,51539,16,0,0,0,68552,76911620392,620425923661
2022-12-11,Z302F3WR,0,60829392,28,0,164151721,68728,28,0,0,0,0,0,16,5,51539,16,0,0,0,68552,76911620392,620425923661
2022-12-12,Z302F3WR,0,28422168,28,0,165862254,68752,28,0,0,0,0,0,16,5,51539,16,0,0,0,68576,76912312784,620599218802
2022-12-13,Z302F3WR,0,175641128,28,0,167248812,68775,28,0,0,0,0,0,16,5,51539,16,0,0,0,68599,76913366400,620880400149
2022-12-14,Z302F3WR,0,54991632,28,0,168598731,68799,28,0,0,0,0,0,16,5,51539,16,0,0,0,68623,76914633776,621115106186
2022-12-15,Z302F3WR,0,38681936,28,0,169922353,68822,28,0,0,0,0,0,16,5,51539,16,0,0,0,68646,76915913296,621367810835
2022-12-16,Z302F3WR,0,125265184,28,0,173301560,68846,28,0,0,0,0,0,15,5,51539,15,0,0,0,68670,76916915216,621667718299
2022-12-17,Z302F3WR,0,88606176,28,0,175557921,68869,28,0,0,0,0,0,16,5,51539,16,0,0,0,68694,76917960208,621934319141
2022-12-18,Z302F3WR,0,65823184,28,0,177054570,68893,28,0,0,0,0,0,16,5,51539,16,0,0,0,68717,76918866248,622102415235
2022-12-19,Z302F3WR,0,27189168,28,0,178565126,68917,28,0,0,0,0,0,15,5,51539,15,0,0,0,68741,76919805864,622267949967
2022-12-20,Z302F3WR,0,160832088,28,0,179551497,68940,28,0,0,0,0,0,15,5,51539,15,0,0,0,68765,76921573824,622487848258
2022-12-21,Z302F3WR,0,95242520,28,0,180578635,68964,28,0,0,0,0,0,16,5,51539,16,0,0,0,68788,76923886048,622723065107
2022-12-22,Z302F3WR,0,159655936,28,0,181405168,68988,28,0,0,0,0,0,16,5,51539,16,0,0,0,68812,76925156184,622938036087
2022-12-23,Z302F3WR,0,180387152,28,0,183437327,69011,28,0,0,0,0,0,16,5,51539,16,0,0,0,68835,76926180144,627491520594
2022-12-24,Z302F3WR,0,229067448,28,0,185818989,69035,28,0,0,0,0,0,16,5,51539,16,0,0,0,68859,76927179360,640681625376
2022-12-25,Z302F3WR,0,195188928,28,0,188424846,69059,28,0,0,0,0,0,16,5,51539,16,0,0,0,68883,76928542240,640954495033
2022-12-26,Z302F3WR,0,101053096,28,0,190487265,69082,28,0,0,0,0,0,15,5,51539,15,0,0,0,68906,76930153168,641051542645
2022-12-27,Z302F3WR,0,234085968,28,0,192417709,69106,28,0,0,0,0,0,16,5,51539,16,0,0,0,68930,76931055024,641307153519
2022-12-28,Z302F3WR,0,24895632,28,0,193787458,69129,28,0,0,0,0,0,16,5,51539,16,0,0,0,68953,76932264528,641486411157
2022-12-29,Z302F3WR,0,157057048,28,0,195238497,69153,28,0,0,0,0,0,16,5,51539,16,0,0,0,68977,76933382168,641663566331
2022-12-30,Z302F3WR,0,120529864,28,0,198009105,69177,28,0,0,0,0,0,16,5,51539,16,0,0,0,69001,76934798360,641847949949
2022-12-31,Z302F3WR,0,236582816,28,0,199577617,69200,28,0,0,0,0,0,16,5,51539,16,0,0,0,69024,76935879648,641983164474
