2022-01-01,Z3029ZYN,0,185723488,7,0,488404312,60482,7,0,0,0,0,0,18,0,51884,18,0,0,0,60299,73863851920,305673089340
2022-01-02,Z3029ZYN,0,77187240,7,0,489950398,60505,7,0,0,0,0,0,18,0,51884,18,0,0,0,60323,73884931104,305875487256
2022-01-03,Z3029ZYN,0,133873416,7,0,493235028,60529,7,0,0,0,0,0,18,0,51884,18,0,0,0,60346,73908819952,306105833906
2022-01-04,Z3029ZYN,0,156634048,7,0,494574278,60553,7,0,0,0,0,0,18,0,51884,18,0,0,0,60370,73916710808,306277294562
2022-01-05,Z3029ZYN,0,65799848,7,0,496100781,60576,7,0,0,0,0,0,18,0,51884,18,0,0,0,60394,73933077200,306372493274
2022-01-06,Z3029ZYN,0,164517344,7,0,497595347,60600,7,0,0,0,0,0,18,0,51884,18,0,0,0,60417,73940436512,306460014758
2022-01-07,Z3029ZYN,0,113843224,7,0,498981685,60624,7,0,0,0,0,0,18,0,51884,18,0,0,0,60441,73947591176,306681029090
2022-01-08,Z3029ZYN,0,218252704,7,0,500784041,60647,7,0,0,0,0,0,18,0,51884,18,0,0,0,60465,73958641152,306972460519
2022-01-09,Z3029ZYN,0,54752256,7,0,502293503,60671,7,0,0,0,0,0,19,0,51884,19,0,0,0,60488,73965056832,307207527411
2022-01-10,Z3029ZYN,0,7089392,7,0,504932857,60695,7,0,0,0,0,0,18,0,51884,18,0,0,0,60512,73970303752,307483248340
2022-01-11,Z3029ZYN,0,147771088,7,0,506822036,60719,7,0,0,0,0,0,18,0,51884,18,0,0,0,60536,73978350856,307749197061
2022-01-12,Z3029ZYN,0,55379520,7,0,508410309,60742,7,0,0,0,0,0,19,0,51884,19,0,0,0,60560,73987265568,307900931431
2022-01-13,Z3029ZYN,0,138346248,7,0,511710203,60766,7,0,0,0,0,0,18,0,51884,18,0,0,0,60584,73996500216,308158085107
2022-01-14,Z3029ZYN,0,210050408,7,0,512916858,60790,7,0,0,0,0,0,18,0,51884,18,0,0,0,60607,74005041576,308364323852
2022-01-15,Z3029ZYN,0,72097984,7,0,513965805,60814,7,0,0,0,0,0,18,0,51884,18,0,0,0,60631,74017716512,308518032035
2022-01-16,Z3029ZYN,0,49511704,7,0,515398437,60838,7,0,0,0,0,0,18,0,51884,18,0,0,0,60655,74028146024,308758737085
2022-01-17,Z3029ZYN,0,40096136,7,0,517442493,60861,7,0,0,0,0,0,19,0,51884,19,0,0,0,60679,74037073624,308978636116
2022-01-18,Z3029ZYN,0,51806808,7,0,519831880,60885,7,0,0,0,0,0,19,0,51884,19,0,0,0,60702,74046388400,309239337292
2022-01-19,Z3029ZYN,0,241473496,7,0,521119839,60909,7,0,0,0,0,0,20,0,51884,20,0,0,0,60726,74056725048,309450627321
2022-01-20,Z3029ZYN,0,20100768,7,0,522948756,60933,7,0,0,0,0,0,19,0,51884,19,0,0,0,60750,74067088552,309522974047
2022-01-21,Z3029ZYN,0,28444776,7,0,524266322,60956,7,0,0,0,0,0,20,0,51884,20,0,0,0,60774,74083354800,309751186234
2022-01-22,Z3029ZYN,0,61356480,7,0,525687527,60980,7,0,0,0,0,0,20,0,51884,20,0,0,0,60797,74096852664,310037394826
2022-01-23,Z3029ZYN,0,63069232,7,0,527394433,61004,7,0,0,0,0,0,20,0,51884,20,0,0,0,60821,74114522240,310348018702
2022-01-24,Z3029ZYN,0,179180120,7,0,530509421,61028,7,0,0,0,0,0,20,0,51884,20,0,0,0,60845,74141439744,310602863736
2022-01-25,Z3029ZYN,0,156215160,7,0,532151978,61051,7,0,0,0,0,0,20,0,51884,20,0,0,0,60869,74165022592,310839036609
2022-01-26,Z3029ZYN,0,155751296,7,0,533901352,61075,7,0,0,0,0,0,20,0,51884,20,0,0,0,60892,74187369488,311061244101
2022-01-27,Z3029ZYN,0,141147280,7,0,535057552,61099,7,0,0,0,0,0,20,0,51884,20,0,0,0,60916,74204465800,311277519563
2022-01-28,Z3029ZYN,0,159920768,7,0,536338082,61123,7,0,0,0,0,0,20,0,51884,20,0,0,0,60940,74220940440,311484197518
2022-01-29,Z3029ZYN,0,78390584,7,0,537908281,61146,7,0,0,0,0,0,20,0,51884,20,0,0,0,60964,74240678528,311705686459
2022-01-30,Z3029ZYN,0,47943808,7,0,540071581,61170,7,0,0,0,0,0,20,0,51884,20,0,0,0,60988,74263211664,311954411285
2022-01-31,Z3029ZYN,0,50250752,7,0,543252967,61194,7,0,0,0,0,0,20,0,51884,20,0,0,0,61011,74284988696,312245604423
2022-02-01,Z3029ZYN,0,219214848,7,0,545002708,61218,7,0,0,0,0,0,19,0,51884,19,0,0,0,61035,74311239008,312470387658
2022-02-02,Z3029ZYN,0,76127136,7,0,546229374,61242,7,0,0,0,0,0,18,0,51884,18,0,0,0,61059,74341950656,312635628100
2022-02-03,Z3029ZYN,0,47599232,7,0,547130965,61265,7,0,0,0,0,0,18,0,51884,18,0,0,0,61083,74357599912,312825978022
2022-02-04,Z3029ZYN,0,134494856,7,0,548320952,61289,7,0,0,0,0,0,19,0,51884,19,0,0,0,61106,74377314064,313013606461
2022-02-05,Z3029ZYN,0,27684408,7,0,550045320,61313,7,0,0,0,0,0,18,0,51884,18,0,0,0,61130,74397090568,313280772604
2022-02-06,Z3029ZYN,0,137378536,7,0,552256542,61336,7,0,0,0,0,0,18,0,51884,18,0,0,0,61154,74417612400,313574750236
2022-02-07,Z3029ZYN,0,131707208,7,0,555465691,61360,7,0,0,0,0,0,18,0,51884,18,0,0,0,61177,74441256312,313840260662
2022-02-08,Z3029ZYN,0,236897072,7,0,557934226,61384,7,0,0,0,0,0,18,0,51884,18,0,0,0,61201,74462518512,314050609521
2022-02-09,Z3029ZYN,0,129146560,7,0,564697555,61419,7,0,0,0,0,0,18,0,51884,18,0,0,0,61236,74464383016,315260751652
2022-02-10,Z3029ZYN,0,32510640,7,0,569319439,61443,7,0,0,0,0,0,19,0,51884,19,0,0,0,61260,74465146160,315832852333
2022-02-11,Z3029ZYN,0,79869024,7,0,573998735,61467,7,0,0,0,0,0,18,0,51884,18,0,0,0,61284,74465726200,316383056483
2022-02-12,Z3029ZYN,0,57294744,7,0,578726308,61490,7,0,0,0,0,0,19,0,51884,19,0,0,0,61308,74466724336,317032066049
2022-02-13,Z3029ZYN,0,3259584,7,0,582846704,61514,7,0,0,0,0,0,19,0,51884,19,0,0,0,61331,74467869840,317602288570
2022-02-14,Z3029ZYN,0,78664880,7,0,587497628,61538,7,0,0,0,0,0,19,0,51884,19,0,0,0,61355,74468728624,318308704769
2022-02-15,Z3029ZYN,0,125461896,7,0,592486211,61562,7,0,0,0,0,0,19,0,51884,19,0,0,0,61379,74469495608,319059319538
2022-02-16,Z3029ZYN,0,141556384,7,0,597584785,61585,7,0,0,0,0,0,18,0,51884,18,0,0,0,61403,74470367552,319815206702
2022-02-17,Z3029ZYN,0,221003904,7,0,602278373,61609,7,0,0,0,0,0,18,0,51884,18,0,0,0,61427,74471157184,320581426130
2022-02-18,Z3029ZYN,0,67166824,7,0,607345884,61633,7,0,0,0,0,0,18,0,51884,18,0,0,0,61450,74471317224,321516144199
2022-02-19,Z3029ZYN,0,34986664,7,0,612088283,61657,7,0,0,0,0,0,18,0,51884,18,0,0,0,61474,74471521160,322346539233
2022-02-20,Z3029ZYN,0,20150936,7,0,616787459,61680,7,0,0,0,0,0,18,0,51884,18,0,0,0,61498,74471605336,323122434186
2022-02-21,Z3029ZYN,0,7855984,7,0,622698872,61704,7,0,0,0,0,0,18,0,51884,18,0,0,0,61521,74471758952,323805940023
2022-02-22,Z3029ZYN,0,56635360,7,0,627586393,61728,7,0,0,0,0,0,18,0,51884,18,0,0,0,61545,74471909232,324423649474
2022-02-23,Z3029ZYN,0,344896,7,0,630870806,61752,7,0,0,0,0,0,18,0,51884,18,0,0,0,61569,74472237160,324545057971
2022-02-24,Z3029ZYN,0,106584024,7,0,631255090,61775,7,0,0,0,0,0,18,0,51884,18,0,0,0,61592,74472318544,324556861141
2022-02-25,Z3029ZYN,0,4334272,7,0,631414194,61799,7,0,0,0,0,0,18,0,51884,18,0,0,0,61616,74473658352,324573264087
2022-02-26,Z3029ZYN,0,80755384,7,0,631628448,61823,7,0,0,0,0,0,18,0,51884,18,0,0,0,61640,74476217432,324591561104
2022-02-27,Z3029ZYN,0,10786304,7,0,631875589,61846,7,0,0,0,0,0,18,0,51884,18,0,0,0,61664,74478620384,324615591525
2022-02-28,Z3029ZYN,0,103148408,7,0,633897238,61870,7,0,0,0,0,0,18,0,51884,18,0,0,0,61687,74480164576,324687763891
2022-03-01,Z3029ZYN,0,103398840,7,0,634135828,61894,7,0,0,0,0,0,18,0,51884,18,0,0,0,61711,74481006920,324715407790
2022-03-02,Z3029ZYN,0,213694336,7,0,635281719,61917,7,0,0,0,0,0,18,0,51884,18,0,0,0,61735,74481784864,324765271452
2022-03-03,Z3029ZYN,0,224828320,7,0,636304083,61941,7,0,0,0,0,0,18,0,51884,18,0,0,0,61758,74482978296,324809559969
2022-03-04,Z3029ZYN,0,26725928,7,0,636565276,61965,7,0,0,0,0,0,18,0,51884,18,0,0,0,61782,74483551872,324842673842
2022-03-05,Z3029ZYN,0,232895400,7,0,638422167,61989,7,0,0,0,0,0,18,0,51884,18,0,0,0,61806,74508567024,325010448991
2022-03-06,Z3029ZYN,0,49186592,7,0,640513844,62012,7,0,0,0,0,0,18,0,51884,18,0,0,0,61830,74530603872,325234427067
2022-03-07,Z3029ZYN,0,190181064,7,0,643670224,62036,7,0,0,0,0,0,18,0,51884,18,0,0,0,61853,74538911800,325457010899
2022-03-08,Z3029ZYN,0,7239552,7,0,644585564,62060,7,0,0,0,0,0,18,0,51884,18,0,0,0,61877,74553015600,325520458819
2022-03-09,Z3029ZYN,0,87610256,7,0,645905130,62084,7,0,0,0,0,0,18,0,51884,18,0,0,0,61901,74566537544,325618079474
2022-03-10,Z3029ZYN,0,166924168,7,0,647829775,62108,7,0,0,0,0,0,18,0,51884,18,0,0,0,61925,74576087568,325709570428
2022-03-11,Z3029ZYN,0,122904560,7,0,649718477,62131,7,0,0,0,0,0,19,0,51884,19,0,0,0,61949,74590713688,325927588719
2022-03-12,Z3029ZYN,0,19076456,7,0,650829791,62155,7,0,0,0,0,0,18,0,51884,18,0,0,0,61972,74602693656,326040741303
2022-03-13,Z3029ZYN,0,67406696,7,0,652574805,62179,7,0,0,0,0,0,18,0,51884,18,0,0,0,61996,74615111152,326244218758
2022-03-14,Z3029ZYN,0,193127664,7,0,655051716,62203,7,0,0,0,0,0,18,0,51884,18,0,0,0,62020,74629664728,326428616625
2022-03-15,Z3029ZYN,0,46198272,7,0,656304891,62215,7,0,0,0,0,0,18,0,51884,18,0,0,0,62032,74636776952,326534608386
2022-03-16,Z3029ZYN,0,114454336,7,0,658793513,62250,7,0,0,0,0,0,18,0,51884,18,0,0,0,62067,74658310840,326809562149
2022-03-17,Z3029ZYN,0,153020872,7,0,660747676,62274,7,0,0,0,0,0,18,0,51884,18,0,0,0,62091,74672927104,326912403432
2022-03-18,Z3029ZYN,0,153909360,7,0,662118476,62298,7,0,0,0,0,0,19,0,51884,19,0,0,0,62115,74686264992,327110764101
2022-03-19,Z3029ZYN,0,25353128,7,0,663520828,62321,7,0,0,0,0,0,19,0,51884,19,0,0,0,62139,74700938728,327281969533
2022-03-20,Z3029ZYN,0,34433608,7,0,664724092,62345,7,0,0,0,0,0,19,0,51884,19,0,0,0,62162,74714880728,327412612493
2022-03-21,Z3029ZYN,0,8285992,7,0,667173321,62369,7,0,0,0,0,0,18,0,51884,18,0,0,0,62186,74727281728,327698959771
2022-03-22,Z3029ZYN,0,158848408,7,0,670349712,62393,7,0,0,0,0,0,18,0,51884,18,0,0,0,62210,74744676824,328017266101
2022-03-23,Z3029ZYN,0,132198496,7,0,671774205,62417,7,0,0,0,0,0,18,0,51884,18,0,0,0,62234,74759896288,328227949029
2022-03-24,Z3029ZYN,0,146899440,7,0,673063204,62441,7,0,0,0,0,0,18,0,51884,18,0,0,0,62258,74774174520,328455725746
2022-03-25,Z3029ZYN,0,20878680,7,0,674690217,62464,7,0,0,0,0,0,19,0,51884,19,0,0,0,62282,74787041992,328705128406
2022-03-26,Z3029ZYN,0,54286864,7,0,675946530,62488,7,0,0,0,0,0,19,0,51884,19,0,0,0,62305,74796591800,328893081180
2022-03-27,Z3029ZYN,0,105531472,7,0,677232364,62512,7,0,0,0,0,0,18,0,51884,18,0,0,0,62329,74807341104,329089609923
2022-03-28,Z3029ZYN,0,124306496,7,0,679118751,62536,7,0,0,0,0,0,19,0,51884,19,0,0,0,62353,74817424072,329321988106
2022-03-29,Z3029ZYN,0,238669368,7,0,681827680,62559,7,0,0,0,0,0,19,0,51884,19,0,0,0,62377,74829320808,329561103269
2022-03-30,Z3029ZYN,0,109496232,7,0,683254812,62583,7,0,0,0,0,0,18,0,51884,18,0,0,0,62401,74839795688,329821118531
2022-03-31,Z3029ZYN,0,221648712,7,0,684417378,62607,7,0,0,0,0,0,19,0,51884,19,0,0,0,62424,74853319296,330040904074
2022-04-01,Z3029ZYN,0,7870288,7,0,686118255,62630,7,0,0,0,0,0,19,0,51884,19,0,0,0,62448,74863173352,330304584661
2022-04-02,Z3029ZYN,0,32286776,7,0,689567852,62654,7,0,0,0,0,0,19,0,51884,19,0,0,0,62472,74871686000,330649921166
2022-04-03,Z3029ZYN,0,170057360,7,0,691129283,62678,7,0,0,0,0,0,18,0,51884,18,0,0,0,62495,74881325072,330938546400
2022-04-04,Z3029ZYN,0,191786264,7,0,692864767,62702,7,0,0,0,0,0,19,0,51884,19,0,0,0,62519,74888923880,331204593301
2022-04-05,Z3029ZYN,0,30630848,7,0,695525735,62726,7,0,0,0,0,0,18,0,51884,18,0,0,0,62543,74897649944,331448812740
2022-04-06,Z3029ZYN,0,63321808,7,0,696997132,62750,7,0,0,0,0,0,18,0,51884,18,0,0,0,62567,74915897936,331660293121
2022-04-07,Z3029ZYN,0,219407920,7,0,698612896,62774,7,0,0,0,0,0,19,0,51884,19,0,0,0,62591,74924417368,331890733794
2022-04-08,Z3029ZYN,0,52247480,7,0,700446179,62798,7,0,0,0,0,0,19,0,51884,19,0,0,0,62615,74935507360,332151018004
2022-04-09,Z3029ZYN,0,164618944,7,0,701736815,62821,7,0,0,0,0,0,19,0,51884,19,0,0,0,62639,74945052384,332393786746
2022-04-10,Z3029ZYN,0,37493648,7,0,703285982,62857,7,0,0,0,0,0,19,0,51884,19,0,0,0,62674,74968271640,332725794263
2022-04-11,Z3029ZYN,0,14073120,7,0,705858831,62881,7,0,0,0,0,0,19,0,51884,19,0,0,0,62698,74977932248,332950294541
2022-04-12,Z3029ZYN,0,213482064,7,0,706434171,62893,7,0,0,0,0,0,18,0,51884,18,0,0,0,62710,74983688568,333045214802
2022-04-13,Z3029ZYN,0,217923504,7,0,709092131,62928,7,0,0,0,0,0,19,0,51884,19,0,0,0,62746,75001560936,333396903204
2022-04-14,Z3029ZYN,0,89781272,7,0,711331849,62952,7,0,0,0,0,0,18,0,51884,18,0,0,0,62769,75009954424,333706366173
2022-04-15,Z3029ZYN,0,97713320,7,0,713343778,62976,7,0,0,0,0,0,19,0,51884,19,0,0,0,62793,75018751496,333940062177
2022-04-16,Z3029ZYN,0,207437936,7,0,715367126,62999,7,0,0,0,0,0,18,0,51884,18,0,0,0,62817,75030365640,334191747265
2022-04-17,Z3029ZYN,0,63291128,7,0,717345118,63023,7,0,0,0,0,0,18,0,51884,18,0,0,0,62841,75041250424,334429098200
2022-04-18,Z3029ZYN,0,160335104,7,0,720176033,63047,7,0,0,0,0,0,19,0,51884,19,0,0,0,62865,75051378928,334586337002
2022-04-19,Z3029ZYN,0,154843184,7,0,722057555,63071,7,0,0,0,0,0,18,0,51884,18,0,0,0,62888,75058934480,334808889387
2022-04-20,Z3029ZYN,0,174178336,7,0,723407437,63095,7,0,0,0,0,0,18,0,51884,18,0,0,0,62912,75068500592,334925551319
2022-04-21,Z3029ZYN,0,35925152,7,0,725048542,63119,7,0,0,0,0,0,19,0,51884,19,0,0,0,62936,75077675432,335093059572
2022-04-22,Z3029ZYN,0,193969672,7,0,726277743,63142,7,0,0,0,0,0,18,0,51884,18,0,0,0,62960,75086494296,335283723066
2022-04-23,Z3029ZYN,0,163927784,7,0,727316073,63166,7,0,0,0,0,0,19,0,51884,19,0,0,0,62984,75098142152,335433219635
2022-04-24,Z3029ZYN,0,188681776,7,0,728684242,63190,7,0,0,0,0,0,18,0,51884,18,0,0,0,63008,75109676160,335623149211
2022-04-25,Z3029ZYN,0,141411448,7,0,731814053,63214,7,0,0,0,0,0,19,0,51884,19,0,0,0,63031,75122461272,335859958529
2022-04-26,Z3029ZYN,0,92650872,7,0,733312423,63238,7,0,0,0,0,0,19,0,51884,19,0,0,0,63055,75135286824,336033385736
2022-04-27,Z3029ZYN,0,68136720,7,0,734873359,63262,7,0,0,0,0,0,18,0,51884,18,0,0,0,63079,75147590936,336170524627
2022-04-28,Z3029ZYN,0,64005872,7,0,736190500,63285,7,0,0,0,0,0,18,0,51884,18,0,0,0,63103,75158385016,336363745530
2022-04-29,Z3029ZYN,0,152920024,7,0,738119476,63309,7,0,0,0,0,0,18,0,51884,18,0,0,0,63127,75168116624,336674978647
2022-04-30,Z3029ZYN,0,133873520,7,0,739771797,63333,7,0,0,0,0,0,18,0,51884,18,0,0,0,63150,75183361192,336911174190
2022-05-01,Z3029ZYN,0,104110632,7,0,741041647,63357,7,0,0,0,0,0,18,0,51884,18,0,0,0,63174,75196755888,337160348061
2022-05-02,Z3029ZYN,0,212265712,7,0,743806968,63381,7,0,0,0,0,0,18,0,51884,18,0,0,0,63198,75208778960,337426484256
2022-05-03,Z3029ZYN,0,172443040,7,0,745755658,63405,7,0,0,0,0,0,18,0,51884,18,0,0,0,63222,75220324768,337629170775
2022-05-04,Z3029ZYN,0,12997888,7,0,747001888,63428,7,0,0,0,0,0,19,0,51884,19,0,0,0,63246,75231655208,337822704673
2022-05-05,Z3029ZYN,0,28579848,7,0,748370178,63452,7,0,0,0,0,0,18,0,51884,18,0,0,0,63269,75239417936,338036199152
2022-05-06,Z3029ZYN,0,10547344,7,0,749642104,63476,7,0,0,0,0,0,18,0,51884,18,0,0,0,63293,75248808472,338212959403
2022-05-07,Z3029ZYN,0,234808048,7,0,752895819,63500,7,0,0,0,0,0,18,0,51884,18,0,0,0,63317,75259196048,338507597106
2022-05-08,Z3029ZYN,0,85771368,7,0,754604496,63524,7,0,0,0,0,0,18,0,51884,18,0,0,0,63341,75269307096,338765352944
2022-05-09,Z3029ZYN,0,5914320,7,0,757566610,63547,7,0,0,0,0,0,19,0,51884,19,0,0,0,63365,75278668704,339113972037
2022-05-10,Z3029ZYN,0,228679776,7,0,759599494,63571,7,0,0,0,0,0,18,0,51884,18,0,0,0,63388,75288308656,339442892695
2022-05-11,Z3029ZYN,0,6781528,7,0,761331837,63595,7,0,0,0,0,0,18,0,51884,18,0,0,0,63412,75299354952,339646307925
2022-05-12,Z3029ZYN,0,216792808,7,0,763262021,63619,7,0,0,0,0,0,18,0,51884,18,0,0,0,63436,75309475616,339780194713
2022-05-13,Z3029ZYN,0,50404728,7,0,764641361,63643,7,0,0,0,0,0,18,0,51884,18,0,0,0,63460,75318140344,340043134263
2022-05-14,Z3029ZYN,0,62733672,7,0,766067627,63666,7,0,0,0,0,0,18,0,51884,18,0,0,0,63484,75326939760,340262996379
2022-05-15,Z3029ZYN,0,238031984,7,0,768148388,63690,7,0,0,0,0,0,18,0,51884,18,0,0,0,63507,75335153160,340534590418
2022-05-16,Z3029ZYN,0,37265488,7,0,770858850,63714,7,0,0,0,0,0,18,0,51884,18,0,0,0,63531,75345299712,340810105275
2022-05-17,Z3029ZYN,0,31457336,7,0,772480477,63737,7,0,0,0,0,0,18,0,51884,18,0,0,0,63554,75354449696,341029182148
2022-05-18,Z3029ZYN,0,156170272,7,0,773786777,63761,7,0,0,0,0,0,18,0,51884,18,0,0,0,63578,75371668960,341212327315
2022-05-19,Z3029ZYN,0,88580416,7,0,774831499,63784,7,0,0,0,0,0,18,0,51884,18,0,0,0,63602,75380835168,341398090596
2022-05-20,Z3029ZYN,0,8071680,7,0,775688810,63808,7,0,0,0,0,0,18,0,51884,18,0,0,0,63625,75392294848,341594518305
2022-05-21,Z3029ZYN,0,122010536,7,0,776954639,63832,7,0,0,0,0,0,18,0,51884,18,0,0,0,63649,75401023848,341782893918
2022-05-22,Z3029ZYN,0,198647432,7,0,778967430,63856,7,0,0,0,0,0,18,0,51884,18,0,0,0,63673,75411518376,342080786356
2022-05-23,Z3029ZYN,0,118269664,7,0,782364464,63879,7,0,0,0,0,0,18,0,51884,18,0,0,0,63697,75421341648,342385708838
2022-05-24,Z3029ZYN,0,143962984,7,0,784900173,63903,7,0,0,0,0,0,18,0,51884,18,0,0,0,63721,75433631744,342611949399
2022-05-25,Z3029ZYN,0,7090552,7,0,786862977,63927,7,0,0,0,0,0,18,0,51884,18,0,0,0,63745,75447624344,342849072665
2022-05-26,Z3029ZYN,0,192359488,7,0,788441027,63951,7,0,0,0,0,0,18,0,51884,18,0,0,0,63768,75456964504,343023080370
2022-05-27,Z3029ZYN,0,195630096,7,0,789606213,63975,7,0,0,0,0,0,18,0,51884,18,0,0,0,63792,75467561192,343148020314
2022-05-28,Z3029ZYN,0,170805184,7,0,791373877,63998,7,0,0,0,0,0,18,0,51884,18,0,0,0,63816,75477516064,343358342077
2022-05-29,Z3029ZYN,0,3417560,7,0,792454385,64022,7,0,0,0,0,0,18,0,51884,18,0,0,0,63839,75488367368,343467106444
2022-05-30,Z3029ZYN,0,72679432,7,0,795061419,64046,7,0,0,0,0,0,18,0,51884,18,0,0,0,63863,75500149936,343691118531
2022-05-31,Z3029ZYN,0,10914248,7,0,797226821,64070,7,0,0,0,0,0,18,0,51884,18,0,0,0,63887,75509030528,343888337218
2022-06-01,Z3029ZYN,0,193632632,7,0,798437110,64093,7,0,0,0,0,0,18,0,51884,18,0,0,0,63910,75517693624,344056474650
2022-06-02,Z3029ZYN,0,240404352,7,0,801116121,64129,7,0,0,0,0,0,18,0,51884,18,0,0,0,63946,75533711928,344216461092
2022-06-03,Z3029ZYN,0,165406432,7,0,802537470,64152,7,0,0,0,0,0,18,0,51884,18,0,0,0,63970,75543187312,344408926276
2022-06-04,Z3029ZYN,0,124669552,7,0,803891618,64176,7,0,0,0,0,0,18,0,51884,18,0,0,0,63993,75554831576,344581355691
2022-06-05,Z3029ZYN,0,240825192,7,0,805085586,64200,7,0,0,0,0,0,18,0,51884,18,0,0,0,64017,75567364696,344723254760
2022-06-07,Z3029ZYN,0,194225736,7,0,810654067,64247,7,0,0,0,0,0,19,0,51884,19,0,0,0,64065,75592767392,345328498528
2022-06-08,Z3029ZYN,0,240480456,7,0,812108012,64271,7,0,0,0,0,0,18,0,51884,18,0,0,0,64088,75602301512,345533479872
2022-06-09,Z3029ZYN,0,191533312,7,0,813556715,64295,7,0,0,0,0,0,18,0,51884,18,0,0,0,64112,75615663928,345794067862
2022-06-10,Z3029ZYN,0,120880136,7,0,815304968,64318,7,0,0,0,0,0,18,0,51884,18,0,0,0,64135,75629992960,346054909551
2022-06-11,Z3029ZYN,0,33419024,7,0,818011664,64342,7,0,0,0,0,0,18,0,51884,18,0,0,0,64159,75642437784,346268675475
2022-06-12,Z3029ZYN,0,15941896,7,0,819675029,64366,7,0,0,0,0,0,19,0,51884,19,0,0,0,64183,75655988312,346476365110
2022-06-13,Z3029ZYN,0,164062656,7,0,822220659,64390,7,0,0,0,0,0,18,0,51884,18,0,0,0,64207,75666457416,346703743713
2022-06-14,Z3029ZYN,0,171801184,7,0,824641025,64413,7,0,0,0,0,0,18,0,51884,18,0,0,0,64231,75676521920,346987623143
2022-06-15,Z3029ZYN,0,220945712,7,0,826223490,64437,7,0,0,0,0,0,18,0,51884,18,0,0,0,64254,75687254216,347203095356
2022-06-16,Z3029ZYN,0,83675824,7,0,827831682,64461,7,0,0,0,0,0,18,0,51884,18,0,0,0,64278,75698039120,347283707177
2022-06-17,Z3029ZYN,0,134907192,7,0,828990494,64485,7,0,0,0,0,0,18,0,51884,18,0,0,0,64302,75706935384,347494321459
2022-06-18,Z3029ZYN,0,172223208,7,0,830633023,64509,7,0,0,0,0,0,18,0,51884,18,0,0,0,64326,75719859040,347841929400
2022-06-19,Z3029ZYN,0,57612560,7,0,832247054,64533,7,0,0,0,0,0,18,0,51884,18,0,0,0,64350,75738679216,348135144019
2022-06-20,Z3029ZYN,0,140310240,7,0,835288700,64556,7,0,0,0,0,0,18,0,51884,18,0,0,0,64374,75750559248,348427256569
2022-06-21,Z3029ZYN,0,64356640,7,0,837016185,64580,7,0,0,0,0,0,18,0,51884,18,0,0,0,64398,75760423000,348671520893
2022-06-22,Z3029ZYN,0,205471840,7,0,838607916,64604,7,0,0,0,0,0,18,0,51884,18,0,0,0,64421,75771469048,348902635422
2022-06-23,Z3029ZYN,0,228601552,7,0,840510930,64628,7,0,0,0,0,0,18,0,51884,18,0,0,0,64445,75785059856,349150703213
2022-06-24,Z3029ZYN,0,31946544,7,0,841782856,64652,7,0,0,0,0,0,18,0,51884,18,0,0,0,64469,75795101088,349372950925
2022-06-25,Z3029ZYN,0,82326344,7,0,842929177,64676,7,0,0,0,0,0,18,0,51884,18,0,0,0,64493,75807722456,349595262650
2022-06-26,Z3029ZYN,0,151317080,7,0,844144615,64699,7,0,0,0,0,0,18,0,51884,18,0,0,0,64517,75821723824,349824934722
2022-06-27,Z3029ZYN,0,238896888,7,0,846694182,64723,7,0,0,0,0,0,18,0,51884,18,0,0,0,64540,75832587392,350058235338
2022-06-28,Z3029ZYN,0,131536000,7,0,847469889,64747,7,0,0,0,0,0,18,0,51884,18,0,0,0,64564,75841925192,350240804740
2022-06-29,Z3029ZYN,0,5710744,7,0,848625061,64770,7,0,0,0,0,0,18,0,51884,18,0,0,0,64587,75850229432,350411599697
2022-06-30,Z3029ZYN,0,208982912,7,0,850408034,64794,7,0,0,0,0,0,18,0,51884,18,0,0,0,64611,75860591432,350697512615
2022-07-01,Z3029ZYN,0,98632936,7,0,852757205,64818,7,0,0,0,0,0,18,0,51884,18,0,0,0,64635,75869479664,350988060284
2022-07-02,Z3029ZYN,0,150172552,7,0,854492764,64842,7,0,0,0,0,0,19,0,51884,19,0,0,0,64659,75880057896,351213626669
2022-07-03,Z3029ZYN,0,46833400,7,0,856347960,64865,7,0,0,0,0,0,18,0,51884,18,0,0,0,64683,75894413920,351448786701
2022-07-04,Z3029ZYN,0,220955784,7,0,859476147,64889,7,0,0,0,0,0,18,0,51884,18,0,0,0,64706,75905146992,351650957822
2022-07-05,Z3029ZYN,0,150419296,7,0,861127228,64913,7,0,0,0,0,0,18,0,51884,18,0,0,0,64730,75917076464,351828941847
2022-07-06,Z3029ZYN,0,85402648,7,0,862838961,64937,7,0,0,0,0,0,18,0,51884,18,0,0,0,64754,75926601784,352009429315
2022-07-07,Z3029ZYN,0,233564688,7,0,864717433,64961,7,0,0,0,0,0,18,0,51884,18,0,0,0,64778,75938678392,352067173181
2022-07-08,Z3029ZYN,0,58923688,7,0,866317626,64984,7,0,0,0,0,0,18,0,51884,18,0,0,0,64802,75959130176,352262569708
2022-07-09,Z3029ZYN,0,90147680,7,0,868865014,65008,7,0,0,0,0,0,18,0,51884,18,0,0,0,64825,75969254512,352464168334
2022-07-10,Z3029ZYN,0,37449168,7,0,870798673,65044,7,0,0,0,0,0,18,0,51884,18,0,0,0,64862,75981394344,352744900059
2022-07-11,Z3029ZYN,0,89717840,7,0,873978235,65068,7,0,0,0,0,0,18,0,51884,18,0,0,0,64885,75990758408,352973085921
2022-07-12,Z3029ZYN,0,149004416,7,0,875329458,65092,7,0,0,0,0,0,19,0,51884,19,0,0,0,64909,75997292408,353164212692
2022-07-13,Z3029ZYN,0,221933520,7,0,875994132,65104,7,0,0,0,0,0,18,0,51884,18,0,0,0,64921,76000384976,353240975199
2022-07-14,Z3029ZYN,0,22238968,7,0,877149773,65127,7,0,0,0,0,0,18,0,51884,18,0,0,0,64945,76006358656,353379274120
2022-07-15,Z3029ZYN,0,25392008,7,0,878418443,65151,7,0,0,0,0,0,18,0,51884,18,0,0,0,64968,76013602224,353561338425
2022-07-16,Z3029ZYN,0,141984464,7,0,880260196,65175,7,0,0,0,0,0,18,0,51884,18,0,0,0,64992,76022273416,353864336704
2022-07-17,Z3029ZYN,0,1795224,7,0,881810299,65199,7,0,0,0,0,0,18,0,51884,18,0,0,0,65016,76029047696,354102832638
2022-07-18,Z3029ZYN,0,110244160,7,0,884070361,65222,7,0,0,0,0,0,18,0,51884,18,0,0,0,65040,76039011376,354371083114
2022-07-19,Z3029ZYN,0,86662160,7,0,886580804,65246,7,0,0,0,0,0,18,0,51884,18,0,0,0,65063,76049012528,354603780350
2022-07-20,Z3029ZYN,0,217346096,7,0,887774865,65270,7,0,0,0,0,0,18,0,51884,18,0,0,0,65087,76058163448,354792136647
2022-07-21,Z3029ZYN,0,123382920,7,0,888978927,65294,7,0,0,0,0,0,18,0,51884,18,0,0,0,65111,76064832280,354961914996
2022-07-22,Z3029ZYN,0,88552864,7,0,890354878,65317,7,0,0,0,0,0,18,0,51884,18,0,0,0,65135,76074221112,355156965716
2022-07-23,Z3029ZYN,0,231819080,7,0,891844946,65341,7,0,0,0,0,0,18,0,51884,18,0,0,0,65158,76083064088,355413985725
2022-07-24,Z3029ZYN,0,179744688,7,0,893190821,65365,7,0,0,0,0,0,18,0,51884,18,0,0,0,65182,76092515384,355687324713
2022-07-25,Z3029ZYN,0,62764992,7,0,895234856,65389,7,0,0,0,0,0,18,0,51884,18,0,0,0,65206,76102458872,355943459004
2022-07-26,Z3029ZYN,0,178704392,7,0,897765090,65413,7,0,0,0,0,0,18,0,51884,18,0,0,0,65230,76114317608,356248952260
2022-07-27,Z3029ZYN,0,217671768,7,0,900202393,65436,7,0,0,0,0,0,18,0,51884,18,0,0,0,65254,76122041192,356510927996
2022-07-28,Z3029ZYN,0,162865448,7,0,901429374,65460,7,0,0,0,0,0,18,0,51884,18,0,0,0,65278,76131463472,356733462797
2022-07-29,Z3029ZYN,0,121841240,7,0,902865770,65484,7,0,0,0,0,0,18,0,51884,18,0,0,0,65301,76139899864,356971499780
2022-07-30,Z3029ZYN,0,54642720,7,0,905402252,65519,7,0,0,0,0,0,18,0,51884,18,0,0,0,65337,76150143112,357351680280
2022-07-31,Z3029ZYN,0,118273392,7,0,906498176,65543,7,0,0,0,0,0,18,0,51884,18,0,0,0,65361,76158174328,357555128141
2022-08-01,Z3029ZYN,0,90202152,7,0,909294445,65567,7,0,0,0,0,0,19,0,51884,19,0,0,0,65385,76165579152,357829903394
2022-08-02,Z3029ZYN,0,197972200,7,0,910813949,65591,7,0,0,0,0,0,18,0,51884,18,0,0,0,65409,76191117472,358069066247
2022-08-03,Z3029ZYN,0,69106736,7,0,911935158,65615,7,0,0,0,0,0,18,0,51884,18,0,0,0,65432,76198765384,358253564570
2022-08-04,Z3029ZYN,0,72619536,7,0,912725682,65639,7,0,0,0,0,0,18,0,51884,18,0,0,0,65456,76210101968,358455848116
2022-08-05,Z3029ZYN,0,171069680,7,0,913577438,65663,7,0,0,0,0,0,18,0,51884,18,0,0,0,65480,76219374368,358628207648
2022-08-06,Z3029ZYN,0,226903808,7,0,915138881,65686,7,0,0,0,0,0,18,0,51884,18,0,0,0,65504,76231474912,358884632331
2022-08-07,Z3029ZYN,0,156357240,7,0,917330449,65710,7,0,0,0,0,0,18,0,51884,18,0,0,0,65528,76253075896,359188386944
2022-08-08,Z3029ZYN,0,63186160,7,0,920982089,65734,7,0,0,0,0,0,18,0,51884,18,0,0,0,65551,76270153312,359452191426
2022-08-09,Z3029ZYN,0,141263240,7,0,923730362,65758,7,0,0,0,0,0,18,0,51884,18,0,0,0,65575,76279778536,359702693524
2022-08-10,Z3029ZYN,0,165453160,7,0,925938134,65782,7,0,0,0,0,0,18,0,51884,18,0,0,0,65599,76292645256,359905656987
2022-08-11,Z3029ZYN,0,241620360,7,0,927625782,65805,7,0,0,0,0,0,18,0,51884,18,0,0,0,65623,76303170120,359980870602
2022-08-12,Z3029ZYN,0,236248616,7,0,928991556,65829,7,0,0,0,0,0,18,0,51884,18,0,0,0,65646,76339366176,360133970710
2022-08-13,Z3029ZYN,0,109927760,7,0,930614156,65853,7,0,0,0,0,0,18,0,51884,18,0,0,0,65670,76348496624,360330469398
2022-08-14,Z3029ZYN,0,150437648,7,0,931644484,65876,7,0,0,0,0,0,18,0,51884,18,0,0,0,65694,76354975712,360438993996
2022-08-15,Z3029ZYN,0,164815560,7,0,934706937,65900,7,0,0,0,0,0,18,0,51884,18,0,0,0,65717,76362294816,360663535305
2022-08-16,Z3029ZYN,0,21629624,7,0,936231489,65924,7,0,0,0,0,0,18,0,51884,18,0,0,0,65741,76378493008,360843864512
2022-08-17,Z3029ZYN,0,47971296,7,0,937576313,65947,7,0,0,0,0,0,18,0,51884,18,0,0,0,65765,76387621352,361021329394
2022-08-18,Z3029ZYN,0,107433232,7,0,939329770,65971,7,0,0,0,0,0,18,0,51884,18,0,0,0,65788,76398504048,361247241356
2022-08-19,Z3029ZYN,0,241664608,7,0,940800837,65995,7,0,0,0,0,0,18,0,51884,18,0,0,0,65812,76407478208,361456469643
2022-08-20,Z3029ZYN,0,150671944,7,0,941864040,66019,7,0,0,0,0,0,18,0,51884,18,0,0,0,65836,76415158496,361590434965
2022-08-21,Z3029ZYN,0,36233352,7,0,943068502,66042,7,0,0,0,0,0,18,0,51884,18,0,0,0,65860,76423990528,361760254738
2022-08-22,Z3029ZYN,0,127129768,7,0,946216911,66066,7,0,0,0,0,0,18,0,51884,18,0,0,0,65884,76431814040,362079436432
2022-08-23,Z3029ZYN,0,204467096,7,0,948429551,66090,7,0,0,0,0,0,18,0,51884,18,0,0,0,65907,76443606424,362332565017
2022-08-24,Z3029ZYN,0,46647744,7,0,949921552,66114,7,0,0,0,0,0,18,0,51884,18,0,0,0,65931,76456273296,362549661997
2022-08-25,Z3029ZYN,0,162795824,7,0,951535343,66137,7,0,0,0,0,0,18,0,51884,18,0,0,0,65955,76463762424,362817038002
2022-08-26,Z3029ZYN,0,130969768,7,0,952825532,66161,7,0,0,0,0,0,18,0,51884,18,0,0,0,65978,76478846128,362986622528
2022-08-27,Z3029ZYN,0,95618360,7,0,954020872,66184,7,0,0,0,0,0,18,0,51884,18,0,0,0,66002,76494768008,363174240913
2022-08-28,Z3029ZYN,0,57812936,7,0,955325864,66208,7,0,0,0,0,0,18,0,51884,18,0,0,0,66025,76503783992,363370734108
2022-08-29,Z3029ZYN,0,43212312,7,0,957922271,66232,7,0,0,0,0,0,18,0,51884,18,0,0,0,66049,76513727072,363639615094
2022-08-30,Z3029ZYN,0,21935368,7,0,960190983,66256,7,0,0,0,0,0,18,0,51884,18,0,0,0,66073,76523626352,363936893944
2022-08-31,Z3029ZYN,0,220183104,7,0,961376799,66280,7,0,0,0,0,0,18,0,51884,18,0,0,0,66097,76534218928,364126472420
2022-09-01,Z3029ZYN,0,90615000,7,0,963681470,66304,7,0,0,0,0,0,18,0,51884,18,0,0,0,66121,76546588744,364366108420
2022-09-02,Z3029ZYN,0,215280520,7,0,965450472,66328,7,0,0,0,0,0,18,0,51884,18,0,0,0,66145,76561085104,364620431371
2022-09-03,Z3029ZYN,0,5829032,7,0,966886542,66351,7,0,0,0,0,0,18,0,51884,18,0,0,0,66168,76571489544,364868483278
2022-09-04,Z3029ZYN,0,155529376,7,0,968363952,66375,7,0,0,0,0,0,18,0,51884,18,0,0,0,66192,76584738456,365103745458
2022-09-05,Z3029ZYN,0,128543256,7,0,971340632,66399,7,0,0,0,0,0,18,0,51884,18,0,0,0,66216,76595368704,365397015724
2022-09-06,Z3029ZYN,0,99812616,7,0,973664140,66422,7,0,0,0,0,0,18,0,51884,18,0,0,0,66239,76605781704,365644719538
2022-09-07,Z3029ZYN,0,84682888,7,0,974806092,66446,7,0,0,0,0,0,18,0,51884,18,0,0,0,66263,76617124712,365857637287
2022-09-08,Z3029ZYN,0,138771240,7,0,976608015,66469,7,0,0,0,0,0,18,0,51884,18,0,0,0,66287,76630873400,365900083329
2022-09-09,Z3029ZYN,0,193867448,7,0,978006896,66493,7,0,0,0,0,0,18,0,51884,18,0,0,0,66310,76641160824,366137365087
2022-09-10,Z3029ZYN,0,189129488,7,0,979233439,66517,7,0,0,0,0,0,18,0,51884,18,0,0,0,66334,76655434528,366393132994
2022-09-11,Z3029ZYN,0,213522216,7,0,980717374,66552,7,0,0,0,0,0,18,0,51884,18,0,0,0,66369,76659617720,366738197857
2022-09-12,Z3029ZYN,0,103090008,7,0,983266452,66576,7,0,0,0,0,0,18,0,51884,18,0,0,0,66393,76661484952,366951121227
2022-09-13,Z3029ZYN,0,22338760,7,0,983699573,66588,7,0,0,0,0,0,18,0,51884,18,0,0,0,66405,76662311704,367042719981
2022-09-14,Z3029ZYN,0,177782344,7,0,986845591,66624,7,0,0,0,0,0,18,0,51884,18,0,0,0,66441,76664294864,367338463062
2022-09-15,Z3029ZYN,0,238149112,7,0,988742341,66648,7,0,0,0,0,0,18,0,51884,18,0,0,0,66465,76665681648,367547815120
2022-09-16,Z3029ZYN,0,128165416,8,0,990867027,66672,8,0,0,0,0,0,18,0,51885,18,0,0,0,66489,76666968880,367814088745
2022-09-17,Z3029ZYN,0,231768504,9,0,992336689,66696,9,0,0,0,0,0,18,0,51886,18,0,0,0,66513,76668257016,368015119494
2022-09-18,Z3029ZYN,0,233068736,9,0,994472701,66720,9,0,0,0,0,0,18,0,51886,18,0,0,0,66537,76669642584,368289726495
2022-09-19,Z3029ZYN,0,44826984,9,0,997095977,66743,9,0,0,0,0,0,18,0,51886,18,0,0,0,66561,76671148232,368423597256
2022-09-20,Z3029ZYN,0,71056600,9,0,998689220,66767,9,0,0,0,0,0,18,0,51886,18,0,0,0,66584,76675205920,368622178849
2022-09-21,Z3029ZYN,0,184946640,9,0,999584731,66791,9,0,0,0,0,0,18,0,51886,18,0,0,0,66608,76676388656,368714269034
2022-09-22,Z3029ZYN,0,84685752,9,0,1106218,66815,9,0,0,0,0,0,18,0,51886,18,0,0,0,66632,76677996104,368903146862
2022-09-23,Z3029ZYN,0,123162744,9,0,2754058,66839,9,0,0,0,0,0,18,0,51886,18,0,0,0,66656,76679394936,369082448644
2022-09-24,Z3029ZYN,0,188508352,9,0,4050739,66863,9,0,0,0,0,0,18,0,51886,18,0,0,0,66680,76680609640,369274927438
2022-09-25,Z3029ZYN,0,33422400,9,0,5496521,66886,9,0,0,0,0,0,18,0,51886,18,0,0,0,66704,76681993608,369491224119
2022-09-26,Z3029ZYN,0,37261480,9,0,8764090,66910,9,0,0,0,0,0,18,0,51886,18,0,0,0,66728,76684420352,369726331930
2022-09-27,Z3029ZYN,0,78362112,9,0,9871248,66934,9,0,0,0,0,0,18,0,51886,18,0,0,0,66751,76685957752,369886853237
2022-09-28,Z3029ZYN,0,92557840,9,0,11674252,66958,9,0,0,0,0,0,18,0,51886,18,0,0,0,66775,76688803488,370097055956
2022-09-29,Z3029ZYN,0,77423096,9,0,13501982,66981,9,0,0,0,0,0,18,0,51886,18,0,0,0,66798,76690137024,370382445186
2022-09-30,Z3029ZYN,0,97919368,9,0,14645610,67005,9,0,0,0,0,0,18,0,51886,18,0,0,0,66822,76691455560,370624801797
2022-10-01,Z3029ZYN,0,53531136,9,0,16418311,67029,9,0,0,0,0,0,18,0,51886,18,0,0,0,66846,76693093840,370874903756
2022-10-02,Z3029ZYN,0,111518864,9,0,17605061,67052,9,0,0,0,0,0,18,0,51886,18,0,0,0,66869,76694898672,371061057177
2022-10-03,Z3029ZYN,0,67532792,9,0,20568527,67076,9,0,0,0,0,0,18,0,51886,18,0,0,0,66893,76696678136,371284891910
2022-10-04,Z3029ZYN,0,241171928,9,0,21802269,67100,9,0,0,0,0,0,18,0,51886,18,0,0,0,66917,76698275816,371475611184
2022-10-05,Z3029ZYN,0,162073400,9,0,23418988,67124,9,0,0,0,0,0,18,0,51886,18,0,0,0,66941,76699590216,371661019690
2022-10-06,Z3029ZYN,0,92733400,9,0,25265248,67148,9,0,0,0,0,0,18,0,51886,18,0,0,0,66965,76701836048,371807415438
2022-10-07,Z3029ZYN,0,51503920,9,0,26393469,67171,9,0,0,0,0,0,18,0,51886,18,0,0,0,66988,76703096152,372049781118
2022-10-08,Z3029ZYN,0,184041392,9,0,27386668,67195,9,0,0,0,0,0,18,0,51886,18,0,0,0,67012,76704430584,372269160988
2022-10-09,Z3029ZYN,0,32827816,9,0,28663990,67219,9,0,0,0,0,0,18,0,51886,18,0,0,0,67036,76705899864,372518183112
2022-10-10,Z3029ZYN,0,215196064,9,0,31442644,67242,9,0,0,0,0,0,18,0,51886,18,0,0,0,67060,76707666256,372791358613
2022-10-11,Z3029ZYN,0,153525496,9,0,33176587,67266,9,0,0,0,0,0,18,0,51886,18,0,0,0,67083,76709074216,373034074357
2022-10-12,Z3029ZYN,0,93699464,9,0,35043455,67290,9,0,0,0,0,0,18,0,51886,18,0,0,0,67107,76710502000,373263311558
2022-10-13,Z3029ZYN,0,78537048,9,0,36401523,67314,9,0,0,0,0,0,19,0,51886,19,0,0,0,67131,76711917888,373523100375
2022-10-14,Z3029ZYN,0,121740920,9,0,37305948,67337,9,0,0,0,0,0,18,0,51886,18,0,0,0,67155,76713316200,373719822958
2022-10-15,Z3029ZYN,0,44496224,9,0,39084324,67361,9,0,0,0,0,0,18,0,51886,18,0,0,0,67178,76714376240,373978941304
2022-10-16,Z3029ZYN,0,177165896,9,0,40224461,67385,9,0,0,0,0,0,18,0,51886,18,0,0,0,67202,76715582576,374240863670
2022-10-17,Z3029ZYN,0,225427832,9,0,42263291,67408,9,0,0,0,0,0,18,0,51886,18,0,0,0,67225,76717070448,374462718789
2022-10-18,Z3029ZYN,0,36190488,9,0,43505956,67432,9,0,0,0,0,0,18,0,51886,18,0,0,0,67249,76718720816,374661702645
2022-10-19,Z3029ZYN,0,120961280,9,0,44610843,67455,9,0,0,0,0,0,18,0,51886,18,0,0,0,67273,76720070160,374833849640
2022-10-20,Z3029ZYN,0,147651312,9,0,46473290,67479,9,0,0,0,0,0,18,0,51886,18,0,0,0,67296,76721258304,375133637656
2022-10-21,Z3029ZYN,0,5583072,9,0,48604042,67502,9,0,0,0,0,0,18,0,51886,18,0,0,0,67320,76722337256,375407194934
2022-10-22,Z3029ZYN,0,112020136,9,0,50119704,67526,9,0,0,0,0,0,18,0,51886,18,0,0,0,67343,76723528144,375618259401
2022-10-23,Z3029ZYN,0,117428184,9,0,52257371,67550,9,0,0,0,0,0,18,0,51886,18,0,0,0,67367,76724742896,375896369117
2022-10-24,Z3029ZYN,0,195470912,9,0,54046058,67573,9,0,0,0,0,0,18,0,51886,18,0,0,0,67391,76725954920,376025221378
2022-10-25,Z3029ZYN,0,17471336,9,0,56565016,67597,9,0,0,0,0,0,18,0,51886,18,0,0,0,67415,76727587816,376240892669
2022-10-26,Z3029ZYN,0,7720576,9,0,57426619,67621,9,0,0,0,0,0,19,0,51886,19,0,0,0,67439,76728516880,376338412967
2022-10-27,Z3029ZYN,0,204736312,9,0,59674233,67645,9,0,0,0,0,0,18,0,51886,18,0,0,0,67462,76730680992,376428489281
2022-10-28,Z3029ZYN,0,25471824,9,0,61072062,67669,9,0,0,0,0,0,18,0,51886,18,0,0,0,67487,76731914936,376622906887
2022-10-29,Z3029ZYN,0,216230336,9,0,62089518,67693,9,0,0,0,0,0,18,0,51886,18,0,0,0,67510,76732728928,376797436101
2022-10-30,Z3029ZYN,0,115381944,9,0,63429307,67717,9,0,0,0,0,0,18,0,51886,18,0,0,0,67534,76733980776,377009513046
2022-10-31,Z3029ZYN,0,237891864,9,0,65669216,67741,9,0,0,0,0,0,18,0,51886,18,0,0,0,67558,76735134952,377245436033
2022-11-01,Z3029ZYN,0,141616752,9,0,67801189,67764,9,0,0,0,0,0,18,0,51886,18,0,0,0,67582,76736347424,377413163690
2022-11-02,Z3029ZYN,0,15445872,9,0,69159048,67788,9,0,0,0,0,0,18,0,51886,18,0,0,0,67605,76737280944,377644727185
2022-11-03,Z3029ZYN,0,224088568,9,0,70537871,67812,9,0,0,0,0,0,18,0,51886,18,0,0,0,67629,76739534704,377846582596
2022-11-04,Z3029ZYN,0,181855424,9,0,71928226,67836,9,0,0,0,0,0,18,0,51886,18,0,0,0,67653,76741337696,378070090715
2022-11-05,Z3029ZYN,0,152495024,9,0,73437337,67860,9,0,0,0,0,0,18,0,51886,18,0,0,0,67677,76744658368,378217776187
2022-11-06,Z3029ZYN,0,83342768,9,0,74437291,67883,9,0,0,0,0,0,18,0,51886,18,0,0,0,67701,76747574416,378394977919
2022-11-07,Z3029ZYN,0,58757064,9,0,76521125,67907,9,0,0,0,0,0,18,0,51886,18,0,0,0,67724,76748685744,378616636083
2022-11-08,Z3029ZYN,0,1609760,9,0,79345448,67943,9,0,0,0,0,0,18,0,51886,18,0,0,0,67760,76750460784,378920400934
2022-11-09,Z3029ZYN,0,204496848,9,0,80705585,67967,9,0,0,0,0,0,18,0,51886,18,0,0,0,67784,76751714448,379078697809
2022-11-10,Z3029ZYN,0,94950456,9,0,82030459,67991,9,0,0,0,0,0,18,0,51886,18,0,0,0,67808,76752908496,379311226352
2022-11-11,Z3029ZYN,0,92596424,9,0,83359277,68015,9,0,0,0,0,0,18,0,51886,18,0,0,0,67832,76754071992,379600503499
2022-11-12,Z3029ZYN,0,198389152,9,0,84253616,68039,9,0,0,0,0,0,18,0,51886,18,0,0,0,67856,76755066672,379799634358
2022-11-13,Z3029ZYN,0,241121184,9,0,85425800,68063,9,0,0,0,0,0,18,0,51886,18,0,0,0,67880,76756257200,380032520927
2022-11-14,Z3029ZYN,0,154344440,9,0,88321742,68087,9,0,0,0,0,0,19,0,51886,19,0,0,0,67904,76757502224,380313046141
2022-11-15,Z3029ZYN,0,9923504,9,0,89913530,68111,9,0,0,0,0,0,18,0,51886,18,0,0,0,67928,76758874552,380551695726
2022-11-16,Z3029ZYN,0,133186840,9,0,91777634,68135,9,0,0,0,0,0,18,0,51886,18,0,0,0,67952,76760016280,380774617145
2022-11-17,Z3029ZYN,0,146076376,9,0,94672771,68159,9,0,0,0,0,0,18,0,51886,18,0,0,0,67976,76760811672,380863575696
2022-11-18,Z3029ZYN,0,75379784,9,0,97063195,68183,9,0,0,0,0,0,18,0,51886,18,0,0,0,68000,76761551416,380950384435
2022-11-19,Z3029ZYN,0,104261808,9,0,99593845,68207,9,0,0,0,0,0,18,0,51886,18,0,0,0,68024,76764085104,381064958516
2022-11-20,Z3029ZYN,0,51395128,9,0,101494185,68231,9,0,0,0,0,0,18,0,51886,18,0,0,0,68048,76765302440,381316239898
2022-11-21,Z3029ZYN,0,53848920,9,0,104382110,68255,9,0,0,0,0,0,18,0,51886,18,0,0,0,68072,76766212440,381591640162
2022-11-22,Z3029ZYN,0,7105232,9,0,105478146,68279,9,0,0,0,0,0,18,0,51886,18,0,0,0,68096,76767438416,381851758030
2022-11-23,Z3029ZYN,0,74690312,9,0,107129259,68303,9,0,0,0,0,0,18,0,51886,18,0,0,0,68120,76768173256,382021586005
2022-11-24,Z3029ZYN,0,120683264,9,0,108384128,68327,9,0,0,0,0,0,18,0,51886,18,0,0,0,68144,76768967896,382172554266
2022-11-25,Z3029ZYN,0,234599136,9,0,108929137,68351,9,0,0,0,0,0,18,0,51886,18,0,0,0,68168,76770506704,382350999425
2022-11-26,Z3029ZYN,0,225051432,9,0,109969315,68375,9,0,0,0,0,0,18,0,51886,18,0,0,0,68192,76771734552,382543678831
2022-11-27,Z3029ZYN,0,236693248,9,0,111890526,68399,9,0,0,0,0,0,18,0,51886,18,0,0,0,68216,76774003152,382851500759
2022-11-28,Z3029ZYN,0,47931480,9,0,115486675,68423,9,0,0,0,0,0,18,0,51886,18,0,0,0,68240,76775065880,383154469088
2022-11-29,Z3029ZYN,0,16650888,9,0,117494886,68447,9,0,0,0,0,0,18,0,51886,18,0,0,0,68264,76776649544,383377608838
2022-11-30,Z3029ZYN,0,243139248,9,0,119622217,68471,9,0,0,0,0,0,18,0,51886,18,0,0,0,68288,76778006968,383607200551
2022-12-01,Z3029ZYN,0,29301592,9,0,120516255,68495,9,0,0,0,0,0,18,0,51886,18,0,0,0,68312,76780230776,383716623215
2022-12-02,Z3029ZYN,0,137092864,9,0,122100165,68519,9,0,0,0,0,0,18,0,51886,18,0,0,0,68336,76781497472,383918737363
2022-12-03,Z3029ZYN,0,144926176,9,0,122961262,68543,9,0,0,0,0,0,18,0,51886,18,0,0,0,68360,76782536304,384023332379
2022-12-04,Z3029ZYN,0,86898368,9,0,124692167,68567,9,0,0,0,0,0,18,0,51886,18,0,0,0,68385,76784096624,384242763992
2022-12-05,Z3029ZYN,0,174356888,9,0,128238955,68591,9,0,0,0,0,0,18,0,51886,18,0,0,0,68409,76785140776,384456296720
2022-12-06,Z3029ZYN,0,66036032,9,0,129485826,68615,9,0,0,0,0,0,18,0,51886,18,0,0,0,68432,76786088528,384654150578
2022-12-07,Z3029ZYN,0,76691112,9,0,130925030,68639,9,0,0,0,0,0,18,0,51886,18,0,0,0,68456,76787074448,384825692422
2022-12-08,Z3029ZYN,0,79385016,9,0,132295414,68663,9,0,0,0,0,0,18,0,51886,18,0,0,0,68480,76788272184,385028726887
2022-12-09,Z3029ZYN,0,218537560,9,0,133364829,68687,9,0,0,0,0,0,18,0,51886,18,0,0,0,68505,76789276600,385195900463
2022-12-11,Z3029ZYN,0,177277200,9,0,136487200,68735,9,0,0,0,0,0,18,0,51886,18,0,0,0,68553,76791897128,385751544971
2022-12-11,Z3029ZYN,0,177277200,9,0,136487200,68735,9,0,0,0,0,0,18,0,51886,18,0,0,0,68553,76791897128,385751544971
2022-12-12,Z3029ZYN,0,15098368,9,0,139626140,68759,9,0,0,0,0,0,18,0,51886,18,0,0,0,68577,76793346392,386047581484
2022-12-13,Z3029ZYN,0,35978464,9,0,141118726,68783,9,0,0,0,0,0,18,0,51886,18,0,0,0,68601,76794569256,386254027554
2022-12-14,Z3029ZYN,0,26919272,9,0,142295307,68807,9,0,0,0,0,0,18,0,51886,18,0,0,0,68625,76796309304,386429841646
2022-12-15,Z3029ZYN,0,171445808,9,0,143451526,68831,9,0,0,0,0,0,18,0,51886,18,0,0,0,68648,76797402752,386622061611
2022-12-16,Z3029ZYN,0,185011520,9,0,144549432,68855,9,0,0,0,0,0,18,0,51886,18,0,0,0,68672,76798374568,386808862170
2022-12-17,Z3029ZYN,0,15603352,9,0,145819623,68879,9,0,0,0,0,0,18,0,51886,18,0,0,0,68696,76799429624,387085863066
2022-12-18,Z3029ZYN,0,28746016,9,0,146678351,68903,9,0,0,0,0,0,18,0,51886,18,0,0,0,68720,76800395544,387280742772
2022-12-19,Z3029ZYN,0,226616504,9,0,149847090,68927,9,0,0,0,0,0,18,0,51886,18,0,0,0,68744,76801539120,387547894421
2022-12-20,Z3029ZYN,0,155681696,9,0,151530568,68950,9,0,0,0,0,0,18,0,51886,18,0,0,0,68768,76803093464,387794530453
2022-12-21,Z3029ZYN,0,70943248,9,0,152810613,68974,9,0,0,0,0,0,18,0,51886,18,0,0,0,68791,76803887240,387988096469
2022-12-22,Z3029ZYN,0,85509800,9,0,154528882,68998,9,0,0,0,0,0,18,0,51886,18,0,0,0,68815,76804834320,388232540115
2022-12-23,Z3029ZYN,0,179823256,9,0,155871302,69022,9,0,0,0,0,0,18,0,51886,18,0,0,0,68839,76805841072,388487338583
2022-12-24,Z3029ZYN,0,187787152,9,0,156907389,69046,9,0,0,0,0,0,18,0,51886,18,0,0,0,68863,76806898520,388726834921
2022-12-25,Z3029ZYN,0,33648664,9,0,158046393,69069,9,0,0,0,0,0,18,0,51886,18,0,0,0,68887,76809378736,388976514699
2022-12-26,Z3029ZYN,0,107272216,9,0,161019187,69093,9,0,0,0,0,0,18,0,51886,18,0,0,0,68911,76811462568,389260211531
2022-12-27,Z3029ZYN,0,156331488,9,0,161602109,69117,9,0,0,0,0,0,18,0,51886,18,0,0,0,68934,76812628128,389448016219
2022-12-28,Z3029ZYN,0,125295968,9,0,162953286,69141,9,0,0,0,0,0,18,0,51886,18,0,0,0,68958,76814204688,389592187337
2022-12-29,Z3029ZYN,0,142920624,9,0,165090948,69165,9,0,0,0,0,0,18,0,51886,18,0,0,0,68982,76815308656,389726207767
2022-12-30,Z3029ZYN,0,44563256,9,0,166874207,69189,9,0,0,0,0,0,18,0,51886,18,0,0,0,69006,76816509928,390023759152
2022-12-31,Z3029ZYN,0,233050840,9,0,169009677,69212,9,0,0,0,0,0,18,0,51886,18,0,0,0,69030,76817803192,390297189449
