2022-01-01,Z303GDF5,0,58802480,8,0,78526566,46258,8,0,0,0,0,0,20,0,126206,20,0,0,0,45728,38564350136,328040648600
2022-01-02,Z303GDF5,0,114515920,8,0,79525886,46282,8,0,0,0,0,0,20,0,126206,20,0,0,0,45752,38572480240,328271008309
2022-01-03,Z303GDF5,0,233055816,8,0,80327392,46305,8,0,0,0,0,0,20,0,126206,20,0,0,0,45775,38586134552,328430642611
2022-01-04,Z303GDF5,0,156041344,8,0,81217914,46329,8,0,0,0,0,0,20,0,126206,20,0,0,0,45799,38598941064,328621698914
2022-01-05,Z303GDF5,0,182816504,8,0,83130014,46353,8,0,0,0,0,0,20,0,126206,20,0,0,0,45823,38607051168,328832492341
2022-01-06,Z303GDF5,0,37181320,8,0,84011885,46377,8,0,0,0,0,0,20,0,126206,20,0,0,0,45847,38613817696,329034714159
2022-01-07,Z303GDF5,0,234784912,8,0,85136209,46401,8,0,0,0,0,0,20,0,126206,20,0,0,0,45871,38622738992,329162141681
2022-01-08,Z303GDF5,0,186288680,8,0,86274504,46425,8,0,0,0,0,0,20,0,126206,20,0,0,0,45894,38641470048,329274504886
2022-01-09,Z303GDF5,0,86576400,8,0,87211104,46448,8,0,0,0,0,0,20,0,126206,20,0,0,0,45918,38649719736,329505828803
2022-01-10,Z303GDF5,0,83896064,8,0,88258515,46472,8,0,0,0,0,0,21,0,126206,21,0,0,0,45942,38657092456,329760310358
2022-01-11,Z303GDF5,0,117483040,8,0,89163897,46496,8,0,0,0,0,0,20,0,126206,20,0,0,0,45966,38666543656,329936740523
2022-01-12,Z303GDF5,0,20380928,8,0,90271273,46508,8,0,0,0,0,0,20,0,126206,20,0,0,0,45978,38671648488,330088160434
2022-01-13,Z303GDF5,0,165484816,8,0,91464602,46532,8,0,0,0,0,0,21,0,126206,21,0,0,0,46002,38680940176,330328958706
2022-01-14,Z303GDF5,0,78009800,8,0,92238538,46556,8,0,0,0,0,0,20,0,126206,20,0,0,0,46026,38691914448,330593859260
2022-01-15,Z303GDF5,0,60746144,8,0,94249597,46591,8,0,0,0,0,0,20,0,126206,20,0,0,0,46061,38709061720,330849266230
2022-01-16,Z303GDF5,0,30281088,8,0,95329450,46615,8,0,0,0,0,0,21,0,126206,21,0,0,0,46085,38716567048,331145755471
2022-01-17,Z303GDF5,0,189524688,8,0,96209950,46639,8,0,0,0,0,0,21,0,126206,21,0,0,0,46109,38723299528,331427576377
2022-01-18,Z303GDF5,0,13269088,8,0,97143521,46663,8,0,0,0,0,0,22,0,126206,22,0,0,0,46133,38733112352,331676040375
2022-01-19,Z303GDF5,0,109236184,8,0,98941129,46687,8,0,0,0,0,0,22,0,126206,22,0,0,0,46156,38748344728,331828627768
2022-01-20,Z303GDF5,0,66638048,8,0,99824819,46710,8,0,0,0,0,0,22,0,126206,22,0,0,0,46180,38766207192,332019564827
2022-01-21,Z303GDF5,0,205233512,8,0,102185265,46734,8,0,0,0,0,0,22,0,126206,22,0,0,0,46204,38785215872,332221064563
2022-01-22,Z303GDF5,0,229209752,8,0,103707458,46758,8,0,0,0,0,0,22,0,126206,22,0,0,0,46228,38801245616,332335354192
2022-01-23,Z303GDF5,0,203979088,8,0,104655308,46782,8,0,0,0,0,0,22,0,126206,22,0,0,0,46252,38821391792,332603233931
2022-01-24,Z303GDF5,0,57756488,8,0,105626362,46806,8,0,0,0,0,0,22,0,126206,22,0,0,0,46276,38842447336,332866984452
2022-01-25,Z303GDF5,0,28984696,8,0,106600587,46829,8,0,0,0,0,0,22,0,126206,22,0,0,0,46299,38856882912,333151115888
2022-01-26,Z303GDF5,0,161639920,8,0,108185073,46853,8,0,0,0,0,0,22,0,126206,22,0,0,0,46323,38872651432,333410722568
2022-01-27,Z303GDF5,0,31892896,8,0,109079260,46877,8,0,0,0,0,0,22,0,126206,22,0,0,0,46347,38892527568,333623942015
2022-01-28,Z303GDF5,0,55795288,8,0,109910609,46901,8,0,0,0,0,0,22,0,126206,22,0,0,0,46371,38910255952,333791620392
2022-01-29,Z303GDF5,0,225226952,8,0,110897051,46925,8,0,0,0,0,0,22,0,126206,22,0,0,0,46395,38934443880,334031788494
2022-01-30,Z303GDF5,0,140485512,8,0,111981915,46949,8,0,0,0,0,0,22,0,126206,22,0,0,0,46419,38957836544,334282505202
2022-01-31,Z303GDF5,0,18648736,8,0,112993148,46973,8,0,0,0,0,0,22,0,126206,22,0,0,0,46442,38982837192,334503239803
2022-02-01,Z303GDF5,0,45352168,8,0,114121762,46996,8,0,0,0,0,0,20,0,126206,20,0,0,0,46466,39001594672,334726956650
2022-02-02,Z303GDF5,0,94263592,8,0,115494682,47020,8,0,0,0,0,0,20,0,126206,20,0,0,0,46490,39024174056,334972119305
2022-02-03,Z303GDF5,0,219824352,8,0,116518919,47044,8,0,0,0,0,0,20,0,126206,20,0,0,0,46514,39047252848,335221154627
2022-02-04,Z303GDF5,0,220315776,8,0,117323008,47068,8,0,0,0,0,0,20,0,126206,20,0,0,0,46538,39069386672,335411478714
2022-02-05,Z303GDF5,0,3557520,8,0,118856165,47091,8,0,0,0,0,0,20,0,126206,20,0,0,0,46561,39089876280,335503917550
2022-02-06,Z303GDF5,0,35417312,8,0,119472061,47115,8,0,0,0,0,0,20,0,126206,20,0,0,0,46585,39110580616,335834596436
2022-02-07,Z303GDF5,0,196813640,8,0,120073032,47139,8,0,0,0,0,0,20,0,126206,20,0,0,0,46609,39136083944,336150837148
2022-02-08,Z303GDF5,0,148675456,8,0,120560649,47163,8,0,0,0,0,0,20,0,126206,20,0,0,0,46633,39154475136,336485655643
2022-02-09,Z303GDF5,0,195507080,8,0,121666333,47186,8,0,0,0,0,0,20,0,126206,20,0,0,0,46656,39174593344,336686179509
2022-02-10,Z303GDF5,0,66786048,8,0,122400142,47210,8,0,0,0,0,0,20,0,126206,20,0,0,0,46680,39196528104,336901832696
2022-02-11,Z303GDF5,0,80493032,8,0,123063955,47234,8,0,0,0,0,0,21,0,126206,21,0,0,0,46704,39212777800,337089398296
2022-02-12,Z303GDF5,0,15922864,8,0,124199475,47258,8,0,0,0,0,0,20,0,126206,20,0,0,0,46728,39224751048,337133442393
2022-02-13,Z303GDF5,0,237252704,8,0,125113882,47282,8,0,0,0,0,0,21,0,126206,21,0,0,0,46752,39240995912,337293529200
2022-02-14,Z303GDF5,0,9664,8,0,125918259,47306,8,0,0,0,0,0,21,0,126206,21,0,0,0,46776,39261148608,337480873051
2022-02-15,Z303GDF5,0,147270504,8,0,126732677,47330,8,0,0,0,0,0,20,0,126206,20,0,0,0,46800,39272448464,337681045572
2022-02-16,Z303GDF5,0,90683408,8,0,128322966,47354,8,0,0,0,0,0,20,0,126206,20,0,0,0,46823,39286185872,337893223525
2022-02-17,Z303GDF5,0,136199016,8,0,129770446,47377,8,0,0,0,0,0,20,0,126206,20,0,0,0,46847,39302694632,338085296272
2022-02-18,Z303GDF5,0,65213808,8,0,130477229,47401,8,0,0,0,0,0,20,0,126206,20,0,0,0,46871,39311513872,338267144457
2022-02-19,Z303GDF5,0,36546768,8,0,131530738,47425,8,0,0,0,0,0,20,0,126206,20,0,0,0,46895,39315943512,338302093212
2022-02-20,Z303GDF5,0,30204600,8,0,132530823,47449,8,0,0,0,0,0,20,0,126206,20,0,0,0,46919,39320275424,338476517392
2022-02-21,Z303GDF5,0,34061648,8,0,133228445,47473,8,0,0,0,0,0,20,0,126206,20,0,0,0,46943,39323296440,338662193279
2022-02-22,Z303GDF5,0,163682552,8,0,133979845,47497,8,0,0,0,0,0,20,0,126206,20,0,0,0,46967,39325391336,338851406626
2022-02-23,Z303GDF5,0,160693432,8,0,135796587,47520,8,0,0,0,0,0,20,0,126206,20,0,0,0,46990,39327627912,339042926295
2022-02-24,Z303GDF5,0,104524232,8,0,138144601,47544,8,0,0,0,0,0,20,0,126206,20,0,0,0,47014,39331588592,339265986942
2022-02-25,Z303GDF5,0,140880600,8,0,139090140,47568,8,0,0,0,0,0,20,0,126206,20,0,0,0,47038,39334971400,339510541589
2022-02-26,Z303GDF5,0,230276472,8,0,140921908,47604,8,0,0,0,0,0,20,0,126206,20,0,0,0,47073,39345418752,339669786365
2022-02-27,Z303GDF5,0,161239200,8,0,141901541,47627,8,0,0,0,0,0,20,0,126206,20,0,0,0,47097,39351735000,339908988267
2022-02-28,Z303GDF5,0,18748352,8,0,142719006,47651,8,0,0,0,0,0,20,0,126206,20,0,0,0,47121,39354684008,340216612341
2022-03-01,Z303GDF5,0,26876528,8,0,143765407,47675,8,0,0,0,0,0,20,0,126206,20,0,0,0,47145,39359999560,340522327437
2022-03-02,Z303GDF5,0,28805984,8,0,145654201,47699,8,0,0,0,0,0,21,0,126206,21,0,0,0,47169,39365314928,340830866515
2022-03-03,Z303GDF5,0,373056,8,0,146963127,47722,8,0,0,0,0,0,20,0,126206,20,0,0,0,47192,39370040520,341163903981
2022-03-04,Z303GDF5,0,122612416,8,0,148256220,47746,8,0,0,0,0,0,20,0,126206,20,0,0,0,47216,39374485576,341323313062
2022-03-05,Z303GDF5,0,243774800,8,0,149149026,47770,8,0,0,0,0,0,20,0,126206,20,0,0,0,47240,39380406976,341429972828
2022-03-06,Z303GDF5,0,8721032,8,0,149888138,47794,8,0,0,0,0,0,21,0,126206,21,0,0,0,47263,39385601472,341614861453
2022-03-07,Z303GDF5,0,24361424,8,0,150814018,47817,8,0,0,0,0,0,21,0,126206,21,0,0,0,47287,39391981144,341911954011
2022-03-08,Z303GDF5,0,98474776,8,0,151754667,47841,8,0,0,0,0,0,20,0,126206,20,0,0,0,47311,39398851352,342170447824
2022-03-09,Z303GDF5,0,123328624,8,0,153726546,47865,8,0,0,0,0,0,21,0,126206,21,0,0,0,47335,39406318520,342452475473
2022-03-10,Z303GDF5,0,213421400,8,0,154606499,47888,8,0,0,0,0,0,20,0,126206,20,0,0,0,47358,39413290416,342710485736
2022-03-11,Z303GDF5,0,15435640,8,0,155663030,47912,8,0,0,0,0,0,20,0,126206,20,0,0,0,47382,39422826280,342871333479
2022-03-12,Z303GDF5,0,66720160,8,0,156944503,47936,8,0,0,0,0,0,20,0,126206,20,0,0,0,47406,39433478680,343003413172
2022-03-13,Z303GDF5,0,76212312,8,0,157993461,47960,8,0,0,0,0,0,21,0,126206,21,0,0,0,47429,39446235328,343260403997
2022-03-14,Z303GDF5,0,34552536,8,0,159065535,47983,8,0,0,0,0,0,21,0,126206,21,0,0,0,47453,39458685376,343509655194
2022-03-15,Z303GDF5,0,65381008,8,0,160195385,48007,8,0,0,0,0,0,20,0,126206,20,0,0,0,47477,39478143576,343727349663
2022-03-16,Z303GDF5,0,6288448,8,0,162546358,48031,8,0,0,0,0,0,21,0,126206,21,0,0,0,47500,39493434008,343980297846
2022-03-17,Z303GDF5,0,227421656,8,0,163501403,48054,8,0,0,0,0,0,20,0,126206,20,0,0,0,47524,39505800088,344216387474
2022-03-18,Z303GDF5,0,93188568,8,0,164311378,48078,8,0,0,0,0,0,20,0,126206,20,0,0,0,47548,39519051400,344367624144
2022-03-19,Z303GDF5,0,76520056,8,0,165855183,48101,8,0,0,0,0,0,21,0,126206,21,0,0,0,47571,39528271488,344509499473
2022-03-20,Z303GDF5,0,22496832,8,0,166496564,48125,8,0,0,0,0,0,20,0,126206,20,0,0,0,47595,39537998984,344737699801
2022-03-21,Z303GDF5,0,234710176,8,0,167052147,48149,8,0,0,0,0,0,20,0,126206,20,0,0,0,47619,39547365504,345056159016
2022-03-22,Z303GDF5,0,202153824,8,0,167580017,48173,8,0,0,0,0,0,20,0,126206,20,0,0,0,47642,39557315440,345378843745
2022-03-23,Z303GDF5,0,8292520,8,0,168968147,48196,8,0,0,0,0,0,20,0,126206,20,0,0,0,47666,39568918952,345644095267
2022-03-24,Z303GDF5,0,162795296,8,0,169504286,48220,8,0,0,0,0,0,20,0,126206,20,0,0,0,47690,39578016264,345836315637
2022-03-25,Z303GDF5,0,87098952,8,0,170167010,48244,8,0,0,0,0,0,20,0,126206,20,0,0,0,47713,39593118488,345994563263
2022-03-26,Z303GDF5,0,170563256,8,0,171633392,48267,8,0,0,0,0,0,21,0,126206,21,0,0,0,47737,39603159824,346106952970
2022-03-27,Z303GDF5,0,39627640,8,0,172014444,48279,8,0,0,0,0,0,20,0,126206,20,0,0,0,47749,39609522784,346195486525
2022-03-28,Z303GDF5,0,129916760,8,0,173250441,48314,8,0,0,0,0,0,20,0,126206,20,0,0,0,47784,39623711952,346493426103
2022-03-29,Z303GDF5,0,91784360,8,0,174138263,48338,8,0,0,0,0,0,20,0,126206,20,0,0,0,47808,39633622744,346683346825
2022-03-30,Z303GDF5,0,157298816,8,0,175296749,48361,8,0,0,0,0,0,20,0,126206,20,0,0,0,47831,39656368464,346915822734
2022-03-31,Z303GDF5,0,74239016,8,0,176130865,48385,8,0,0,0,0,0,21,0,126206,21,0,0,0,47855,39666999384,347074536021
2022-04-01,Z303GDF5,0,222621160,8,0,178712580,48409,8,0,0,0,0,0,20,0,126206,20,0,0,0,47879,39675761288,347272039607
2022-04-02,Z303GDF5,0,228715640,8,0,180232712,48432,8,0,0,0,0,0,20,0,126206,20,0,0,0,47902,39682922944,347347587773
2022-04-03,Z303GDF5,0,49036840,8,0,181083586,48456,8,0,0,0,0,0,20,0,126206,20,0,0,0,47926,39693522912,347526714187
2022-04-04,Z303GDF5,0,152657832,8,0,181958113,48480,8,0,0,0,0,0,21,0,126206,21,0,0,0,47950,39700932040,347734186784
2022-04-05,Z303GDF5,0,16346120,8,0,182895149,48504,8,0,0,0,0,0,20,0,126206,20,0,0,0,47973,39723055664,347917975729
2022-04-06,Z303GDF5,0,103863096,8,0,184557304,48527,8,0,0,0,0,0,20,0,126206,20,0,0,0,47997,39736415392,348124937234
2022-04-07,Z303GDF5,0,177831656,8,0,185515870,48551,8,0,0,0,0,0,20,0,126206,20,0,0,0,48021,39747022232,348363916765
2022-04-08,Z303GDF5,0,124088384,8,0,186487358,48575,8,0,0,0,0,0,20,0,126206,20,0,0,0,48045,39758732112,348572004251
2022-04-09,Z303GDF5,0,38580616,8,0,187422050,48599,8,0,0,0,0,0,20,0,126206,20,0,0,0,48069,39771361000,348615566109
2022-04-10,Z303GDF5,0,40936248,8,0,188702208,48623,8,0,0,0,0,0,20,0,126206,20,0,0,0,48092,39780337968,348791197819
2022-04-11,Z303GDF5,0,30758480,8,0,189560020,48646,8,0,0,0,0,0,20,0,126206,20,0,0,0,48116,39788488088,349089310367
2022-04-12,Z303GDF5,0,219866264,8,0,190683799,48670,8,0,0,0,0,0,21,0,126206,21,0,0,0,48140,39797337360,349391189128
2022-04-13,Z303GDF5,0,49310384,8,0,192516651,48694,8,0,0,0,0,0,21,0,126206,21,0,0,0,48164,39810561112,349717229610
2022-04-14,Z303GDF5,0,44795136,8,0,193500664,48718,8,0,0,0,0,0,20,0,126206,20,0,0,0,48187,39817459464,350000909901
2022-04-15,Z303GDF5,0,102551360,8,0,194285102,48741,8,0,0,0,0,0,20,0,126206,20,0,0,0,48211,39826866104,350186539417
2022-04-16,Z303GDF5,0,113141832,8,0,195748218,48765,8,0,0,0,0,0,20,0,126206,20,0,0,0,48234,39834546384,350242479087
2022-04-17,Z303GDF5,0,10333640,8,0,196480052,48788,8,0,0,0,0,0,20,0,126206,20,0,0,0,48258,39847127648,350396985020
2022-04-18,Z303GDF5,0,12538616,8,0,197404316,48812,8,0,0,0,0,0,20,0,126206,20,0,0,0,48282,39855880040,350687899146
2022-04-19,Z303GDF5,0,241785128,8,0,198265518,48835,8,0,0,0,0,0,21,0,126206,21,0,0,0,48305,39864473952,350933438813
2022-04-20,Z303GDF5,0,90609808,8,0,199618246,48859,8,0,0,0,0,0,20,0,126206,20,0,0,0,48329,39873635920,351204955133
2022-04-21,Z303GDF5,0,190407888,8,0,201019436,48894,8,0,0,0,0,0,20,0,126206,20,0,0,0,48364,39885136104,351544243093
2022-04-22,Z303GDF5,0,76884600,8,0,201977926,48918,8,0,0,0,0,0,20,0,126206,20,0,0,0,48388,39892331176,351710664535
2022-04-23,Z303GDF5,0,52594704,8,0,203375338,48942,8,0,0,0,0,0,20,0,126206,20,0,0,0,48412,39901150592,351845211035
2022-04-24,Z303GDF5,0,233201776,8,0,204395069,48966,8,0,0,0,0,0,21,0,126206,21,0,0,0,48435,39911430504,352108414644
2022-04-25,Z303GDF5,0,148793712,8,0,205385552,48989,8,0,0,0,0,0,21,0,126206,21,0,0,0,48459,39922013920,352320473372
2022-04-26,Z303GDF5,0,112631824,8,0,206446284,49013,8,0,0,0,0,0,21,0,126206,21,0,0,0,48483,39934867248,352535616399
2022-04-27,Z303GDF5,0,39858904,8,0,208019003,49037,8,0,0,0,0,0,21,0,126206,21,0,0,0,48507,39943588040,352760655251
2022-04-28,Z303GDF5,0,195140568,8,0,208803258,49060,8,0,0,0,0,0,21,0,126206,21,0,0,0,48530,39952096672,352987324401
2022-04-29,Z303GDF5,0,48442144,8,0,209472837,49084,8,0,0,0,0,0,20,0,126206,20,0,0,0,48554,39959908760,353157648480
2022-04-30,Z303GDF5,0,136278312,8,0,210912128,49108,8,0,0,0,0,0,20,0,126206,20,0,0,0,48578,39970651320,353257235883
2022-05-01,Z303GDF5,0,68486400,8,0,211317881,49132,8,0,0,0,0,0,21,0,126206,21,0,0,0,48601,39977460440,353534226984
2022-05-02,Z303GDF5,0,114480664,8,0,211755278,49155,8,0,0,0,0,0,20,0,126206,20,0,0,0,48625,39986117664,353843981210
2022-05-03,Z303GDF5,0,195119824,8,0,212247828,49179,8,0,0,0,0,0,21,0,126206,21,0,0,0,48649,39998413928,354165704982
2022-05-04,Z303GDF5,0,204193024,8,0,214331511,49202,8,0,0,0,0,0,21,0,126206,21,0,0,0,48672,40009746408,354371386482
2022-05-05,Z303GDF5,0,105363512,8,0,215639595,49226,8,0,0,0,0,0,21,0,126206,21,0,0,0,48696,40021462640,354565280202
2022-05-06,Z303GDF5,0,118633528,8,0,216341479,49250,8,0,0,0,0,0,20,0,126206,20,0,0,0,48720,40033398440,354724037156
2022-05-07,Z303GDF5,0,79053856,8,0,217826149,49273,8,0,0,0,0,0,21,0,126206,21,0,0,0,48743,40043882168,354831089466
2022-05-08,Z303GDF5,0,28616920,8,0,218592752,49297,8,0,0,0,0,0,21,0,126206,21,0,0,0,48767,40052780672,355020164266
2022-05-09,Z303GDF5,0,41798080,8,0,219433123,49321,8,0,0,0,0,0,21,0,126206,21,0,0,0,48791,40061488256,355215230875
2022-05-10,Z303GDF5,0,39616272,8,0,220448683,49345,8,0,0,0,0,0,21,0,126206,21,0,0,0,48815,40072842080,355433703019
2022-05-11,Z303GDF5,0,82076832,8,0,222233801,49368,8,0,0,0,0,0,21,0,126206,21,0,0,0,48838,40083133456,355601639966
2022-05-12,Z303GDF5,0,180673576,8,0,223224398,49392,8,0,0,0,0,0,20,0,126206,20,0,0,0,48862,40094671160,355779669464
2022-05-13,Z303GDF5,0,77071960,8,0,224008504,49416,8,0,0,0,0,0,20,0,126206,20,0,0,0,48886,40100976264,355949103773
2022-05-14,Z303GDF5,0,111932920,8,0,225044991,49439,8,0,0,0,0,0,20,0,126206,20,0,0,0,48909,40110023992,355988392015
2022-05-15,Z303GDF5,0,12471592,8,0,226246811,49463,8,0,0,0,0,0,21,0,126206,21,0,0,0,48933,40124429672,356158756877
2022-05-16,Z303GDF5,0,190071872,8,0,227047850,49487,8,0,0,0,0,0,21,0,126206,21,0,0,0,48957,40134725288,356319279895
2022-05-17,Z303GDF5,0,227848064,8,0,227892075,49511,8,0,0,0,0,0,21,0,126206,21,0,0,0,48981,40142691744,356510280745
2022-05-18,Z303GDF5,0,102021160,8,0,229173901,49534,8,0,0,0,0,0,20,0,126206,20,0,0,0,49004,40154164600,356772562328
2022-05-19,Z303GDF5,0,195664632,8,0,229952140,49558,8,0,0,0,0,0,21,0,126206,21,0,0,0,49028,40166662728,356962241439
2022-05-20,Z303GDF5,0,20640888,8,0,230987934,49582,8,0,0,0,0,0,20,0,126206,20,0,0,0,49051,40181027864,357208211109
2022-05-21,Z303GDF5,0,199801424,8,0,232422160,49605,8,0,0,0,0,0,21,0,126206,21,0,0,0,49075,40188843304,357251952434
2022-05-22,Z303GDF5,0,170823504,8,0,233225299,49629,8,0,0,0,0,0,21,0,126206,21,0,0,0,49099,40197442112,357509085034
2022-05-23,Z303GDF5,0,124817208,8,0,234336362,49653,8,0,0,0,0,0,21,0,126206,21,0,0,0,49122,40205648664,357820345043
2022-05-24,Z303GDF5,0,24194432,8,0,235360914,49676,8,0,0,0,0,0,21,0,126206,21,0,0,0,49146,40216799152,358136939769
2022-05-25,Z303GDF5,0,118637096,8,0,236922949,49700,8,0,0,0,0,0,21,0,126206,21,0,0,0,49170,40231277216,358416382583
2022-05-26,Z303GDF5,0,218178248,8,0,237690779,49724,8,0,0,0,0,0,20,0,126206,20,0,0,0,49193,40240679216,358548760748
2022-05-27,Z303GDF5,0,125219016,8,0,238457252,49747,8,0,0,0,0,0,21,0,126206,21,0,0,0,49217,40248671968,358722115630
2022-05-28,Z303GDF5,0,118189600,8,0,239995576,49771,8,0,0,0,0,0,21,0,126206,21,0,0,0,49241,40259172952,358801308590
2022-05-29,Z303GDF5,0,118006960,8,0,240930936,49795,8,0,0,0,0,0,21,0,126206,21,0,0,0,49265,40267924688,359081904614
2022-05-30,Z303GDF5,0,236547400,8,0,242078863,49830,8,0,0,0,0,0,21,0,126206,21,0,0,0,49300,40281127008,359435662804
2022-05-31,Z303GDF5,0,236943400,8,0,242921215,49854,8,0,0,0,0,0,20,0,126206,20,0,0,0,49324,40290111488,359674751131
2022-06-01,Z303GDF5,0,139719312,8,0,245031756,49878,8,0,0,0,0,0,21,0,126206,21,0,0,0,49348,40301718688,359924373922
2022-06-02,Z303GDF5,0,147601520,8,0,245925368,49901,8,0,0,0,0,0,20,0,126206,20,0,0,0,49371,40316355752,360160980867
2022-06-03,Z303GDF5,0,191910336,8,0,246790559,49925,8,0,0,0,0,0,20,0,126206,20,0,0,0,49395,40325808336,360358208491
2022-06-04,Z303GDF5,0,117138424,8,0,249469420,49949,8,0,0,0,0,0,20,0,126206,20,0,0,0,49419,40335568568,360439934538
2022-06-05,Z303GDF5,0,138001936,8,0,250547454,49973,8,0,0,0,0,0,20,0,126206,20,0,0,0,49443,40347044456,360673230074
2022-06-07,Z303GDF5,0,146053224,8,0,252336480,50020,8,0,0,0,0,0,20,0,126206,20,0,0,0,49490,40365316384,361106979582
2022-06-08,Z303GDF5,0,42474632,8,0,253242312,50044,8,0,0,0,0,0,21,0,126206,21,0,0,0,49514,40374554536,361325451161
2022-06-09,Z303GDF5,0,184052928,8,0,254023030,50067,8,0,0,0,0,0,21,0,126206,21,0,0,0,49537,40389260168,361546809618
2022-06-10,Z303GDF5,0,241140416,8,0,254785887,50091,8,0,0,0,0,0,21,0,126206,21,0,0,0,49561,40398297320,361751683918
2022-06-11,Z303GDF5,0,102852512,8,0,256137729,50115,8,0,0,0,0,0,21,0,126206,21,0,0,0,49585,40406111216,361929290015
2022-06-12,Z303GDF5,0,198500728,8,0,256618789,50138,8,0,0,0,0,0,20,0,126206,20,0,0,0,49608,40414820168,362236400427
2022-06-13,Z303GDF5,0,24176528,8,0,257264126,50162,8,0,0,0,0,0,20,0,126206,20,0,0,0,49632,40428587872,362559589540
2022-06-14,Z303GDF5,0,233122600,8,0,257845187,50185,8,0,0,0,0,0,20,0,126206,20,0,0,0,49655,40438636984,362758173246
2022-06-15,Z303GDF5,0,59047040,8,0,259458865,50209,8,0,0,0,0,0,21,0,126206,21,0,0,0,49679,40446332048,362941455826
2022-06-16,Z303GDF5,0,51433240,8,0,260283774,50233,8,0,0,0,0,0,20,0,126206,20,0,0,0,49702,40455003272,363126720650
2022-06-17,Z303GDF5,0,144997560,8,0,261043407,50256,8,0,0,0,0,0,20,0,126206,20,0,0,0,49726,40464845152,363296414732
2022-06-18,Z303GDF5,0,53462432,8,0,262237088,50280,8,0,0,0,0,0,20,0,126206,20,0,0,0,49750,40474356872,363335065840
2022-06-19,Z303GDF5,0,128821904,8,0,263247260,50304,8,0,0,0,0,0,20,0,126206,20,0,0,0,49774,40485815880,363503601972
2022-06-20,Z303GDF5,0,66761176,8,0,264144287,50328,8,0,0,0,0,0,21,0,126206,21,0,0,0,49797,40494735224,363702669800
2022-06-21,Z303GDF5,0,75580440,8,0,265064274,50351,8,0,0,0,0,0,20,0,126206,20,0,0,0,49821,40504423152,363891306263
2022-06-22,Z303GDF5,0,133424232,8,0,266434388,50387,8,0,0,0,0,0,20,0,126206,20,0,0,0,49857,40524342072,364161158176
2022-06-23,Z303GDF5,0,57538104,8,0,267866220,50411,8,0,0,0,0,0,21,0,126206,21,0,0,0,49881,40539780952,364337501736
2022-06-24,Z303GDF5,0,120417328,8,0,268936846,50435,8,0,0,0,0,0,21,0,126206,21,0,0,0,49905,40550261688,364452011652
2022-06-25,Z303GDF5,0,66440688,8,0,270257575,50459,8,0,0,0,0,0,21,0,126206,21,0,0,0,49929,40560171168,364588831856
2022-06-26,Z303GDF5,0,238306072,8,0,271043169,50483,8,0,0,0,0,0,21,0,126206,21,0,0,0,49952,40567882560,364754902903
2022-06-27,Z303GDF5,0,56527944,8,0,271943070,50506,8,0,0,0,0,0,21,0,126206,21,0,0,0,49976,40575004768,364974383677
2022-06-28,Z303GDF5,0,159910928,8,0,272861189,50530,8,0,0,0,0,0,21,0,126206,21,0,0,0,50000,40583711712,365194729535
2022-06-29,Z303GDF5,0,205138176,8,0,274010764,50542,8,0,0,0,0,0,21,0,126206,21,0,0,0,50012,40587099400,365322704814
2022-06-30,Z303GDF5,0,243325040,8,0,274880156,50566,8,0,0,0,0,0,21,0,126206,21,0,0,0,50036,40596245552,365576403981
2022-07-01,Z303GDF5,0,223622520,8,0,275697289,50590,8,0,0,0,0,0,20,0,126206,20,0,0,0,50060,40605803152,365852081563
2022-07-02,Z303GDF5,0,178815672,8,0,277080324,50613,8,0,0,0,0,0,20,0,126206,20,0,0,0,50083,40615614456,365900235433
2022-07-03,Z303GDF5,0,4595800,8,0,278247136,50637,8,0,0,0,0,0,21,0,126206,21,0,0,0,50107,40627088592,366211915554
2022-07-04,Z303GDF5,0,99666456,8,0,279199480,50660,8,0,0,0,0,0,21,0,126206,21,0,0,0,50130,40637876464,366525435981
2022-07-05,Z303GDF5,0,11234600,8,0,280082045,50684,8,0,0,0,0,0,20,0,126206,20,0,0,0,50154,40647663232,366752338836
2022-07-06,Z303GDF5,0,149690840,8,0,281336103,50708,8,0,0,0,0,0,21,0,126206,21,0,0,0,50178,40654441680,366896147884
2022-07-07,Z303GDF5,0,232360512,8,0,283250199,50743,8,0,0,0,0,0,21,0,126206,21,0,0,0,50213,40670040456,367295300435
2022-07-08,Z303GDF5,0,9415200,8,0,284073639,50767,8,0,0,0,0,0,21,0,126206,21,0,0,0,50236,40681287104,367527442299
2022-07-09,Z303GDF5,0,154318272,8,0,284862138,50790,8,0,0,0,0,0,21,0,126206,21,0,0,0,50260,40690634432,367771799124
2022-07-10,Z303GDF5,0,115115312,8,0,285701300,50814,8,0,0,0,0,0,21,0,126206,21,0,0,0,50284,40700127704,368022300566
2022-07-11,Z303GDF5,0,102417360,8,0,286524345,50838,8,0,0,0,0,0,21,0,126206,21,0,0,0,50308,40706822088,368249944710
2022-07-12,Z303GDF5,0,58634576,8,0,287381658,50863,8,0,0,0,0,0,21,0,126206,21,0,0,0,50332,40713798000,368491850956
2022-07-13,Z303GDF5,0,235955440,8,0,289000909,50886,8,0,0,0,0,0,21,0,126206,21,0,0,0,50356,40720651040,368756176972
2022-07-14,Z303GDF5,0,135557736,8,0,290067390,50910,8,0,0,0,0,0,21,0,126206,21,0,0,0,50380,40728379392,368991579518
2022-07-15,Z303GDF5,0,89283616,8,0,292230148,50933,8,0,0,0,0,0,20,0,126206,20,0,0,0,50403,40736249936,369164985202
2022-07-16,Z303GDF5,0,181410720,8,0,293558929,50957,8,0,0,0,0,0,20,0,126206,20,0,0,0,50427,40743405568,369265545321
2022-07-17,Z303GDF5,0,47308336,8,0,294292877,50981,8,0,0,0,0,0,20,0,126206,20,0,0,0,50451,40752693312,369488336149
2022-07-18,Z303GDF5,0,203830272,8,0,294963282,51005,8,0,0,0,0,0,21,0,126206,21,0,0,0,50474,40762228872,369716250193
2022-07-19,Z303GDF5,0,181466120,8,0,295584260,51028,8,0,0,0,0,0,21,0,126206,21,0,0,0,50498,40768588504,369927732269
2022-07-20,Z303GDF5,0,110880704,8,0,296783157,51052,8,0,0,0,0,0,21,0,126206,21,0,0,0,50522,40776201928,370220946565
2022-07-21,Z303GDF5,0,55648736,8,0,297267149,51076,8,0,0,0,0,0,20,0,126206,20,0,0,0,50546,40784581256,370530119153
2022-07-22,Z303GDF5,0,208554064,8,0,297756430,51099,8,0,0,0,0,0,20,0,126206,20,0,0,0,50569,40796729136,370786738835
2022-07-23,Z303GDF5,0,108603432,8,0,299190725,51123,8,0,0,0,0,0,21,0,126206,21,0,0,0,50593,40805070840,370910935842
2022-07-24,Z303GDF5,0,2022848,8,0,299684074,51147,8,0,0,0,0,0,20,0,126206,20,0,0,0,50617,40815064616,371091723181
2022-07-25,Z303GDF5,0,38346056,8,0,300294937,51171,8,0,0,0,0,0,21,0,126206,21,0,0,0,50641,40826454064,371295183673
2022-07-26,Z303GDF5,0,179798016,8,0,300998814,51195,8,0,0,0,0,0,21,0,126206,21,0,0,0,50664,40836014880,371477323237
2022-07-27,Z303GDF5,0,12923680,8,0,302344512,51218,8,0,0,0,0,0,21,0,126206,21,0,0,0,50688,40847639184,371690924618
2022-07-28,Z303GDF5,0,41568776,8,0,303166287,51242,8,0,0,0,0,0,20,0,126206,20,0,0,0,50712,40856711632,371885900242
2022-07-29,Z303GDF5,0,73032848,8,0,304033586,51265,8,0,0,0,0,0,20,0,126206,20,0,0,0,50735,40864053944,372076860618
2022-07-30,Z303GDF5,0,243268840,8,0,305521721,51289,8,0,0,0,0,0,20,0,126206,20,0,0,0,50759,40871057448,372141999800
2022-07-31,Z303GDF5,0,168324672,8,0,306315651,51313,8,0,0,0,0,0,21,0,126206,21,0,0,0,50783,40884399936,372299061605
2022-08-01,Z303GDF5,0,196239816,8,0,307085081,51336,8,0,0,0,0,0,21,0,126206,21,0,0,0,50806,40891641392,372465492183
2022-08-02,Z303GDF5,0,20770880,8,0,307973225,51360,8,0,0,0,0,0,21,0,126206,21,0,0,0,50830,40901270176,372675298807
2022-08-03,Z303GDF5,0,18422464,8,0,309637482,51384,8,0,0,0,0,0,20,0,126206,20,0,0,0,50854,40913988160,372885732162
2022-08-04,Z303GDF5,0,118820616,8,0,310353397,51408,8,0,0,0,0,0,21,0,126206,21,0,0,0,50878,40921802008,373051418466
2022-08-05,Z303GDF5,0,225937600,8,0,311227643,51431,8,0,0,0,0,0,20,0,126206,20,0,0,0,50901,40931754432,373265655744
2022-08-06,Z303GDF5,0,177613976,8,0,313673188,51455,8,0,0,0,0,0,20,0,126206,20,0,0,0,50925,40945983272,373340648540
2022-08-07,Z303GDF5,0,190143160,8,0,314613037,51479,8,0,0,0,0,0,21,0,126206,21,0,0,0,50949,40958723296,373557875310
2022-08-08,Z303GDF5,0,169894008,8,0,315583689,51502,8,0,0,0,0,0,21,0,126206,21,0,0,0,50972,40966640584,373810249488
2022-08-09,Z303GDF5,0,35383400,8,0,316387288,51526,8,0,0,0,0,0,21,0,126206,21,0,0,0,50996,40974826576,374086983185
2022-08-10,Z303GDF5,0,225679808,8,0,318063702,51550,8,0,0,0,0,0,20,0,126206,20,0,0,0,51020,40985346200,374422930572
2022-08-11,Z303GDF5,0,104010560,8,0,319778652,51573,8,0,0,0,0,0,21,0,126206,21,0,0,0,51043,40993748768,374749245636
2022-08-12,Z303GDF5,0,227362480,8,0,320806560,51597,8,0,0,0,0,0,21,0,126206,21,0,0,0,51067,41006587088,374974293794
2022-08-13,Z303GDF5,0,171506736,8,0,322334182,51621,8,0,0,0,0,0,21,0,126206,21,0,0,0,51091,41020765856,375040995399
2022-08-14,Z303GDF5,0,173943400,8,0,322890701,51644,8,0,0,0,0,0,21,0,126206,21,0,0,0,51114,41030074344,375156660141
2022-08-15,Z303GDF5,0,183760896,8,0,323834441,51668,8,0,0,0,0,0,21,0,126206,21,0,0,0,51138,41048458872,375440147211
2022-08-16,Z303GDF5,0,177911080,8,0,324681714,51692,8,0,0,0,0,0,21,0,126206,21,0,0,0,51162,41059642640,375691708707
2022-08-17,Z303GDF5,0,203444808,8,0,326084136,51716,8,0,0,0,0,0,21,0,126206,21,0,0,0,51185,41068265768,375962152812
2022-08-18,Z303GDF5,0,177272200,8,0,327090870,51739,8,0,0,0,0,0,21,0,126206,21,0,0,0,51209,41082179184,376228348711
2022-08-19,Z303GDF5,0,134125448,8,0,327885261,51763,8,0,0,0,0,0,21,0,126206,21,0,0,0,51233,41095090272,376432535315
2022-08-20,Z303GDF5,0,139799976,8,0,329434807,51786,8,0,0,0,0,0,21,0,126206,21,0,0,0,51256,41106952096,376501665668
2022-08-21,Z303GDF5,0,22629696,8,0,330408719,51810,8,0,0,0,0,0,20,0,126206,20,0,0,0,51280,41117696208,376743881043
2022-08-22,Z303GDF5,0,168823640,8,0,331906460,51846,8,0,0,0,0,0,20,0,126206,20,0,0,0,51316,41129916632,377109975806
2022-08-23,Z303GDF5,0,191931592,8,0,332929811,51870,8,0,0,0,0,0,20,0,126206,20,0,0,0,51339,41141710424,377349689570
2022-08-24,Z303GDF5,0,119266592,8,0,334482080,51893,8,0,0,0,0,0,20,0,126206,20,0,0,0,51363,41152183656,377595058933
2022-08-25,Z303GDF5,0,12981848,8,0,335165330,51917,8,0,0,0,0,0,20,0,126206,20,0,0,0,51387,41163754112,377804924761
2022-08-26,Z303GDF5,0,187659400,8,0,336913062,51941,8,0,0,0,0,0,20,0,126206,20,0,0,0,51411,41172054336,377996251094
2022-08-27,Z303GDF5,0,212244920,8,0,338245613,51965,8,0,0,0,0,0,20,0,126206,20,0,0,0,51434,41182942144,378106517607
2022-08-28,Z303GDF5,0,243130144,8,0,338916745,51988,8,0,0,0,0,0,21,0,126206,21,0,0,0,51458,41191783072,378320554152
2022-08-29,Z303GDF5,0,120147840,8,0,339565797,52012,8,0,0,0,0,0,20,0,126206,20,0,0,0,51482,41201472312,378584825587
2022-08-30,Z303GDF5,0,13134160,8,0,340017201,52036,8,0,0,0,0,0,21,0,126206,21,0,0,0,51506,41209158120,378888253181
2022-08-31,Z303GDF5,0,93281520,8,0,341266230,52060,8,0,0,0,0,0,20,0,126206,20,0,0,0,51529,41219079272,379216869390
2022-09-01,Z303GDF5,0,165273616,8,0,342012999,52083,8,0,0,0,0,0,20,0,126206,20,0,0,0,51553,41232999432,379467199000
2022-09-02,Z303GDF5,0,37659832,8,0,342727757,52107,8,0,0,0,0,0,20,0,126206,20,0,0,0,51577,41247197664,379592194960
2022-09-03,Z303GDF5,0,102352728,8,0,344395265,52131,8,0,0,0,0,0,20,0,126206,20,0,0,0,51601,41262267640,379645882357
2022-09-04,Z303GDF5,0,74513576,8,0,345462164,52154,8,0,0,0,0,0,21,0,126206,21,0,0,0,51624,41282329736,379856154438
2022-09-05,Z303GDF5,0,148305672,8,0,346218732,52178,8,0,0,0,0,0,21,0,126206,21,0,0,0,51648,41301967696,380042311620
2022-09-06,Z303GDF5,0,7623192,8,0,347008045,52202,8,0,0,0,0,0,21,0,126206,21,0,0,0,51672,41315758440,380241806714
2022-09-07,Z303GDF5,0,180250968,8,0,349041474,52226,8,0,0,0,0,0,21,0,126206,21,0,0,0,51696,41328830968,380480250845
2022-09-08,Z303GDF5,0,16470064,8,0,350205608,52249,8,0,0,0,0,0,21,0,126206,21,0,0,0,51719,41340506408,380707150619
2022-09-09,Z303GDF5,0,124560624,8,0,351035061,52273,8,0,0,0,0,0,20,0,126206,20,0,0,0,51743,41351956312,380881640972
2022-09-10,Z303GDF5,0,51915568,8,0,352941048,52308,8,0,0,0,0,0,21,0,126206,21,0,0,0,51778,41363643712,381019964580
2022-09-11,Z303GDF5,0,25500944,8,0,353832489,52332,8,0,0,0,0,0,20,0,126206,20,0,0,0,51802,41365198744,381260294174
2022-09-12,Z303GDF5,0,189788744,8,0,354574110,52355,8,0,0,0,0,0,20,0,126206,20,0,0,0,51825,41366712376,381445603562
2022-09-13,Z303GDF5,0,237402944,8,0,355300120,52379,8,0,0,0,0,0,20,0,126206,20,0,0,0,51849,41368178280,381633945158
2022-09-14,Z303GDF5,0,204529760,8,0,357545105,52403,8,0,0,0,0,0,21,0,126206,21,0,0,0,51872,41372958448,381914614876
2022-09-15,Z303GDF5,0,43607216,8,0,357899398,52414,8,0,0,0,0,0,20,0,126206,20,0,0,0,51884,41373838472,382003029943
2022-09-16,Z303GDF5,0,211444136,8,0,358741583,52438,8,0,0,0,0,0,20,0,126206,20,0,0,0,51908,41375363720,382242734170
2022-09-17,Z303GDF5,0,35836416,8,0,360940201,52461,8,0,0,0,0,0,20,0,126206,20,0,0,0,51931,41377692520,382298800267
2022-09-18,Z303GDF5,0,50324672,8,0,361684394,52485,8,0,0,0,0,0,21,0,126206,21,0,0,0,51955,41379269488,382562985297
2022-09-19,Z303GDF5,0,91195888,8,0,362635283,52509,8,0,0,0,0,0,20,0,126206,20,0,0,0,51978,41380778120,382868347909
2022-09-20,Z303GDF5,0,130375416,8,0,363861709,52544,8,0,0,0,0,0,20,0,126206,20,0,0,0,52014,41382446072,383290889935
2022-09-21,Z303GDF5,0,25589256,8,0,364991467,52556,8,0,0,0,0,0,20,0,126206,20,0,0,0,52026,41383150168,383394469829
2022-09-22,Z303GDF5,0,162573952,8,0,365584924,52580,8,0,0,0,0,0,20,0,126206,20,0,0,0,52050,41384992152,383520302184
2022-09-23,Z303GDF5,0,50802176,8,0,366294881,52604,8,0,0,0,0,0,20,0,126206,20,0,0,0,52074,41386383264,383782715557
2022-09-24,Z303GDF5,0,100854912,8,0,367804406,52628,8,0,0,0,0,0,21,0,126206,21,0,0,0,52098,41387503904,383831497007
2022-09-25,Z303GDF5,0,44511808,8,0,368967855,52663,8,0,0,0,0,0,20,0,126206,20,0,0,0,52133,41389440016,384196407948
2022-09-26,Z303GDF5,0,173826168,8,0,369699400,52687,8,0,0,0,0,0,21,0,126206,21,0,0,0,52157,41390673288,384447937904
2022-09-27,Z303GDF5,0,116699712,8,0,370485531,52711,8,0,0,0,0,0,20,0,126206,20,0,0,0,52181,41392157976,384671422099
2022-09-28,Z303GDF5,0,123221704,8,0,372619262,52735,8,0,0,0,0,0,21,0,126206,21,0,0,0,52205,41393913616,384949646595
2022-09-29,Z303GDF5,0,147402600,8,0,373564940,52758,8,0,0,0,0,0,21,0,126206,21,0,0,0,52228,41395401232,385190992353
2022-09-30,Z303GDF5,0,120784560,8,0,374741571,52782,8,0,0,0,0,0,20,0,126206,20,0,0,0,52252,41396639552,385361621511
2022-10-01,Z303GDF5,0,195051920,8,0,375966996,52806,8,0,0,0,0,0,20,0,126206,20,0,0,0,52276,41398178376,385499903593
2022-10-02,Z303GDF5,0,51128192,8,0,376721293,52829,8,0,0,0,0,0,20,0,126206,20,0,0,0,52299,41399954216,385743215082
2022-10-03,Z303GDF5,0,236793264,8,0,377346490,52853,8,0,0,0,0,0,21,0,126206,21,0,0,0,52323,41401514192,385970953145
2022-10-04,Z303GDF5,0,109063856,8,0,377975187,52877,8,0,0,0,0,0,21,0,126206,21,0,0,0,52347,41403212720,386196687648
2022-10-05,Z303GDF5,0,153955744,8,0,379920831,52901,8,0,0,0,0,0,21,0,126206,21,0,0,0,52371,41405891648,386465974833
2022-10-06,Z303GDF5,0,113237984,8,0,380315880,52924,8,0,0,0,0,0,21,0,126206,21,0,0,0,52394,41407340248,386754375421
2022-10-07,Z303GDF5,0,90034368,8,0,380946530,52948,8,0,0,0,0,0,20,0,126206,20,0,0,0,52418,41408663424,386986755401
2022-10-08,Z303GDF5,0,199981440,8,0,382787985,52972,8,0,0,0,0,0,20,0,126206,20,0,0,0,52441,41409829768,387132272494
2022-10-09,Z303GDF5,0,156249440,8,0,383167755,52996,8,0,0,0,0,0,25,0,126206,25,0,0,0,52465,41411557456,387404420916
2022-10-10,Z303GDF5,0,171383040,8,0,383533306,53019,8,0,0,0,0,0,20,0,126206,20,0,0,0,52489,41413604000,387563103627
2022-10-11,Z303GDF5,0,225941336,8,0,384076784,53043,8,0,0,0,0,0,20,0,126206,20,0,0,0,52513,41415033528,387771253678
2022-10-12,Z303GDF5,0,85133432,8,0,385324906,53067,8,0,0,0,0,0,21,0,126206,21,0,0,0,52537,41416585600,387994231765
2022-10-13,Z303GDF5,0,79417528,8,0,386101274,53091,8,0,0,0,0,0,21,0,126206,21,0,0,0,52561,41418054560,388201744047
2022-10-14,Z303GDF5,0,178294432,8,0,387069540,53115,8,0,0,0,0,0,20,0,126206,20,0,0,0,52585,41419470408,388376135026
2022-10-15,Z303GDF5,0,146077640,8,0,388379168,53139,8,0,0,0,0,0,20,0,126206,20,0,0,0,52609,41420783968,388493493899
2022-10-16,Z303GDF5,0,238828792,8,0,389204210,53163,8,0,0,0,0,0,21,0,126206,21,0,0,0,52633,41422064344,388700079913
2022-10-17,Z303GDF5,0,216754408,8,0,389896893,53187,8,0,0,0,0,0,21,0,126206,21,0,0,0,52657,41423461536,388879593951
2022-10-18,Z303GDF5,0,88377680,8,0,390718678,53211,8,0,0,0,0,0,21,0,126206,21,0,0,0,52680,41424933408,389090163043
2022-10-19,Z303GDF5,0,134015552,8,0,392177421,53234,8,0,0,0,0,0,21,0,126206,21,0,0,0,52704,41426328224,389273465136
2022-10-20,Z303GDF5,0,1191528,8,0,393075264,53258,8,0,0,0,0,0,21,0,126206,21,0,0,0,52728,41427696488,389523604654
2022-10-21,Z303GDF5,0,181349400,8,0,394044867,53282,8,0,0,0,0,0,20,0,126206,20,0,0,0,52752,41429084128,389722764720
2022-10-22,Z303GDF5,0,95444360,8,0,395541307,53306,8,0,0,0,0,0,21,0,126206,21,0,0,0,52776,41430231960,389834937818
2022-10-23,Z303GDF5,0,154361520,8,0,396361807,53330,8,0,0,0,0,0,21,0,126206,21,0,0,0,52800,41431366712,390177200807
2022-10-24,Z303GDF5,0,206965800,8,0,397313215,53354,8,0,0,0,0,0,21,0,126206,21,0,0,0,52824,41432522040,390475921506
2022-10-25,Z303GDF5,0,129478984,8,0,398207469,53378,8,0,0,0,0,0,21,0,126206,21,0,0,0,52847,41433770120,390791365791
2022-10-26,Z303GDF5,0,115536832,8,0,400520392,53402,8,0,0,0,0,0,21,0,126206,21,0,0,0,52871,41435077208,391046202940
2022-10-27,Z303GDF5,0,148461152,8,0,401603420,53425,8,0,0,0,0,0,21,0,126206,21,0,0,0,52895,41436290736,391176324379
2022-10-28,Z303GDF5,0,77229984,8,0,402459865,53449,8,0,0,0,0,0,21,0,126206,21,0,0,0,52919,41437916328,391424230951
2022-10-29,Z303GDF5,0,53559184,8,0,404007767,53472,8,0,0,0,0,0,21,0,126206,21,0,0,0,52942,41438782520,391575120699
2022-10-30,Z303GDF5,0,5501064,8,0,404737709,53496,8,0,0,0,0,0,21,0,126206,21,0,0,0,52966,41439721048,391822751714
2022-10-31,Z303GDF5,0,217530616,8,0,405546111,53520,8,0,0,0,0,0,21,0,126206,21,0,0,0,52990,41441108568,392094695040
2022-11-01,Z303GDF5,0,58401496,8,0,406226098,53543,8,0,0,0,0,0,21,0,126206,21,0,0,0,53013,41442078784,392299577650
2022-11-02,Z303GDF5,0,22201336,8,0,407700462,53567,8,0,0,0,0,0,20,0,126206,20,0,0,0,53037,41443323568,392539595027
2022-11-03,Z303GDF5,0,50122808,8,0,408644364,53591,8,0,0,0,0,0,21,0,126206,21,0,0,0,53061,41444841112,392793127766
2022-11-04,Z303GDF5,0,28253984,8,0,409571121,53615,8,0,0,0,0,0,20,0,126206,20,0,0,0,53085,41445831456,393009910860
2022-11-05,Z303GDF5,0,54421176,8,0,411088994,53639,8,0,0,0,0,0,20,0,126206,20,0,0,0,53108,41446760920,393103023461
2022-11-06,Z303GDF5,0,45081976,8,0,411807604,53662,8,0,0,0,0,0,20,0,126206,20,0,0,0,53132,41447795768,393353551192
2022-11-07,Z303GDF5,0,201679544,8,0,412395711,53686,8,0,0,0,0,0,20,0,126206,20,0,0,0,53156,41448737584,393575992170
2022-11-08,Z303GDF5,0,243209464,8,0,412991849,53710,8,0,0,0,0,0,21,0,126206,21,0,0,0,53180,41449779688,393805557698
2022-11-09,Z303GDF5,0,189141600,8,0,414596331,53734,8,0,0,0,0,0,21,0,126206,21,0,0,0,53204,41454203240,394073375020
2022-11-10,Z303GDF5,0,124961072,8,0,415108567,53758,8,0,0,0,0,0,21,0,126206,21,0,0,0,53227,41455269760,394382142129
2022-11-11,Z303GDF5,0,150919352,8,0,415436104,53781,8,0,0,0,0,0,20,0,126206,20,0,0,0,53251,41456208504,394692028641
2022-11-12,Z303GDF5,0,54069944,8,0,416778594,53805,8,0,0,0,0,0,20,0,126206,20,0,0,0,53275,41456976552,394833285194
2022-11-13,Z303GDF5,0,124153744,8,0,417025405,53829,8,0,0,0,0,0,20,0,126206,20,0,0,0,53298,41458027000,395028379671
2022-11-14,Z303GDF5,0,51713000,8,0,417422809,53852,8,0,0,0,0,0,21,0,126206,21,0,0,0,53322,41458957696,395191059291
2022-11-15,Z303GDF5,0,233975224,8,0,418014513,53876,8,0,0,0,0,0,21,0,126206,21,0,0,0,53346,41460073232,395389945257
2022-11-16,Z303GDF5,0,138785896,8,0,419265794,53900,8,0,0,0,0,0,21,0,126206,21,0,0,0,53370,41461366128,395625445806
2022-11-17,Z303GDF5,0,233229496,8,0,422233883,53935,8,0,0,0,0,0,20,0,126206,20,0,0,0,53405,41462644928,395784833912
2022-11-18,Z303GDF5,0,206368040,8,0,423078242,53947,8,0,0,0,0,0,20,0,126206,20,0,0,0,53417,41462991760,395820469550
2022-11-19,Z303GDF5,0,72079888,8,0,426336693,53983,8,0,0,0,0,0,21,0,126206,21,0,0,0,53453,41466436200,395963422617
2022-11-20,Z303GDF5,0,70358248,8,0,427155224,54007,8,0,0,0,0,0,20,0,126206,20,0,0,0,53477,41467677560,396176798856
2022-11-21,Z303GDF5,0,52373624,8,0,428512271,54031,8,0,0,0,0,0,20,0,126206,20,0,0,0,53500,41468590032,396382609154
2022-11-22,Z303GDF5,0,44936960,8,0,429173279,54054,8,0,0,0,0,0,20,0,126206,20,0,0,0,53524,41469519320,396554910999
2022-11-23,Z303GDF5,0,226799552,8,0,430537963,54078,8,0,0,0,0,0,21,0,126206,21,0,0,0,53548,41470557568,396783939436
2022-11-24,Z303GDF5,0,202571976,8,0,431210545,54102,8,0,0,0,0,0,21,0,126206,21,0,0,0,53572,41471610096,396957108502
2022-11-25,Z303GDF5,0,124418488,8,0,432365634,54126,8,0,0,0,0,0,20,0,126206,20,0,0,0,53596,41472357264,397124269120
2022-11-26,Z303GDF5,0,207641840,8,0,433676937,54150,8,0,0,0,0,0,20,0,126206,20,0,0,0,53620,41473312920,397323462928
2022-11-27,Z303GDF5,0,148940064,8,0,434418022,54174,8,0,0,0,0,0,20,0,126206,20,0,0,0,53644,41474298696,397494841150
2022-11-28,Z303GDF5,0,55252080,8,0,435204878,54198,8,0,0,0,0,0,20,0,126206,20,0,0,0,53668,41475282336,397822207777
2022-11-29,Z303GDF5,0,142836704,8,0,436096749,54222,8,0,0,0,0,0,21,0,126206,21,0,0,0,53692,41476370312,398112306836
2022-11-30,Z303GDF5,0,168159560,8,0,437790986,54246,8,0,0,0,0,0,20,0,126206,20,0,0,0,53716,41477334240,398435249467
2022-12-01,Z303GDF5,0,224119008,8,0,438562127,54270,8,0,0,0,0,0,20,0,126206,20,0,0,0,53740,41478063080,398665674910
2022-12-02,Z303GDF5,0,57427624,8,0,439593714,54294,8,0,0,0,0,0,20,0,126206,20,0,0,0,53764,41479119896,398763537267
2022-12-03,Z303GDF5,0,96155112,8,0,440664087,54318,8,0,0,0,0,0,20,0,126206,20,0,0,0,53787,41480885536,398923438190
2022-12-04,Z303GDF5,0,181202648,8,0,441473314,54342,8,0,0,0,0,0,20,0,126206,20,0,0,0,53811,41482086224,399194563508
2022-12-05,Z303GDF5,0,184383856,8,0,442171090,54365,8,0,0,0,0,0,20,0,126206,20,0,0,0,53835,41483064440,399438655837
2022-12-06,Z303GDF5,0,192001176,8,0,442946360,54389,8,0,0,0,0,0,20,0,126206,20,0,0,0,53859,41484169056,399706035085
2022-12-07,Z303GDF5,0,177836240,8,0,444330547,54413,8,0,0,0,0,0,21,0,126206,21,0,0,0,53883,41485716288,399919036415
2022-12-08,Z303GDF5,0,97776048,8,0,445934026,54436,8,0,0,0,0,0,20,0,126206,20,0,0,0,53906,41486690992,400182450331
2022-12-09,Z303GDF5,0,109996336,8,0,447085488,54460,8,0,0,0,0,0,20,0,126206,20,0,0,0,53930,41487654984,400373326330
2022-12-11,Z303GDF5,0,47782392,8,0,449371163,54508,8,0,0,0,0,0,20,0,126206,20,0,0,0,53978,41490012904,400799640852
2022-12-11,Z303GDF5,0,47782392,8,0,449371163,54508,8,0,0,0,0,0,20,0,126206,20,0,0,0,53978,41490012904,400799640852
2022-12-12,Z303GDF5,0,150967432,8,0,450022951,54532,8,0,0,0,0,0,21,0,126206,21,0,0,0,54002,41491015832,401049844623
2022-12-13,Z303GDF5,0,30130888,8,0,450618576,54556,8,0,0,0,0,0,20,0,126206,20,0,0,0,54026,41491959016,401281880808
2022-12-14,Z303GDF5,0,172304760,8,0,451917938,54579,8,0,0,0,0,0,20,0,126206,20,0,0,0,54049,41493556688,401526312034
2022-12-15,Z303GDF5,0,104090720,8,0,452473862,54603,8,0,0,0,0,0,20,0,126206,20,0,0,0,54073,41494921888,401830195986
2022-12-16,Z303GDF5,0,57727112,8,0,453058717,54627,8,0,0,0,0,0,20,0,126206,20,0,0,0,54097,41495869008,402069917316
2022-12-17,Z303GDF5,0,107449728,8,0,454119743,54651,8,0,0,0,0,0,20,0,126206,20,0,0,0,54120,41496777232,402286853304
2022-12-18,Z303GDF5,0,84056352,8,0,454340016,54674,8,0,0,0,0,0,20,0,126206,20,0,0,0,54144,41497874688,402473392782
2022-12-19,Z303GDF5,0,32573520,8,0,454663752,54698,8,0,0,0,0,0,20,0,126206,20,0,0,0,54168,41498901320,402633627867
2022-12-20,Z303GDF5,0,25468480,8,0,455150406,54722,8,0,0,0,0,0,20,0,126206,20,0,0,0,54192,41500391328,402802388923
2022-12-21,Z303GDF5,0,16666032,8,0,456626819,54746,8,0,0,0,0,0,20,0,126206,20,0,0,0,54215,41554672224,403060837911
2022-12-22,Z303GDF5,0,123506096,8,0,457384284,54769,8,0,0,0,0,0,20,0,126206,20,0,0,0,54239,41555583528,403263599402
2022-12-23,Z303GDF5,0,147969736,8,0,458208894,54793,8,0,0,0,0,0,20,0,126206,20,0,0,0,54263,41556972288,403458360675
2022-12-24,Z303GDF5,0,205170592,8,0,459718563,54817,8,0,0,0,0,0,21,0,126206,21,0,0,0,54287,41557841056,403558368098
2022-12-25,Z303GDF5,0,25708464,8,0,460432084,54840,8,0,0,0,0,0,20,0,126206,20,0,0,0,54310,41559004440,403736049609
2022-12-26,Z303GDF5,0,101459176,8,0,461246724,54864,8,0,0,0,0,0,20,0,126206,20,0,0,0,54334,41560369464,403963820479
2022-12-27,Z303GDF5,0,57681320,8,0,461915243,54888,8,0,0,0,0,0,20,0,126206,20,0,0,0,54358,41561645432,404128743903
2022-12-28,Z303GDF5,0,114630648,8,0,463503751,54912,8,0,0,0,0,0,20,0,126206,20,0,0,0,54381,41563239504,404357317376
2022-12-29,Z303GDF5,0,70170664,8,0,464717373,54935,8,0,0,0,0,0,20,0,126206,20,0,0,0,54405,41564394840,404565109318
2022-12-30,Z303GDF5,0,152326832,8,0,465514724,54959,8,0,0,0,0,0,20,0,126206,20,0,0,0,54429,41567346992,404782163777
2022-12-31,Z303GDF5,0,222867512,8,0,467901567,54982,8,0,0,0,0,0,20,0,126206,20,0,0,0,54452,41568455736,404917586558
