2022-01-01,Z3051G4N,0,40247016,8,0,167850137,52286,8,0,0,0,0,0,22,0,6906,22,0,0,0,52202,63379044416,338663524921
2022-01-02,Z3051G4N,0,72720248,8,0,169676065,52310,8,0,0,0,0,0,23,0,6906,23,0,0,0,52226,63385536472,338747676245
2022-01-03,Z3051G4N,0,194753752,8,0,170709067,52334,8,0,0,0,0,0,23,0,6906,23,0,0,0,52250,63391240144,338919091871
2022-01-04,Z3051G4N,0,120841144,8,0,171851959,52357,8,0,0,0,0,0,22,0,6906,22,0,0,0,52273,63400492512,339102253365
2022-01-05,Z3051G4N,0,192301896,8,0,174169162,52393,8,0,0,0,0,0,23,0,6906,23,0,0,0,52309,63417506536,339414712971
2022-01-06,Z3051G4N,0,161085376,8,0,177974503,52417,8,0,0,0,0,0,23,0,6906,23,0,0,0,52333,63425884360,339647412284
2022-01-07,Z3051G4N,0,62790216,8,0,180026722,52441,8,0,0,0,0,0,22,0,6906,22,0,0,0,52357,63435564456,339838517666
2022-01-08,Z3051G4N,0,209656768,8,0,181976683,52464,8,0,0,0,0,0,22,0,6906,22,0,0,0,52380,63445143608,339913788935
2022-01-09,Z3051G4N,0,124773968,8,0,183493426,52488,8,0,0,0,0,0,22,0,6906,22,0,0,0,52404,63456163088,340106553128
2022-01-10,Z3051G4N,0,91360600,8,0,184958098,52512,8,0,0,0,0,0,22,0,6906,22,0,0,0,52428,63472678400,340325725793
2022-01-11,Z3051G4N,0,208804392,8,0,186597963,52535,8,0,0,0,0,0,22,0,6906,22,0,0,0,52451,63482572488,340584376800
2022-01-12,Z3051G4N,0,241733424,8,0,187936774,52559,8,0,0,0,0,0,23,0,6908,23,0,0,0,52475,63494830840,340847631975
2022-01-13,Z3051G4N,0,73493424,8,0,191002416,52583,8,0,0,0,0,0,22,0,6908,22,0,0,0,52499,63509159328,341128419793
2022-01-14,Z3051G4N,0,188135072,8,0,193306624,52607,8,0,0,0,0,0,22,0,6908,22,0,0,0,52523,63520699480,341566089285
2022-01-15,Z3051G4N,0,164452320,8,0,195156430,52631,8,0,0,0,0,0,22,0,6908,22,0,0,0,52547,63537180840,341688668269
2022-01-16,Z3051G4N,0,162535776,8,0,196803567,52654,8,0,0,0,0,0,22,0,6908,22,0,0,0,52570,63554494352,341851339904
2022-01-17,Z3051G4N,0,103864800,8,0,198281938,52678,8,0,0,0,0,0,22,0,6908,22,0,0,0,52594,63564068872,342130285680
2022-01-18,Z3051G4N,0,10471656,8,0,199776324,52702,8,0,0,0,0,0,22,0,6908,22,0,0,0,52618,63579296328,342369069034
2022-01-19,Z3051G4N,0,161243928,8,0,201234910,52725,8,0,0,0,0,0,22,0,6908,22,0,0,0,52641,63597548864,342619552415
2022-01-20,Z3051G4N,0,17019160,8,0,204646532,52749,8,0,0,0,0,0,22,0,6908,22,0,0,0,52665,63616085408,342934957793
2022-01-21,Z3051G4N,0,44921032,8,0,205892530,52773,8,0,0,0,0,0,22,0,6908,22,0,0,0,52689,63629493656,343180629472
2022-01-22,Z3051G4N,0,58092312,8,0,207740057,52797,8,0,0,0,0,0,22,0,6908,22,0,0,0,52713,63647960104,343375192301
2022-01-23,Z3051G4N,0,35595784,8,0,209694309,52821,8,0,0,0,0,0,22,0,6908,22,0,0,0,52737,63659467552,343565536578
2022-01-24,Z3051G4N,0,148740976,8,0,210981006,52845,8,0,0,0,0,0,22,0,6908,22,0,0,0,52761,63675710624,343798766187
2022-01-25,Z3051G4N,0,161783528,8,0,212409258,52869,8,0,0,0,0,0,22,0,6908,22,0,0,0,52785,63686379312,344053268722
2022-01-26,Z3051G4N,0,2987576,8,0,213804865,52892,8,0,0,0,0,0,22,0,6910,22,0,0,0,52808,63700344320,344256363493
2022-01-27,Z3051G4N,0,69747864,8,0,217000401,52916,8,0,0,0,0,0,22,0,6910,22,0,0,0,52832,63710776376,344517733524
2022-01-28,Z3051G4N,0,210878248,8,0,218332568,52940,8,0,0,0,0,0,22,0,6910,22,0,0,0,52856,63722371072,344734968259
2022-01-29,Z3051G4N,0,218253752,8,0,220425850,52964,8,0,0,0,0,0,22,0,6910,22,0,0,0,52880,63737806256,344899769864
2022-01-30,Z3051G4N,0,17623896,8,0,223568297,52988,8,0,0,0,0,0,22,0,6910,22,0,0,0,52904,63751964640,344980374740
2022-01-31,Z3051G4N,0,163515664,8,0,225270652,53011,8,0,0,0,0,0,22,0,6910,22,0,0,0,52927,63772547312,345213533403
2022-02-01,Z3051G4N,0,99889472,8,0,226842096,53035,8,0,0,0,0,0,21,0,6910,21,0,0,0,52951,63787601928,345438720112
2022-02-02,Z3051G4N,0,99143336,8,0,228172329,53059,8,0,0,0,0,0,21,0,6913,21,0,0,0,52975,63807909712,345667107043
2022-02-03,Z3051G4N,0,146041560,8,0,231258995,53083,8,0,0,0,0,0,21,0,6913,21,0,0,0,52999,63824016304,346041931653
2022-02-04,Z3051G4N,0,118682280,8,0,232852033,53106,8,0,0,0,0,0,21,0,6913,21,0,0,0,53022,63840401128,346338781761
2022-02-05,Z3051G4N,0,49765328,8,0,235035838,53130,8,0,0,0,0,0,20,0,6915,20,0,0,0,53046,63860168920,346553666603
2022-02-06,Z3051G4N,0,118471048,8,0,237515837,53154,8,0,0,0,0,0,21,0,6915,21,0,0,0,53070,63876856096,346726516231
2022-02-07,Z3051G4N,0,91459744,8,0,238830803,53178,8,0,0,0,0,0,21,0,6915,21,0,0,0,53094,63893947936,346935093347
2022-02-08,Z3051G4N,0,70364848,8,0,240453126,53202,8,0,0,0,0,0,21,0,6915,21,0,0,0,53117,63907824608,347163250182
2022-02-09,Z3051G4N,0,215983504,8,0,241799277,53225,8,0,0,0,0,0,21,0,6915,21,0,0,0,53141,63926965256,347341992508
2022-02-10,Z3051G4N,0,46228648,8,0,245177059,53249,8,0,0,0,0,0,21,0,6916,21,0,0,0,53165,63940229048,347600629291
2022-02-11,Z3051G4N,0,106058600,8,0,247592854,53285,8,0,0,0,0,0,21,0,6916,21,0,0,0,53200,63962570904,347897375853
2022-02-12,Z3051G4N,0,211348248,8,0,249602027,53308,8,0,0,0,0,0,21,0,6916,21,0,0,0,53224,63976593440,347987574012
2022-02-13,Z3051G4N,0,81711552,8,0,251335098,53332,8,0,0,0,0,0,21,0,6916,21,0,0,0,53248,63989974728,348151076513
2022-02-14,Z3051G4N,0,122169512,8,0,252705941,53356,8,0,0,0,0,0,20,0,6916,20,0,0,0,53272,64004614568,348299910497
2022-02-15,Z3051G4N,0,105849120,8,0,254067635,53379,8,0,0,0,0,0,21,0,6916,21,0,0,0,53295,64016951256,348436451510
2022-02-16,Z3051G4N,0,104687248,8,0,255501573,53403,8,0,0,0,0,0,21,0,6916,21,0,0,0,53319,64031509624,348617581149
2022-02-17,Z3051G4N,0,190385056,8,0,257246564,53415,8,0,0,0,0,0,21,0,6916,21,0,0,0,53331,64064445440,348724316112
2022-02-18,Z3051G4N,0,51702776,8,0,259032977,53438,8,0,0,0,0,0,21,0,6917,21,0,0,0,53354,64069467184,348961656961
2022-02-19,Z3051G4N,0,184663456,8,0,260595593,53462,8,0,0,0,0,0,21,0,6917,21,0,0,0,53378,64073094184,349162460244
2022-02-20,Z3051G4N,0,202996800,8,0,262408959,53486,8,0,0,0,0,0,21,0,6918,21,0,0,0,53402,64075514200,349232629131
2022-02-21,Z3051G4N,0,120515312,8,0,263687434,53509,8,0,0,0,0,0,21,0,6918,21,0,0,0,53425,64078071200,349425713811
2022-02-22,Z3051G4N,0,32731928,8,0,264929335,53533,8,0,0,0,0,0,21,0,6918,21,0,0,0,53449,64080971152,349601684532
2022-02-23,Z3051G4N,0,149147544,8,0,267964845,53557,8,0,0,0,0,0,21,0,6918,21,0,0,0,53473,64083145944,349801355903
2022-02-24,Z3051G4N,0,148766192,8,0,270762482,53580,8,0,0,0,0,0,22,0,6918,22,0,0,0,53496,64088508856,350067234387
2022-02-25,Z3051G4N,0,47870576,8,0,272804054,53604,8,0,0,0,0,0,22,0,6919,22,0,0,0,53520,64092491736,350334489352
2022-02-26,Z3051G4N,0,22399200,8,0,274087772,53628,8,0,0,0,0,0,21,0,6923,21,0,0,0,53544,64096780240,350592456893
2022-02-27,Z3051G4N,0,56370080,8,0,275975538,53652,8,0,0,0,0,0,21,0,6923,21,0,0,0,53568,64099976224,350675359344
2022-02-28,Z3051G4N,0,227027368,8,0,278267315,53676,8,0,0,0,0,0,21,0,6923,21,0,0,0,53591,64103785920,351115361978
2022-03-01,Z3051G4N,0,231237472,8,0,279451435,53699,8,0,0,0,0,0,21,0,6923,21,0,0,0,53615,64109038584,351345994853
2022-03-02,Z3051G4N,0,51343984,8,0,280954811,53723,8,0,0,0,0,0,23,0,6923,23,0,0,0,53639,64114418096,351606644760
2022-03-03,Z3051G4N,0,50766032,8,0,284564606,53759,8,0,0,0,0,0,23,0,6924,23,0,0,0,53674,64123733744,351965453508
2022-03-04,Z3051G4N,0,82574288,8,0,285941536,53782,8,0,0,0,0,0,23,0,6924,23,0,0,0,53698,64127796072,352255744371
2022-03-05,Z3051G4N,0,121190304,8,0,287287218,53806,8,0,0,0,0,0,23,0,6926,23,0,0,0,53722,64133046472,352391991903
2022-03-06,Z3051G4N,0,151058040,8,0,289194658,53830,8,0,0,0,0,0,23,0,6926,23,0,0,0,53746,64138211976,352558393051
2022-03-07,Z3051G4N,0,107617488,8,0,290608729,53854,8,0,0,0,0,0,23,0,6926,23,0,0,0,53770,64143690680,352847781218
2022-03-08,Z3051G4N,0,93591184,8,0,291937063,53878,8,0,0,0,0,0,23,0,6926,23,0,0,0,53794,64154099056,353091085072
2022-03-09,Z3051G4N,0,65127520,8,0,293689138,53902,8,0,0,0,0,0,23,0,6926,23,0,0,0,53817,64162375752,353324832420
2022-03-10,Z3051G4N,0,37891520,8,0,297183451,53925,8,0,0,0,0,0,23,0,6926,23,0,0,0,53841,64171437600,353489944978
2022-03-11,Z3051G4N,0,163419256,8,0,299343456,53949,8,0,0,0,0,0,23,0,6926,23,0,0,0,53865,64177955504,353736938414
2022-03-12,Z3051G4N,0,154766936,8,0,301077490,53973,8,0,0,0,0,0,23,0,6926,23,0,0,0,53889,64185043680,353887975708
2022-03-13,Z3051G4N,0,169631440,8,0,303010534,53997,8,0,0,0,0,0,23,0,6926,23,0,0,0,53913,64193929568,354034033440
2022-03-14,Z3051G4N,0,177253720,8,0,304692667,54021,8,0,0,0,0,0,23,0,6926,23,0,0,0,53937,64202300208,354265144159
2022-03-15,Z3051G4N,0,85834720,8,0,306055612,54045,8,0,0,0,0,0,23,0,6926,23,0,0,0,53960,64210118552,354505824348
2022-03-16,Z3051G4N,0,80666656,8,0,307180001,54068,8,0,0,0,0,0,23,0,6926,23,0,0,0,53984,64219527704,354712905254
2022-03-17,Z3051G4N,0,146755712,8,0,310351489,54092,8,0,0,0,0,0,23,0,6926,23,0,0,0,54008,64232129552,355072981339
2022-03-18,Z3051G4N,0,39238152,8,0,311873550,54116,8,0,0,0,0,0,23,0,6928,23,0,0,0,54032,64240943056,355379877293
2022-03-19,Z3051G4N,0,159483448,8,0,314223899,54140,8,0,0,0,0,0,23,0,6928,23,0,0,0,54056,64250425312,355610285683
2022-03-20,Z3051G4N,0,75355008,8,0,316581951,54164,8,0,0,0,0,0,23,0,6928,23,0,0,0,54080,64263136464,355783625714
2022-03-21,Z3051G4N,0,12638464,8,0,317979199,54188,8,0,0,0,0,0,23,0,6928,23,0,0,0,54104,64273636736,355997543765
2022-03-22,Z3051G4N,0,12313560,8,0,319419334,54212,8,0,0,0,0,0,23,0,6928,23,0,0,0,54127,64281933696,356202441747
2022-03-23,Z3051G4N,0,165361816,8,0,322869835,54235,8,0,0,0,0,0,23,0,6930,23,0,0,0,54151,64292946864,356434737768
2022-03-24,Z3051G4N,0,225598544,8,0,326305177,54259,8,0,0,0,0,0,23,0,6930,23,0,0,0,54175,64301394856,356680695268
2022-03-25,Z3051G4N,0,233302616,8,0,328035831,54283,8,0,0,0,0,0,23,0,6930,23,0,0,0,54199,64322568848,356889501172
2022-03-26,Z3051G4N,0,69560776,8,0,329976754,54307,8,0,0,0,0,0,23,0,6930,23,0,0,0,54223,64334372296,357054496067
2022-03-27,Z3051G4N,0,87302552,8,0,331886888,54331,8,0,0,0,0,0,23,0,6930,23,0,0,0,54246,64346730888,357153359374
2022-03-28,Z3051G4N,0,54677376,8,0,333025354,54354,8,0,0,0,0,0,23,0,6930,23,0,0,0,54270,64358063552,357281805340
2022-03-29,Z3051G4N,0,176825192,8,0,334693453,54378,8,0,0,0,0,0,23,0,6930,23,0,0,0,54294,64398739552,357474452370
2022-03-30,Z3051G4N,0,164100736,8,0,335671822,54402,8,0,0,0,0,0,23,0,6930,23,0,0,0,54318,64411385136,357624435697
2022-03-31,Z3051G4N,0,186357008,8,0,338722973,54426,8,0,0,0,0,0,23,0,6931,23,0,0,0,54341,64421697752,357869442439
2022-04-01,Z3051G4N,0,170353248,8,0,340169479,54449,8,0,0,0,0,0,23,0,6931,23,0,0,0,54365,64429517440,358087151305
2022-04-02,Z3051G4N,0,57198352,8,0,341549997,54473,8,0,0,0,0,0,23,0,6931,23,0,0,0,54389,64440066824,358216637952
2022-04-03,Z3051G4N,0,203599544,8,0,343545886,54497,8,0,0,0,0,0,23,0,6931,23,0,0,0,54412,64447701568,358331583306
2022-04-04,Z3051G4N,0,19306120,8,0,344961752,54520,8,0,0,0,0,0,23,0,6931,23,0,0,0,54436,64456653320,358525285525
2022-04-05,Z3051G4N,0,91043168,8,0,346869545,54556,8,0,0,0,0,0,23,0,6931,23,0,0,0,54472,64473512504,358808323654
2022-04-06,Z3051G4N,0,185511536,8,0,347568153,54568,8,0,0,0,0,0,23,0,6931,23,0,0,0,54483,64477345976,358927005202
2022-04-07,Z3051G4N,0,153691952,8,0,350772627,54591,8,0,0,0,0,0,23,0,6932,23,0,0,0,54507,64488246944,359222446668
2022-04-08,Z3051G4N,0,109290512,8,0,352028999,54615,8,0,0,0,0,0,23,0,6932,23,0,0,0,54531,64494505928,359490225919
2022-04-09,Z3051G4N,0,27353080,8,0,353680771,54639,8,0,0,0,0,0,23,0,6932,23,0,0,0,54555,64500576048,359745449953
2022-04-10,Z3051G4N,0,74452920,8,0,355772400,54663,8,0,0,0,0,0,23,0,6932,23,0,0,0,54578,64508052736,359878127401
2022-04-11,Z3051G4N,0,147207472,8,0,356956667,54687,8,0,0,0,0,0,24,0,6932,24,0,0,0,54602,64515249832,360105151050
2022-04-12,Z3051G4N,0,89169328,8,0,358430331,54710,8,0,0,0,0,0,25,0,6932,25,0,0,0,54626,64523790568,360368587230
2022-04-13,Z3051G4N,0,207620536,8,0,359562869,54734,8,0,0,0,0,0,25,0,6932,25,0,0,0,54650,64532969840,360548767847
2022-04-14,Z3051G4N,0,20151296,8,0,362542898,54758,8,0,0,0,0,0,25,0,6933,25,0,0,0,54674,64540440312,360858110472
2022-04-15,Z3051G4N,0,189289248,8,0,364002613,54782,8,0,0,0,0,0,25,0,6933,25,0,0,0,54698,64549372440,361108521260
2022-04-16,Z3051G4N,0,150236632,8,0,366922644,54818,8,0,0,0,0,0,25,0,6933,25,0,0,0,54733,64559448440,361395130856
2022-04-17,Z3051G4N,0,93519672,8,0,368325014,54842,8,0,0,0,0,0,25,0,6933,25,0,0,0,54757,64567571632,361624310454
2022-04-18,Z3051G4N,0,211350432,8,0,369645140,54865,8,0,0,0,0,0,25,0,6933,25,0,0,0,54781,64577424304,361861088751
2022-04-19,Z3051G4N,0,71556456,8,0,371154580,54889,8,0,0,0,0,0,25,0,6933,25,0,0,0,54805,64584360792,362102855152
2022-04-20,Z3051G4N,0,234326624,8,0,372697754,54913,8,0,0,0,0,0,26,0,6934,26,0,0,0,54829,64594319368,362331690945
2022-04-21,Z3051G4N,0,94111000,8,0,376519026,54937,8,0,0,0,0,0,27,0,6934,27,0,0,0,54852,64600587200,362583503650
2022-04-22,Z3051G4N,0,145271872,8,0,379239148,54960,8,0,0,0,0,0,26,0,6934,26,0,0,0,54876,64607244976,362822944394
2022-04-23,Z3051G4N,0,171278960,8,0,381101417,54984,8,0,0,0,0,0,26,0,6934,26,0,0,0,54900,64616467080,362937138389
2022-04-24,Z3051G4N,0,65875512,8,0,382614739,55008,8,0,0,0,0,0,25,0,6934,25,0,0,0,54924,64626954696,363128158848
2022-04-25,Z3051G4N,0,205895392,8,0,383544507,55032,8,0,0,0,0,0,23,0,6934,23,0,0,0,54947,64638329928,363340936122
2022-04-26,Z3051G4N,0,195631248,8,0,384634407,55055,8,0,0,0,0,0,24,0,6934,24,0,0,0,54971,64651805632,363630933168
2022-04-27,Z3051G4N,0,234130104,8,0,385993105,55079,8,0,0,0,0,0,23,0,6935,23,0,0,0,54995,64662386776,363907768036
2022-04-28,Z3051G4N,0,41549984,8,0,390071124,55103,8,0,0,0,0,0,23,0,6935,23,0,0,0,55019,64671620320,364246215132
2022-04-29,Z3051G4N,0,121012304,8,0,391467950,55127,8,0,0,0,0,0,23,0,6935,23,0,0,0,55042,64678978912,364466173576
2022-04-30,Z3051G4N,0,104858848,8,0,393362859,55150,8,0,0,0,0,0,23,0,6935,23,0,0,0,55066,64686303248,364591931193
2022-05-01,Z3051G4N,0,204937424,8,0,394913570,55174,8,0,0,0,0,0,23,0,6935,23,0,0,0,55090,64698519000,364731680895
2022-05-02,Z3051G4N,0,179688024,8,0,396432171,55198,8,0,0,0,0,0,23,0,6935,23,0,0,0,55113,64709093344,364955244903
2022-05-03,Z3051G4N,0,189874384,8,0,397788138,55222,8,0,0,0,0,0,23,0,6935,23,0,0,0,55137,64718181136,365140966240
2022-05-04,Z3051G4N,0,125483960,8,0,399413291,55245,8,0,0,0,0,0,23,0,6937,23,0,0,0,55161,64728112224,365369003825
2022-05-05,Z3051G4N,0,127655352,8,0,402625134,55269,8,0,0,0,0,0,23,0,6937,23,0,0,0,55185,64741219816,365572939235
2022-05-06,Z3051G4N,0,13459816,8,0,403650365,55293,8,0,0,0,0,0,23,0,6937,23,0,0,0,55209,64750245912,365692559452
2022-05-07,Z3051G4N,0,211149520,8,0,405584707,55317,8,0,0,0,0,0,23,0,6937,23,0,0,0,55232,64759477032,365800873100
2022-05-08,Z3051G4N,0,137944840,8,0,406993747,55341,8,0,0,0,0,0,24,0,6937,24,0,0,0,55256,64771861856,365911072642
2022-05-09,Z3051G4N,0,104191192,8,0,408024546,55364,8,0,0,0,0,0,23,0,6937,23,0,0,0,55280,64779961768,366077184489
2022-05-10,Z3051G4N,0,133690648,8,0,409336497,55388,8,0,0,0,0,0,23,0,6937,23,0,0,0,55304,64788030344,366289636393
2022-05-11,Z3051G4N,0,1367144,8,0,410614659,55412,8,0,0,0,0,0,23,0,6937,23,0,0,0,55328,64795654216,366472154208
2022-05-12,Z3051G4N,0,53359976,8,0,413902019,55436,8,0,0,0,0,0,23,0,6937,23,0,0,0,55351,64804947624,366706982388
2022-05-13,Z3051G4N,0,78826784,8,0,415130326,55459,8,0,0,0,0,0,23,0,6937,23,0,0,0,55375,64817991416,366871918502
2022-05-14,Z3051G4N,0,219958376,8,0,416438444,55483,8,0,0,0,0,0,23,0,6937,23,0,0,0,55399,64826702960,366999791820
2022-05-15,Z3051G4N,0,181319456,8,0,418594717,55507,8,0,0,0,0,0,24,0,6937,24,0,0,0,55423,64840559168,367100271777
2022-05-16,Z3051G4N,0,40282440,8,0,421525906,55531,8,0,0,0,0,0,23,0,6937,23,0,0,0,55447,64852879944,367344743927
2022-05-17,Z3051G4N,0,11755920,8,0,422947821,55555,8,0,0,0,0,0,23,0,6937,23,0,0,0,55470,64864865872,367613095091
2022-05-18,Z3051G4N,0,132970280,8,0,424371869,55579,8,0,0,0,0,0,23,0,6937,23,0,0,0,55494,64873358160,367932417325
2022-05-19,Z3051G4N,0,159311712,8,0,427422245,55602,8,0,0,0,0,0,27,0,6938,27,0,0,0,55518,64880910568,368195951260
2022-05-20,Z3051G4N,0,97500872,8,0,428693260,55626,8,0,0,0,0,0,27,0,6938,27,0,0,0,55542,64891132552,368428050426
2022-05-21,Z3051G4N,0,133252448,8,0,430177246,55650,8,0,0,0,0,0,27,0,6938,27,0,0,0,55566,64900532264,368576422925
2022-05-22,Z3051G4N,0,35625576,8,0,432297425,55674,8,0,0,0,0,0,27,0,6938,27,0,0,0,55589,64912723568,368762381432
2022-05-23,Z3051G4N,0,40421360,8,0,433360724,55698,8,0,0,0,0,0,27,0,6938,27,0,0,0,55613,64924822016,368939382682
2022-05-24,Z3051G4N,0,124258992,8,0,434776106,55721,8,0,0,0,0,0,27,0,6938,27,0,0,0,55637,64932615888,369222861698
2022-05-25,Z3051G4N,0,20110416,8,0,436200623,55745,8,0,0,0,0,0,27,0,6938,27,0,0,0,55661,64942674456,369499721189
2022-05-26,Z3051G4N,0,171904616,8,0,439178303,55769,8,0,0,0,0,0,27,0,6939,27,0,0,0,55684,64956682656,369763945831
2022-05-27,Z3051G4N,0,88284104,8,0,440425048,55793,8,0,0,0,0,0,27,0,6939,27,0,0,0,55708,64967537560,369984540262
2022-05-28,Z3051G4N,0,233345728,8,0,441996986,55816,8,0,0,0,0,0,27,0,6939,27,0,0,0,55732,64979148704,370172076604
2022-05-29,Z3051G4N,0,39962768,8,0,444048171,55840,8,0,0,0,0,0,27,0,6939,27,0,0,0,55756,64996858176,370281591850
2022-05-30,Z3051G4N,0,131765872,8,0,445551667,55864,8,0,0,0,0,0,27,0,6939,27,0,0,0,55780,65012751664,370535317298
2022-05-31,Z3051G4N,0,28672984,8,0,447115548,55888,8,0,0,0,0,0,27,0,6939,27,0,0,0,55804,65024888808,370762360364
2022-06-01,Z3051G4N,0,105338760,8,0,448619439,55912,8,0,0,0,0,0,27,0,6939,27,0,0,0,55827,65035413592,370988890197
2022-06-02,Z3051G4N,0,67331680,8,0,451125993,55936,8,0,0,0,0,0,27,0,6939,27,0,0,0,55851,65048007440,371236515026
2022-06-03,Z3051G4N,0,118203808,8,0,452168034,55959,8,0,0,0,0,0,27,0,6940,27,0,0,0,55875,65063705744,371443335836
2022-06-04,Z3051G4N,0,182979928,8,0,454303566,55983,8,0,0,0,0,0,27,0,6940,27,0,0,0,55899,65076969192,371630680682
2022-06-05,Z3051G4N,0,232344832,8,0,456202393,56007,8,0,0,0,0,0,27,0,6940,27,0,0,0,55923,65091449304,371749638411
2022-06-07,Z3051G4N,0,185937176,8,0,458609519,56055,8,0,0,0,0,0,28,0,6940,28,0,0,0,55970,65115902104,372324514995
2022-06-08,Z3051G4N,0,200722696,8,0,461062318,56079,8,0,0,0,0,0,27,0,6940,27,0,0,0,55994,65125677040,372667789024
2022-06-09,Z3051G4N,0,140186888,8,0,464075430,56103,8,0,0,0,0,0,27,0,6941,27,0,0,0,56018,65138435064,372889991791
2022-06-10,Z3051G4N,0,125612400,8,0,465564409,56126,8,0,0,0,0,0,27,0,6941,27,0,0,0,56042,65148760968,373089761685
2022-06-11,Z3051G4N,0,219605272,8,0,467084760,56150,8,0,0,0,0,0,27,0,6941,27,0,0,0,56066,65157639968,373268248354
2022-06-12,Z3051G4N,0,54005600,8,0,469123003,56174,8,0,0,0,0,0,27,0,6941,27,0,0,0,56089,65168067512,373368641649
2022-06-13,Z3051G4N,0,194252912,8,0,470621873,56198,8,0,0,0,0,0,27,0,6941,27,0,0,0,56113,65181083368,373551031272
2022-06-14,Z3051G4N,0,179722976,8,0,472431992,56222,8,0,0,0,0,0,27,0,6941,27,0,0,0,56137,65191848632,373780958537
2022-06-15,Z3051G4N,0,66454272,8,0,473651264,56245,8,0,0,0,0,0,27,0,6941,27,0,0,0,56161,65202095024,373923540702
2022-06-16,Z3051G4N,0,119009288,8,0,477338514,56281,8,0,0,0,0,0,27,0,6944,27,0,0,0,56197,65216065680,374175299419
2022-06-17,Z3051G4N,0,118742128,8,0,478200128,56305,8,0,0,0,0,0,28,0,6944,28,0,0,0,56221,65224954168,374312030483
2022-06-18,Z3051G4N,0,91221976,8,0,479751066,56329,8,0,0,0,0,0,27,0,6944,27,0,0,0,56245,65234441128,374397101667
2022-06-19,Z3051G4N,0,146506096,8,0,481884479,56353,8,0,0,0,0,0,28,0,6944,28,0,0,0,56268,65258579968,374590242546
2022-06-20,Z3051G4N,0,180860488,8,0,483912139,56377,8,0,0,0,0,0,27,0,6944,27,0,0,0,56292,65271976672,374800014137
2022-06-21,Z3051G4N,0,174883384,8,0,485288609,56401,8,0,0,0,0,0,28,0,6944,28,0,0,0,56316,65283581368,374986204275
2022-06-22,Z3051G4N,0,11635008,8,0,486912799,56425,8,0,0,0,0,0,28,0,6946,28,0,0,0,56340,65297036920,375186023645
2022-06-23,Z3051G4N,0,175900192,8,0,489443625,56449,8,0,0,0,0,0,27,0,6946,27,0,0,0,56364,65306446056,375353840057
2022-06-24,Z3051G4N,0,235683176,8,0,490934540,56472,8,0,0,0,0,0,27,0,6946,27,0,0,0,56388,65317700648,375578972677
2022-06-25,Z3051G4N,0,100046688,8,0,492568443,56496,8,0,0,0,0,0,27,0,6946,27,0,0,0,56412,65327431360,375701754090
2022-06-26,Z3051G4N,0,3226896,8,0,494535195,56520,8,0,0,0,0,0,27,0,6946,27,0,0,0,56436,65335729176,375898636266
2022-06-27,Z3051G4N,0,181755640,8,0,495765858,56544,8,0,0,0,0,0,27,0,6946,27,0,0,0,56459,65353873320,376175106977
2022-06-28,Z3051G4N,0,178024,8,0,497153087,56568,8,0,0,0,0,0,27,0,6946,27,0,0,0,56483,65365963224,376398593527
2022-06-29,Z3051G4N,0,126589816,8,0,498332689,56592,8,0,0,0,0,0,27,0,6948,27,0,0,0,56507,65375884776,376597648953
2022-06-30,Z3051G4N,0,58833848,8,0,501461589,56615,8,0,0,0,0,0,27,0,6948,27,0,0,0,56531,65389175328,376897274435
2022-07-01,Z3051G4N,0,169089160,8,0,502514044,56639,8,0,0,0,0,0,27,0,6948,27,0,0,0,56554,65398222768,377080227253
2022-07-02,Z3051G4N,0,229724688,8,0,504261404,56663,8,0,0,0,0,0,27,0,6948,27,0,0,0,56578,65416936344,377224484659
2022-07-03,Z3051G4N,0,153531560,8,0,506109216,56687,8,0,0,0,0,0,27,0,6948,27,0,0,0,56602,65429854072,377450667321
2022-07-04,Z3051G4N,0,223692712,8,0,507405463,56710,8,0,0,0,0,0,27,0,6948,27,0,0,0,56626,65443579976,377713987538
2022-07-05,Z3051G4N,0,195675504,8,0,508739505,56734,8,0,0,0,0,0,27,0,6948,27,0,0,0,56650,65453891368,377982613772
2022-07-06,Z3051G4N,0,62399808,8,0,509987004,56758,8,0,0,0,0,0,27,0,6948,27,0,0,0,56673,65464752528,378213785368
2022-07-07,Z3051G4N,0,47101136,8,0,512813764,56782,8,0,0,0,0,0,27,0,6949,27,0,0,0,56697,65474740112,378474855983
2022-07-08,Z3051G4N,0,4313544,8,0,514254662,56806,8,0,0,0,0,0,27,0,6949,27,0,0,0,56721,65485304520,378732479484
2022-07-09,Z3051G4N,0,155947696,8,0,516886676,56829,8,0,0,0,0,0,27,0,6949,27,0,0,0,56745,65506539896,378885146333
2022-07-10,Z3051G4N,0,235731520,8,0,518951846,56853,8,0,0,0,0,0,27,0,6949,27,0,0,0,56769,65540251144,379044742475
2022-07-11,Z3051G4N,0,106111232,8,0,520455746,56877,8,0,0,0,0,0,27,0,6949,27,0,0,0,56792,65548768256,379283415866
2022-07-12,Z3051G4N,0,46157696,8,0,521316253,56901,8,0,0,0,0,0,27,0,6950,27,0,0,0,56816,65551104888,379475440994
2022-07-13,Z3051G4N,0,122298856,8,0,522115239,56925,8,0,0,0,0,0,27,0,6951,27,0,0,0,56840,65552487504,379701711884
2022-07-14,Z3051G4N,0,23490000,8,0,524833305,56949,8,0,0,0,0,0,27,0,6951,27,0,0,0,56864,65561533392,379964059414
2022-07-15,Z3051G4N,0,117176064,8,0,526081806,56972,8,0,0,0,0,0,27,0,6951,27,0,0,0,56888,65578942104,380224683151
2022-07-16,Z3051G4N,0,207991888,8,0,527335808,56996,8,0,0,0,0,0,27,0,6953,27,0,0,0,56912,65593269080,380400358256
2022-07-17,Z3051G4N,0,145445072,8,0,529154758,57020,8,0,0,0,0,0,27,0,6953,27,0,0,0,56936,65609812912,380580622398
2022-07-18,Z3051G4N,0,91441672,8,0,531214727,57044,8,0,0,0,0,0,28,0,6953,28,0,0,0,56959,65627263224,380891936568
2022-07-19,Z3051G4N,0,109368048,8,0,532825596,57068,8,0,0,0,0,0,27,0,6953,27,0,0,0,56983,65641572752,381142589290
2022-07-20,Z3051G4N,0,209765456,8,0,534244354,57091,8,0,0,0,0,0,27,0,6954,27,0,0,0,57007,65656290928,381358885332
2022-07-21,Z3051G4N,0,77183168,8,0,537363834,57115,8,0,0,0,0,0,27,0,6954,27,0,0,0,57030,65668433904,381604157185
2022-07-22,Z3051G4N,0,48154808,8,0,538767924,57139,8,0,0,0,0,0,27,0,6954,27,0,0,0,57054,65681470064,381796732430
2022-07-23,Z3051G4N,0,162538672,8,0,540191285,57163,8,0,0,0,0,0,27,0,6955,27,0,0,0,57078,65692110760,381916903932
2022-07-24,Z3051G4N,0,224818376,8,0,541995394,57186,8,0,0,0,0,0,27,0,6955,27,0,0,0,57102,65701516648,382008948753
2022-07-25,Z3051G4N,0,118182456,8,0,543700778,57210,8,0,0,0,0,0,27,0,6955,27,0,0,0,57125,65708459192,382239032881
2022-07-26,Z3051G4N,0,10462624,8,0,544836533,57234,8,0,0,0,0,0,27,0,6955,27,0,0,0,57149,65719722472,382368442125
2022-07-27,Z3051G4N,0,143840968,8,0,546003771,57258,8,0,0,0,0,0,27,0,6956,27,0,0,0,57173,65730568952,382495947448
2022-07-28,Z3051G4N,0,149620008,8,0,548714100,57282,8,0,0,0,0,0,27,0,6956,27,0,0,0,57197,65740748560,382694263877
2022-07-29,Z3051G4N,0,71439936,8,0,549927855,57305,8,0,0,0,0,0,28,0,6956,28,0,0,0,57221,65753025080,382902339821
2022-07-30,Z3051G4N,0,156822824,8,0,551526458,57329,8,0,0,0,0,0,27,0,6956,27,0,0,0,57244,65761002704,383073539057
2022-07-31,Z3051G4N,0,73541304,8,0,553270062,57353,8,0,0,0,0,0,27,0,6956,27,0,0,0,57268,65777111464,383161724475
2022-08-01,Z3051G4N,0,153177848,8,0,555692144,57377,8,0,0,0,0,0,27,0,6956,27,0,0,0,57292,65788009488,383381970787
2022-08-02,Z3051G4N,0,230448472,8,0,556832180,57401,8,0,0,0,0,0,27,0,6956,27,0,0,0,57316,65804421400,383528789761
2022-08-03,Z3051G4N,0,180355152,8,0,558189242,57425,8,0,0,0,0,0,27,0,6956,27,0,0,0,57340,65818052392,383730001219
2022-08-04,Z3051G4N,0,240382528,8,0,561357910,57448,8,0,0,0,0,0,27,0,6957,27,0,0,0,57364,65826548352,384008879770
2022-08-05,Z3051G4N,0,76253624,8,0,562789738,57472,8,0,0,0,0,0,27,0,6957,27,0,0,0,57387,65835472888,384267280826
2022-08-06,Z3051G4N,0,35092472,8,0,564223621,57496,8,0,0,0,0,0,27,0,6957,27,0,0,0,57411,65845317720,384486499209
2022-08-07,Z3051G4N,0,87800392,8,0,566074171,57520,8,0,0,0,0,0,27,0,6957,27,0,0,0,57435,65855002016,384604406853
2022-08-08,Z3051G4N,0,70605088,8,0,567307464,57544,8,0,0,0,0,0,27,0,6957,27,0,0,0,57459,65862812088,384809440921
2022-08-09,Z3051G4N,0,61294832,8,0,568556752,57568,8,0,0,0,0,0,27,0,6957,27,0,0,0,57483,65871226640,385032825810
2022-08-10,Z3051G4N,0,41603136,8,0,570084667,57591,8,0,0,0,0,0,27,0,6957,27,0,0,0,57507,65879897384,385266241702
2022-08-11,Z3051G4N,0,98059704,8,0,573912390,57627,8,0,0,0,0,0,27,0,6957,27,0,0,0,57542,65894293048,385685889009
2022-08-12,Z3051G4N,0,192431560,8,0,575319350,57651,8,0,0,0,0,0,27,0,6957,27,0,0,0,57566,65906169616,385969379258
2022-08-13,Z3051G4N,0,45690960,8,0,577273716,57675,8,0,0,0,0,0,27,0,6957,27,0,0,0,57590,65913547080,386082152213
2022-08-14,Z3051G4N,0,7702440,8,0,578601521,57699,8,0,0,0,0,0,27,0,6957,27,0,0,0,57614,65921163800,386297547524
2022-08-15,Z3051G4N,0,36205592,8,0,579856048,57722,8,0,0,0,0,0,27,0,6957,27,0,0,0,57638,65930075920,386519552157
2022-08-16,Z3051G4N,0,11176080,8,0,581835259,57746,8,0,0,0,0,0,27,0,6957,27,0,0,0,57662,65942969576,386773561469
2022-08-17,Z3051G4N,0,106606232,8,0,582516742,57758,8,0,0,0,0,0,27,0,6957,27,0,0,0,57673,65946802824,386895334148
2022-08-18,Z3051G4N,0,133616944,8,0,585655495,57782,8,0,0,0,0,0,27,0,6958,27,0,0,0,57697,65957624808,387168489193
2022-08-19,Z3051G4N,0,223113200,8,0,587358138,57806,8,0,0,0,0,0,27,0,6958,27,0,0,0,57721,65970783376,387429440620
2022-08-20,Z3051G4N,0,109371184,8,0,588683666,57830,8,0,0,0,0,0,27,0,6958,27,0,0,0,57745,65981734584,387592243916
2022-08-21,Z3051G4N,0,191229416,8,0,590566988,57854,8,0,0,0,0,0,27,0,6958,27,0,0,0,57769,65993172632,387700410038
2022-08-22,Z3051G4N,0,237762360,8,0,591452446,57878,8,0,0,0,0,0,27,0,6958,27,0,0,0,57793,66002080032,387925914165
2022-08-23,Z3051G4N,0,222448528,8,0,592359938,57902,8,0,0,0,0,0,27,0,6958,27,0,0,0,57817,66009847424,388155574847
2022-08-24,Z3051G4N,0,29160976,8,0,594274322,57938,8,0,0,0,0,0,27,0,6959,27,0,0,0,57853,66025321976,388541494319
2022-08-25,Z3051G4N,0,136786136,8,0,596857180,57961,8,0,0,0,0,0,27,0,6959,27,0,0,0,57877,66035495232,388891156320
2022-08-26,Z3051G4N,0,62000472,8,0,598883278,57985,8,0,0,0,0,0,27,0,6959,27,0,0,0,57901,66043559720,389199872484
2022-08-27,Z3051G4N,0,106480840,8,0,601032384,58009,8,0,0,0,0,0,27,0,6959,27,0,0,0,57924,66057363160,389325584212
2022-08-28,Z3051G4N,0,209650552,8,0,602570668,58033,8,0,0,0,0,0,27,0,6959,27,0,0,0,57948,66067515272,389513361527
2022-08-29,Z3051G4N,0,33168440,8,0,604140028,58057,8,0,0,0,0,0,27,0,6959,27,0,0,0,57972,66080860696,389735186779
2022-08-30,Z3051G4N,0,78754168,8,0,605495097,58081,8,0,0,0,0,0,27,0,6959,27,0,0,0,57996,66094333112,389932439410
2022-08-31,Z3051G4N,0,36813784,8,0,607140987,58105,8,0,0,0,0,0,28,0,6960,28,0,0,0,58020,66111039032,390140499061
2022-09-01,Z3051G4N,0,172857800,8,0,610637544,58129,8,0,0,0,0,0,27,0,6960,27,0,0,0,58044,66127477640,390378223579
2022-09-02,Z3051G4N,0,54819608,8,0,612355516,58152,8,0,0,0,0,0,27,0,6960,27,0,0,0,58068,66143153304,390564924435
2022-09-03,Z3051G4N,0,183327296,8,0,613944803,58176,8,0,0,0,0,0,27,0,6960,27,0,0,0,58092,66156120688,390643001930
2022-09-04,Z3051G4N,0,43275176,8,0,616228509,58200,8,0,0,0,0,0,27,0,6960,27,0,0,0,58115,66174883392,390754615113
2022-09-05,Z3051G4N,0,181339768,8,0,617533704,58224,8,0,0,0,0,0,27,0,6960,27,0,0,0,58139,66191893824,390908074761
2022-09-06,Z3051G4N,0,111560232,8,0,618648880,58248,8,0,0,0,0,0,27,0,6960,27,0,0,0,58163,66209758392,391084648178
2022-09-07,Z3051G4N,0,15994504,8,0,620700339,58272,8,0,0,0,0,0,27,0,6960,27,0,0,0,58187,66276461448,391361943668
2022-09-08,Z3051G4N,0,119917288,8,0,623582192,58296,8,0,0,0,0,0,27,0,6961,27,0,0,0,58211,66290712872,391582291521
2022-09-09,Z3051G4N,0,19846968,8,0,625155619,58320,8,0,0,0,0,0,27,0,6961,27,0,0,0,58235,66305982528,391800969989
2022-09-10,Z3051G4N,0,26062816,8,0,626829241,58344,8,0,0,0,0,0,27,0,6962,27,0,0,0,58259,66319025248,391906362448
2022-09-11,Z3051G4N,0,219295056,8,0,628500921,58368,8,0,0,0,0,0,27,0,6962,27,0,0,0,58283,66331469592,392047621338
2022-09-12,Z3051G4N,0,19657624,8,0,629991158,58391,8,0,0,0,0,0,27,0,6962,27,0,0,0,58307,66342708392,392277697496
2022-09-13,Z3051G4N,0,61157344,8,0,631523722,58415,8,0,0,0,0,0,27,0,6962,27,0,0,0,58330,66356281448,392539666697
2022-09-14,Z3051G4N,0,21054288,8,0,632884846,58439,8,0,0,0,0,0,27,0,6962,27,0,0,0,58354,66367553408,392824538966
2022-09-15,Z3051G4N,0,104699048,8,0,635768053,58463,8,0,0,0,0,0,27,0,6963,27,0,0,0,58378,66377008656,393062166133
2022-09-16,Z3051G4N,0,88376176,8,0,636904645,58487,8,0,0,0,0,0,27,0,6963,27,0,0,0,58402,66387599960,393277095065
2022-09-17,Z3051G4N,0,176627648,8,0,638852497,58511,8,0,0,0,0,0,27,0,6977,27,0,0,0,58426,66388886272,393407569469
2022-09-18,Z3051G4N,0,240491752,8,0,640167081,58535,8,0,0,0,0,0,27,0,6977,27,0,0,0,58450,66390714672,393603438639
2022-09-19,Z3051G4N,0,151129824,8,0,642660985,58559,8,0,0,0,0,0,27,0,6978,27,0,0,0,58474,66392367416,393869936797
2022-09-20,Z3051G4N,0,168048856,8,0,644905019,58583,8,0,0,0,0,0,27,0,6978,27,0,0,0,58498,66393738432,394124601762
2022-09-21,Z3051G4N,0,83797512,8,0,646364078,58606,8,0,0,0,0,0,27,0,6979,27,0,0,0,58521,66395055424,394426565912
2022-09-22,Z3051G4N,0,43265936,8,0,649197582,58630,8,0,0,0,0,0,27,0,6979,27,0,0,0,58545,66396900456,394648008163
2022-09-23,Z3051G4N,0,213130288,8,0,650525214,58654,8,0,0,0,0,0,27,0,6979,27,0,0,0,58569,66398541448,394880808401
2022-09-24,Z3051G4N,0,107994888,8,0,652215411,58678,8,0,0,0,0,0,27,0,6979,27,0,0,0,58593,66399730432,395028881930
2022-09-25,Z3051G4N,0,236174824,8,0,654089685,58702,8,0,0,0,0,0,27,0,6979,27,0,0,0,58617,66401424944,395225010643
2022-09-26,Z3051G4N,0,58168296,8,0,655613873,58726,8,0,0,0,0,0,27,0,6979,27,0,0,0,58641,66402854296,395457764412
2022-09-27,Z3051G4N,0,20181880,8,0,657537488,58750,8,0,0,0,0,0,27,0,6979,27,0,0,0,58665,66404197328,395726177542
2022-09-28,Z3051G4N,0,240233800,8,0,658220962,58774,8,0,0,0,0,0,27,0,6980,27,0,0,0,58689,66405572392,395922547365
2022-09-29,Z3051G4N,0,159078696,8,0,660898732,58797,8,0,0,0,0,0,27,0,6980,27,0,0,0,58712,66407150200,396188546753
2022-09-30,Z3051G4N,0,86895928,8,0,661861267,58821,8,0,0,0,0,0,27,0,6980,27,0,0,0,58736,66408556928,396448463427
2022-10-01,Z3051G4N,0,186958104,8,0,663130430,58846,8,0,0,0,0,0,27,0,7002,27,0,0,0,58761,66409826768,396620303401
2022-10-02,Z3051G4N,0,216662864,8,0,664185589,58870,8,0,0,0,0,0,27,0,7006,27,0,0,0,58785,66411683224,396909355250
2022-10-03,Z3051G4N,0,221231728,8,0,665444224,58894,8,0,0,0,0,0,28,0,7006,28,0,0,0,58809,66413958888,397213806762
2022-10-04,Z3051G4N,0,241416360,8,0,667693576,58918,8,0,0,0,0,0,27,0,7006,27,0,0,0,58832,66415420328,397545369818
2022-10-05,Z3051G4N,0,99498824,8,0,669487639,58942,8,0,0,0,0,0,27,0,7006,27,0,0,0,58856,66417066440,397748275353
2022-10-06,Z3051G4N,0,167697640,8,0,672673645,58965,8,0,0,0,0,0,27,0,7009,27,0,0,0,58880,66418838528,397987195044
2022-10-07,Z3051G4N,0,74981192,8,0,673934446,58989,8,0,0,0,0,0,27,0,7010,27,0,0,0,58904,66420221608,398179107711
2022-10-08,Z3051G4N,0,142212904,8,0,675493190,59013,8,0,0,0,0,0,27,0,7019,27,0,0,0,58928,66421453784,398277318640
2022-10-09,Z3051G4N,0,21449632,8,0,677344086,59037,8,0,0,0,0,0,31,0,7019,31,0,0,0,58952,66423013776,398425508133
2022-10-10,Z3051G4N,0,93177872,8,0,678819085,59061,8,0,0,0,0,0,27,0,7019,27,0,0,0,58976,66424664432,398625798430
2022-10-11,Z3051G4N,0,64712208,8,0,679862469,59085,8,0,0,0,0,0,27,0,7019,27,0,0,0,59000,66426265176,398753505423
2022-10-12,Z3051G4N,0,209115944,8,0,680995229,59109,8,0,0,0,0,0,27,0,7020,27,0,0,0,59024,66430607152,398894777719
2022-10-13,Z3051G4N,0,117656120,8,0,683861704,59133,8,0,0,0,0,0,27,0,7020,27,0,0,0,59047,66433030512,399115670506
2022-10-14,Z3051G4N,0,24985208,8,0,685265236,59157,8,0,0,0,0,0,27,0,7020,27,0,0,0,59071,66434636992,399356203926
2022-10-15,Z3051G4N,0,205866392,8,0,686478413,59181,8,0,0,0,0,0,27,0,7077,27,0,0,0,59095,66435767136,399438151108
2022-10-16,Z3051G4N,0,14360192,8,0,688429396,59204,8,0,0,0,0,0,28,0,7078,28,0,0,0,59119,66436972800,399602776027
2022-10-17,Z3051G4N,0,168053048,8,0,689727810,59228,8,0,0,0,0,0,27,0,7078,27,0,0,0,59143,66438343848,399806529901
2022-10-18,Z3051G4N,0,104270272,8,0,691038937,59252,8,0,0,0,0,0,27,0,7078,27,0,0,0,59167,66439776664,400018991297
2022-10-19,Z3051G4N,0,87830112,8,0,693055412,59276,8,0,0,0,0,0,27,0,7079,27,0,0,0,59191,66441471592,400290101225
2022-10-20,Z3051G4N,0,142884384,8,0,696081342,59300,8,0,0,0,0,0,27,0,7079,27,0,0,0,59214,66443400160,400588628617
2022-10-21,Z3051G4N,0,200459456,8,0,697274696,59324,8,0,0,0,0,0,27,0,7079,27,0,0,0,59238,66444719704,400806724917
2022-10-22,Z3051G4N,0,136717512,8,0,698748735,59348,8,0,0,0,0,0,27,0,7082,27,0,0,0,59262,66446443680,400925864460
2022-10-23,Z3051G4N,0,25548320,8,0,700392044,59372,8,0,0,0,0,0,27,0,7084,27,0,0,0,59286,66447856296,401112823525
2022-10-24,Z3051G4N,0,22581592,8,0,701583420,59396,8,0,0,0,0,0,27,0,7084,27,0,0,0,59310,66449761368,401331316313
2022-10-25,Z3051G4N,0,178278288,8,0,703156455,59419,8,0,0,0,0,0,27,0,7085,27,0,0,0,59334,66451247288,401593002843
2022-10-26,Z3051G4N,0,21942912,8,0,704222337,59443,8,0,0,0,0,0,27,0,7085,27,0,0,0,59358,66452600088,401828170608
2022-10-27,Z3051G4N,0,231643376,8,0,707406342,59467,8,0,0,0,0,0,27,0,7085,27,0,0,0,59382,66454110184,402151113158
2022-10-28,Z3051G4N,0,107549640,8,0,708560340,59491,8,0,0,0,0,0,27,0,7085,27,0,0,0,59406,66455565776,402374588517
2022-10-29,Z3051G4N,0,148453368,8,0,709970145,59515,8,0,0,0,0,0,27,0,7092,27,0,0,0,59429,66456246448,402515281768
2022-10-30,Z3051G4N,0,187247848,8,0,711872923,59539,8,0,0,0,0,0,28,0,7094,28,0,0,0,59453,66457373432,402684656884
2022-10-31,Z3051G4N,0,149574376,8,0,713232775,59563,8,0,0,0,0,0,27,0,7094,27,0,0,0,59477,66458494136,402927183914
2022-11-01,Z3051G4N,0,236875624,8,0,714740438,59586,8,0,0,0,0,0,27,0,7095,27,0,0,0,59501,66459423592,403165919463
2022-11-02,Z3051G4N,0,225200608,8,0,715714657,59610,8,0,0,0,0,0,27,0,7096,27,0,0,0,59524,66461523360,403379324320
2022-11-03,Z3051G4N,0,45999880,8,0,718280887,59634,8,0,0,0,0,0,27,0,7096,27,0,0,0,59548,66462873208,403626258628
2022-11-04,Z3051G4N,0,63214760,8,0,719067235,59657,8,0,0,0,0,0,27,0,7096,27,0,0,0,59572,66464419880,403851991391
2022-11-05,Z3051G4N,0,106572800,8,0,720287371,59681,8,0,0,0,0,0,27,0,7127,27,0,0,0,59595,66465405696,404034789989
2022-11-06,Z3051G4N,0,122524168,8,0,721856800,59705,8,0,0,0,0,0,27,0,7129,27,0,0,0,59619,66466197928,404165795319
2022-11-07,Z3051G4N,0,83018744,8,0,722839321,59728,8,0,0,0,0,0,27,0,7136,27,0,0,0,59643,66467122080,404457534521
2022-11-08,Z3051G4N,0,176491680,8,0,724112239,59752,8,0,0,0,0,0,28,0,7136,28,0,0,0,59666,66467930336,404765074086
2022-11-09,Z3051G4N,0,180538600,8,0,726249168,59776,8,0,0,0,0,0,28,0,7136,28,0,0,0,59690,66468921632,405081818185
2022-11-10,Z3051G4N,0,145358200,8,0,729183228,59800,8,0,0,0,0,0,27,0,7137,27,0,0,0,59714,66470004504,405309914033
2022-11-11,Z3051G4N,0,145926272,8,0,730939625,59824,8,0,0,0,0,0,27,0,7137,27,0,0,0,59738,66470923296,405519411449
2022-11-12,Z3051G4N,0,41956656,8,0,732496242,59847,8,0,0,0,0,0,27,0,7165,27,0,0,0,59761,66471766816,405666019938
2022-11-13,Z3051G4N,0,182567504,8,0,734356495,59871,8,0,0,0,0,0,27,0,7165,27,0,0,0,59785,66472889520,405787379996
2022-11-14,Z3051G4N,0,156608040,8,0,735778065,59895,8,0,0,0,0,0,27,0,7166,27,0,0,0,59809,66473941176,405991395881
2022-11-15,Z3051G4N,0,130067584,8,0,736921814,59919,8,0,0,0,0,0,27,0,7167,27,0,0,0,59833,66475060696,406135440823
2022-11-16,Z3051G4N,0,207548920,8,0,737794955,59943,8,0,0,0,0,0,27,0,7167,27,0,0,0,59857,66476379160,406246614935
2022-11-17,Z3051G4N,0,28164128,8,0,741801844,59978,8,0,0,0,0,0,27,0,7168,27,0,0,0,59892,66478010456,406369429837
2022-11-18,Z3051G4N,0,144150840,8,0,744905598,60002,8,0,0,0,0,0,27,0,7168,27,0,0,0,59916,66478848000,406448270462
2022-11-19,Z3051G4N,0,236160512,8,0,747590449,60025,8,0,0,0,0,0,27,0,7169,27,0,0,0,59939,66481998184,406560615395
2022-11-20,Z3051G4N,0,54619800,8,0,748452377,60049,8,0,0,0,0,0,27,0,7169,27,0,0,0,59963,66482969368,406725313026
2022-11-21,Z3051G4N,0,181033872,8,0,749700260,60073,8,0,0,0,0,0,27,0,7170,27,0,0,0,59987,66483753808,406951814376
2022-11-22,Z3051G4N,0,89935336,8,0,750955476,60096,8,0,0,0,0,0,27,0,7170,27,0,0,0,60010,66484799344,407145171306
2022-11-23,Z3051G4N,0,116335104,8,0,752503774,60120,8,0,0,0,0,0,28,0,7170,28,0,0,0,60034,66485950736,407367509198
2022-11-24,Z3051G4N,0,100403952,8,0,755332708,60144,8,0,0,0,0,0,27,0,7170,27,0,0,0,60058,66488270184,407597240821
2022-11-25,Z3051G4N,0,191979960,8,0,756645714,60168,8,0,0,0,0,0,27,0,7171,27,0,0,0,60082,66489570080,407819412976
2022-11-26,Z3051G4N,0,232078232,8,0,758826323,60191,8,0,0,0,0,0,27,0,7185,27,0,0,0,60105,66490365920,407970308573
2022-11-27,Z3051G4N,0,203618024,8,0,760436956,60215,8,0,0,0,0,0,27,0,7188,27,0,0,0,60129,66491323656,408178685425
2022-11-28,Z3051G4N,0,25321848,8,0,761893636,60238,8,0,0,0,0,0,27,0,7188,27,0,0,0,60152,66527415088,408452144590
2022-11-29,Z3051G4N,0,223840,8,0,762842080,60262,8,0,0,0,0,0,27,0,7188,27,0,0,0,60176,66528104832,408654840502
2022-11-30,Z3051G4N,0,202680944,8,0,764407964,60286,8,0,0,0,0,0,28,0,7189,28,0,0,0,60200,66528985912,408906718429
2022-12-01,Z3051G4N,0,1103824,8,0,766938340,60310,8,0,0,0,0,0,27,0,7189,27,0,0,0,60224,66529999072,409097619237
2022-12-02,Z3051G4N,0,94719608,8,0,768181533,60334,8,0,0,0,0,0,27,0,7189,27,0,0,0,60248,66531032248,409367430421
2022-12-03,Z3051G4N,0,58324448,8,0,769745586,60357,8,0,0,0,0,0,27,0,7214,27,0,0,0,60271,66531921920,409519597390
2022-12-04,Z3051G4N,0,76908096,8,0,771705240,60381,8,0,0,0,0,0,28,0,7214,28,0,0,0,60295,66532842744,409749763313
2022-12-05,Z3051G4N,0,145898984,8,0,772697071,60405,8,0,0,0,0,0,27,0,7215,27,0,0,0,60319,66535560376,409946735013
2022-12-06,Z3051G4N,0,154790480,8,0,773964111,60429,8,0,0,0,0,0,28,0,7215,28,0,0,0,60343,66536452264,410170742607
2022-12-07,Z3051G4N,0,155936712,8,0,775310314,60452,8,0,0,0,0,0,28,0,7216,28,0,0,0,60366,66537367088,410423586131
2022-12-08,Z3051G4N,0,197246688,8,0,778540610,60476,8,0,0,0,0,0,28,0,7216,28,0,0,0,60390,66538355472,410679464184
2022-12-09,Z3051G4N,0,135302112,8,0,779661825,60500,8,0,0,0,0,0,28,0,7216,28,0,0,0,60414,66539462216,410910229616
2022-12-11,Z3051G4N,0,92687064,8,0,782416826,60547,8,0,0,0,0,0,28,0,7234,28,0,0,0,60461,66541335400,411244576774
2022-12-11,Z3051G4N,0,92687064,8,0,782416826,60547,8,0,0,0,0,0,28,0,7234,28,0,0,0,60461,66541335400,411244576774
2022-12-12,Z3051G4N,0,240113904,8,0,783289177,60571,8,0,0,0,0,0,28,0,7234,28,0,0,0,60485,66542360304,411488574048
2022-12-13,Z3051G4N,0,152919744,8,0,784686225,60595,8,0,0,0,0,0,28,0,7247,28,0,0,0,60508,66543354496,411771208283
2022-12-14,Z3051G4N,0,127164872,8,0,785699697,60618,8,0,0,0,0,0,27,0,7248,27,0,0,0,60532,66544765040,412083443215
2022-12-15,Z3051G4N,0,35186832,8,0,789419403,60642,8,0,0,0,0,0,28,0,7248,28,0,0,0,60556,66546297872,412422179415
2022-12-16,Z3051G4N,0,155061616,8,0,790881591,60666,8,0,0,0,0,0,28,0,7248,28,0,0,0,60580,66547190312,412651689139
2022-12-17,Z3051G4N,0,67465056,8,0,792392366,60690,8,0,0,0,0,0,27,0,7270,27,0,0,0,60604,66548697304,412802761354
2022-12-18,Z3051G4N,0,241752872,8,0,794048098,60714,8,0,0,0,0,0,27,0,7288,27,0,0,0,60627,66550100496,412905833923
2022-12-19,Z3051G4N,0,161322752,8,0,795386039,60738,8,0,0,0,0,0,28,0,7288,28,0,0,0,60651,66551323992,413117200991
2022-12-20,Z3051G4N,0,180016816,8,0,796524671,60762,8,0,0,0,0,0,27,0,7288,27,0,0,0,60675,66552719192,413277591932
2022-12-21,Z3051G4N,0,44279552,8,0,798190109,60786,8,0,0,0,0,0,28,0,7288,28,0,0,0,60699,66554038248,413508314618
2022-12-22,Z3051G4N,0,227006464,8,0,800807805,60809,8,0,0,0,0,0,27,0,7289,27,0,0,0,60723,66555198648,413651801156
2022-12-23,Z3051G4N,0,51551296,8,0,802211782,60833,8,0,0,0,0,0,27,0,7289,27,0,0,0,60747,66556225712,413777609018
2022-12-24,Z3051G4N,0,33259736,8,0,803466317,60857,8,0,0,0,0,0,27,0,7313,27,0,0,0,60771,66557223352,413919626619
2022-12-25,Z3051G4N,0,155633224,8,0,805173997,60881,8,0,0,0,0,0,28,0,7313,28,0,0,0,60795,66558274664,414044571476
2022-12-26,Z3051G4N,0,140092360,8,0,806561221,60905,8,0,0,0,0,0,27,0,7313,27,0,0,0,60819,66559252456,414282849878
2022-12-27,Z3051G4N,0,184281984,8,0,807734545,60929,8,0,0,0,0,0,28,0,7313,28,0,0,0,60843,66560261664,414463408407
2022-12-28,Z3051G4N,0,51508144,8,0,809071974,60953,8,0,0,0,0,0,27,0,7315,27,0,0,0,60867,66562283048,414665604852
2022-12-29,Z3051G4N,0,110525576,8,0,812074504,60977,8,0,0,0,0,0,27,0,7316,27,0,0,0,60891,66563735664,414899863432
2022-12-30,Z3051G4N,0,25510336,8,0,813507258,61001,8,0,0,0,0,0,27,0,7316,27,0,0,0,60915,66564890400,415154204072
2022-12-31,Z3051G4N,0,128512432,8,0,814938357,61025,8,0,0,0,0,0,27,0,7316,27,0,0,0,60939,66565984864,415354637813
