2022-01-01,Z305GWSJ,0,39758768,6,0,874753825,51489,6,0,0,0,0,0,23,0,3902,23,0,0,0,51446,59483146680,380820430755
2022-01-02,Z305GWSJ,0,157053408,6,0,875643713,51512,6,0,0,0,0,0,23,0,3902,23,0,0,0,51470,59498831768,381108871592
2022-01-03,Z305GWSJ,0,72270904,6,0,876288603,51536,6,0,0,0,0,0,23,0,3902,23,0,0,0,51494,59509609880,381295263626
2022-01-04,Z305GWSJ,0,227438736,6,0,877061084,51560,6,0,0,0,0,0,22,0,3902,22,0,0,0,51517,59522802984,381517778775
2022-01-05,Z305GWSJ,0,142457064,6,0,877718409,51583,6,0,0,0,0,0,22,0,3902,22,0,0,0,51541,59536664760,381679053580
2022-01-06,Z305GWSJ,0,240427688,6,0,879638860,51607,6,0,0,0,0,0,23,0,3902,23,0,0,0,51565,59559425024,381949085541
2022-01-07,Z305GWSJ,0,234857488,6,0,880524683,51631,6,0,0,0,0,0,23,0,3902,23,0,0,0,51588,59572058512,382180358166
2022-01-08,Z305GWSJ,0,48668016,6,0,883320771,51654,6,0,0,0,0,0,22,0,3902,22,0,0,0,51612,59582544168,382312544428
2022-01-09,Z305GWSJ,0,158183088,6,0,884110557,51678,6,0,0,0,0,0,23,0,3902,23,0,0,0,51635,59598743888,382480565379
2022-01-10,Z305GWSJ,0,73192448,6,0,884908358,51701,6,0,0,0,0,0,23,0,3902,23,0,0,0,51659,59609549096,382667446163
2022-01-11,Z305GWSJ,0,77833672,6,0,885922741,51725,6,0,0,0,0,0,23,0,3902,23,0,0,0,51683,59622849248,382917503783
2022-01-12,Z305GWSJ,0,142717416,6,0,886990673,51749,6,0,0,0,0,0,23,0,3903,23,0,0,0,51706,59634456096,383187846987
2022-01-13,Z305GWSJ,0,120720568,6,0,888757786,51773,6,0,0,0,0,0,22,0,3903,22,0,0,0,51730,59651065952,383361393263
2022-01-14,Z305GWSJ,0,41958776,6,0,889636583,51796,6,0,0,0,0,0,23,0,3903,23,0,0,0,51754,59674530320,383569676068
2022-01-15,Z305GWSJ,0,152360400,6,0,890939449,51820,6,0,0,0,0,0,23,0,3903,23,0,0,0,51778,59690403720,383768911511
2022-01-16,Z305GWSJ,0,88612248,6,0,892292260,51844,6,0,0,0,0,0,23,0,3903,23,0,0,0,51802,59715766584,383907699326
2022-01-17,Z305GWSJ,0,203715848,6,0,893261349,51868,6,0,0,0,0,0,23,0,3903,23,0,0,0,51826,59727449744,384157339291
2022-01-18,Z305GWSJ,0,85102040,6,0,894525574,51892,6,0,0,0,0,0,23,0,3903,23,0,0,0,51849,59754552656,384472449698
2022-01-19,Z305GWSJ,0,216244488,6,0,895241773,51916,6,0,0,0,0,0,24,0,3903,24,0,0,0,51873,59780946480,384587216626
2022-01-20,Z305GWSJ,0,62928504,6,0,897036928,51939,6,0,0,0,0,0,24,0,3903,24,0,0,0,51897,59794058840,384738605819
2022-01-21,Z305GWSJ,0,148725928,6,0,897912304,51963,6,0,0,0,0,0,24,0,3904,24,0,0,0,51921,59808028144,384926450599
2022-01-22,Z305GWSJ,0,207391944,6,0,899202637,51987,6,0,0,0,0,0,24,0,3904,24,0,0,0,51945,59822929472,385062162308
2022-01-23,Z305GWSJ,0,191449136,6,0,901634900,52011,6,0,0,0,0,0,24,0,3904,24,0,0,0,51969,59837796232,385193897256
2022-01-24,Z305GWSJ,0,213650440,6,0,902487747,52035,6,0,0,0,0,0,24,0,3904,24,0,0,0,51992,59852035040,385352496261
2022-01-25,Z305GWSJ,0,12258976,6,0,903344124,52058,6,0,0,0,0,0,24,0,3904,24,0,0,0,52016,59867248320,385512173861
2022-01-26,Z305GWSJ,0,168932848,6,0,904193679,52082,6,0,0,0,0,0,24,0,3905,24,0,0,0,52040,59882704280,385674849889
2022-01-27,Z305GWSJ,0,94194216,6,0,906219470,52106,6,0,0,0,0,0,24,0,3905,24,0,0,0,52064,59896643096,385893474448
2022-01-28,Z305GWSJ,0,17415440,6,0,907142314,52130,6,0,0,0,0,0,25,0,3905,25,0,0,0,52087,59913202584,386076271657
2022-01-29,Z305GWSJ,0,220079184,6,0,908414861,52154,6,0,0,0,0,0,24,0,3905,24,0,0,0,52111,59927808720,386235529506
2022-01-30,Z305GWSJ,0,66316648,6,0,909608497,52177,6,0,0,0,0,0,24,0,3905,24,0,0,0,52135,59941383680,386369376758
2022-01-31,Z305GWSJ,0,113641840,6,0,910467452,52201,6,0,0,0,0,0,25,0,3905,25,0,0,0,52159,59956012632,386555696169
2022-02-01,Z305GWSJ,0,132267616,6,0,911723041,52225,6,0,0,0,0,0,23,0,3905,23,0,0,0,52183,59970175032,386894397235
2022-02-02,Z305GWSJ,0,57529576,6,0,913557763,52249,6,0,0,0,0,0,23,0,3907,23,0,0,0,52206,59985023704,387192198687
2022-02-03,Z305GWSJ,0,70632872,6,0,916328275,52273,6,0,0,0,0,0,23,0,3907,23,0,0,0,52230,59998074616,387511749747
2022-02-04,Z305GWSJ,0,22934776,6,0,918253086,52296,6,0,0,0,0,0,22,0,3907,22,0,0,0,52254,60011868816,387823462014
2022-02-05,Z305GWSJ,0,71500664,6,0,920119630,52320,6,0,0,0,0,0,22,0,3909,22,0,0,0,52277,60024001584,388066859227
2022-02-06,Z305GWSJ,0,58221496,6,0,921694170,52344,6,0,0,0,0,0,22,0,3909,22,0,0,0,52301,60045041096,388218509683
2022-02-07,Z305GWSJ,0,232255920,6,0,923646960,52367,6,0,0,0,0,0,23,0,3909,23,0,0,0,52325,60064290160,388492793452
2022-02-08,Z305GWSJ,0,243656416,6,0,925728314,52391,6,0,0,0,0,0,23,0,3909,23,0,0,0,52349,60087550504,388768906837
2022-02-09,Z305GWSJ,0,193968744,6,0,927105661,52415,6,0,0,0,0,0,23,0,3909,23,0,0,0,52372,60108312784,389038753200
2022-02-10,Z305GWSJ,0,193481984,6,0,929757627,52438,6,0,0,0,0,0,23,0,3910,23,0,0,0,52396,60124106744,389379072497
2022-02-11,Z305GWSJ,0,164448600,6,0,932206488,52462,6,0,0,0,0,0,23,0,3910,23,0,0,0,52420,60137035736,389729115639
2022-02-12,Z305GWSJ,0,23176296,6,0,933553815,52486,6,0,0,0,0,0,23,0,3910,23,0,0,0,52443,60146985368,390034471610
2022-02-13,Z305GWSJ,0,28577504,6,0,934878792,52510,6,0,0,0,0,0,23,0,3910,23,0,0,0,52467,60155468104,390167647819
2022-02-14,Z305GWSJ,0,6831128,6,0,936182974,52545,6,0,0,0,0,0,23,0,3910,23,0,0,0,52503,60171552584,390544000120
2022-02-15,Z305GWSJ,0,129426656,6,0,937101799,52569,6,0,0,0,0,0,23,0,3910,23,0,0,0,52526,60179256624,390805105360
2022-02-16,Z305GWSJ,0,137763584,6,0,937987164,52593,6,0,0,0,0,0,23,0,3910,23,0,0,0,52550,60189511752,390992495874
2022-02-17,Z305GWSJ,0,180907208,6,0,939834072,52617,6,0,0,0,0,0,23,0,3910,23,0,0,0,52574,60198957552,391230407273
2022-02-18,Z305GWSJ,0,24982632,6,0,940434619,52629,6,0,0,0,0,0,23,0,3910,23,0,0,0,52586,60204001104,391397560953
2022-02-19,Z305GWSJ,0,198422296,6,0,941406877,52652,6,0,0,0,0,0,23,0,3910,23,0,0,0,52610,60213086808,391584101303
2022-02-20,Z305GWSJ,0,12296744,6,0,942694782,52676,6,0,0,0,0,0,22,0,3910,22,0,0,0,52633,60227395072,391692559850
2022-02-21,Z305GWSJ,0,40513160,6,0,943393749,52699,6,0,0,0,0,0,23,0,3910,23,0,0,0,52657,60237216984,391851109919
2022-02-22,Z305GWSJ,0,180494352,6,0,944698376,52735,6,0,0,0,0,0,22,0,3910,22,0,0,0,52692,60257103368,392178368357
2022-02-23,Z305GWSJ,0,125819024,6,0,945781732,52759,6,0,0,0,0,0,23,0,3910,23,0,0,0,52716,60267318328,392458370111
2022-02-24,Z305GWSJ,0,243396072,6,0,947864118,52782,6,0,0,0,0,0,23,0,3910,23,0,0,0,52740,60279918072,392717513338
2022-02-25,Z305GWSJ,0,103125640,6,0,948908806,52806,6,0,0,0,0,0,23,0,3910,23,0,0,0,52763,60291827256,392966857850
2022-02-26,Z305GWSJ,0,40543936,6,0,950445491,52830,6,0,0,0,0,0,22,0,3910,22,0,0,0,52787,60306946416,393120655276
2022-02-27,Z305GWSJ,0,83057872,6,0,953489271,52853,6,0,0,0,0,0,23,0,3910,23,0,0,0,52811,60327272264,393489599954
2022-02-28,Z305GWSJ,0,183895928,6,0,954181842,52877,6,0,0,0,0,0,22,0,3910,22,0,0,0,52834,60340663232,393612970574
2022-03-01,Z305GWSJ,0,147210968,8,0,954979755,52901,8,0,0,0,0,0,23,2,3919,23,0,0,0,52858,60355781512,393770861336
2022-03-02,Z305GWSJ,0,162886200,8,0,955795120,52924,8,0,0,0,0,0,23,2,3919,23,0,0,0,52882,60369794632,393912690486
2022-03-03,Z305GWSJ,0,235591664,8,0,957770296,52948,8,0,0,0,0,0,23,2,3920,23,0,0,0,52905,60375559896,394116651711
2022-03-04,Z305GWSJ,0,150723536,8,0,958474997,52972,8,0,0,0,0,0,23,2,3920,23,0,0,0,52929,60382315832,394252626996
2022-03-05,Z305GWSJ,0,164624776,8,0,960068951,52996,8,0,0,0,0,0,23,2,3920,23,0,0,0,52953,60388675680,394369832348
2022-03-06,Z305GWSJ,0,176318352,8,0,960875525,53020,8,0,0,0,0,0,23,2,3920,23,0,0,0,52977,60397978088,394518890990
2022-03-07,Z305GWSJ,0,46723008,8,0,961744717,53043,8,0,0,0,0,0,23,2,3920,23,0,0,0,53000,60409140296,394694681227
2022-03-08,Z305GWSJ,0,163863432,8,0,962645097,53067,8,0,0,0,0,0,23,2,3920,23,0,0,0,53024,60417072096,394893388264
2022-03-09,Z305GWSJ,0,153860296,8,0,963463269,53091,8,0,0,0,0,0,23,2,3920,23,0,0,0,53048,60424825032,395093372420
2022-03-10,Z305GWSJ,0,59129832,8,0,965369209,53115,8,0,0,0,0,0,23,2,3920,23,0,0,0,53072,60434268656,395295024133
2022-03-11,Z305GWSJ,0,226404944,8,0,966167393,53138,8,0,0,0,0,0,23,2,3920,23,0,0,0,53096,60442492736,395480372049
2022-03-12,Z305GWSJ,0,12392832,8,0,967510713,53162,8,0,0,0,0,0,23,2,3920,23,0,0,0,53120,60448980184,395620486820
2022-03-13,Z305GWSJ,0,167715568,8,0,968844894,53186,8,0,0,0,0,0,23,2,3920,23,0,0,0,53143,60456458448,395880219913
2022-03-14,Z305GWSJ,0,144721696,8,0,970424315,53210,8,0,0,0,0,0,23,2,3920,23,0,0,0,53167,60464814608,396201393459
2022-03-15,Z305GWSJ,0,196626568,8,0,972255038,53234,8,0,0,0,0,0,23,2,3920,23,0,0,0,53191,60475898200,396530405762
2022-03-16,Z305GWSJ,0,166869896,8,0,975448631,53258,8,0,0,0,0,0,23,2,3920,23,0,0,0,53215,60482851872,396854536098
2022-03-17,Z305GWSJ,0,136449640,8,0,978230794,53282,8,0,0,0,0,0,23,2,3921,23,0,0,0,53239,60491825344,397173157258
2022-03-18,Z305GWSJ,0,182913584,8,0,979933246,53305,8,0,0,0,0,0,23,2,3921,23,0,0,0,53263,60500916008,397439892548
2022-03-19,Z305GWSJ,0,134586096,8,0,981952168,53329,8,0,0,0,0,0,23,2,3921,23,0,0,0,53286,60509838312,397638864963
2022-03-20,Z305GWSJ,0,155768544,8,0,983476133,53353,8,0,0,0,0,0,23,2,3921,23,0,0,0,53310,60518528896,397815427665
2022-03-21,Z305GWSJ,0,129322416,8,0,984796120,53377,8,0,0,0,0,0,23,2,3921,23,0,0,0,53334,60528370904,398136820651
2022-03-22,Z305GWSJ,0,190977576,8,0,986072004,53401,8,0,0,0,0,0,23,2,3921,23,0,0,0,53358,60538178072,398476742205
2022-03-23,Z305GWSJ,0,103136616,8,0,987185251,53425,8,0,0,0,0,0,23,2,3922,23,0,0,0,53382,60548786576,398735977852
2022-03-24,Z305GWSJ,0,59742640,8,0,989297085,53448,8,0,0,0,0,0,23,2,3922,23,0,0,0,53405,60560440768,399079951753
2022-03-25,Z305GWSJ,0,155302168,8,0,990277952,53472,8,0,0,0,0,0,23,2,3922,23,0,0,0,53429,60574587696,399358690727
2022-03-26,Z305GWSJ,0,34321536,8,0,991424009,53496,8,0,0,0,0,0,23,2,3922,23,0,0,0,53453,60586965984,399523070835
2022-03-27,Z305GWSJ,0,22263056,8,0,992650187,53519,8,0,0,0,0,0,23,2,3922,23,0,0,0,53477,60599775400,399692839185
2022-03-28,Z305GWSJ,0,31649880,8,0,994123324,53543,8,0,0,0,0,0,23,2,3922,23,0,0,0,53500,60609864056,399891899305
2022-03-29,Z305GWSJ,0,125638608,8,0,995009063,53567,8,0,0,0,0,0,23,2,3922,23,0,0,0,53524,60618351048,400121026153
2022-03-30,Z305GWSJ,0,151649528,8,0,996057964,53590,8,0,0,0,0,0,23,2,3923,23,0,0,0,53547,60631734304,400397553804
2022-03-31,Z305GWSJ,0,88025520,8,0,997976437,53614,8,0,0,0,0,0,23,2,3923,23,0,0,0,53571,60646774328,400592848066
2022-04-01,Z305GWSJ,0,199353120,9,0,998745148,53638,9,0,0,0,0,0,22,2,3929,22,0,0,0,53595,60659803720,400762752896
2022-04-02,Z305GWSJ,0,93998920,9,0,23452,53662,9,0,0,0,0,0,23,2,3929,23,0,0,0,53619,60675385688,400929624372
2022-04-03,Z305GWSJ,0,119898368,9,0,1250516,53686,9,0,0,0,0,0,23,2,3929,23,0,0,0,53643,60690388536,401097480076
2022-04-04,Z305GWSJ,0,118800584,9,0,2442774,53710,9,0,0,0,0,0,23,2,3929,23,0,0,0,53666,60716938672,401375835247
2022-04-05,Z305GWSJ,0,223589024,9,0,3476136,53733,9,0,0,0,0,0,23,2,3929,23,0,0,0,53690,60731270328,401616085985
2022-04-06,Z305GWSJ,0,88544816,9,0,4463993,53757,9,0,0,0,0,0,23,1,3929,23,0,0,0,53714,60744717016,401859860350
2022-04-07,Z305GWSJ,0,230345200,9,0,6517985,53781,9,0,0,0,0,0,23,1,3929,23,0,0,0,53738,60764910424,402095004508
2022-04-08,Z305GWSJ,0,77301216,9,0,7819042,53805,9,0,0,0,0,0,23,1,3929,23,0,0,0,53761,60778415672,402451045470
2022-04-09,Z305GWSJ,0,159474704,9,0,8551440,53828,9,0,0,0,0,0,23,1,3929,23,0,0,0,53785,60791409968,402523535060
2022-04-10,Z305GWSJ,0,200584944,9,0,9809506,53852,9,0,0,0,0,0,23,1,3929,23,0,0,0,53809,60804768632,402587231674
2022-04-11,Z305GWSJ,0,120470552,9,0,12196653,53876,9,0,0,0,0,0,23,1,3929,23,0,0,0,53833,60816260416,402746371407
2022-04-12,Z305GWSJ,0,227588904,9,0,13230701,53900,9,0,0,0,0,0,23,1,3929,23,0,0,0,53857,60843667728,402929352425
2022-04-13,Z305GWSJ,0,185009536,9,0,14069140,53923,9,0,0,0,0,0,23,1,3930,23,0,0,0,53880,60866833088,403067646594
2022-04-14,Z305GWSJ,0,44996896,9,0,16012624,53947,9,0,0,0,0,0,23,1,3930,23,0,0,0,53904,60879689192,403267662227
2022-04-15,Z305GWSJ,0,132499896,9,0,16878200,53971,9,0,0,0,0,0,23,1,3930,23,0,0,0,53928,60894102504,403419958427
2022-04-16,Z305GWSJ,0,10411712,9,0,18057226,53995,9,0,0,0,0,0,22,1,3930,22,0,0,0,53952,60909103696,403588537809
2022-04-17,Z305GWSJ,0,135506872,9,0,19491962,54019,9,0,0,0,0,0,23,1,3930,23,0,0,0,53976,60923012880,403712471923
2022-04-18,Z305GWSJ,0,33519344,9,0,20375597,54042,9,0,0,0,0,0,22,1,3930,22,0,0,0,53999,60939838584,403899214113
2022-04-19,Z305GWSJ,0,219913016,9,0,21219654,54066,9,0,0,0,0,0,23,1,3930,23,0,0,0,54023,60951671744,404085984722
2022-04-20,Z305GWSJ,0,142533936,9,0,22091452,54090,9,0,0,0,0,0,22,1,3930,22,0,0,0,54047,60969616688,404263738354
2022-04-21,Z305GWSJ,0,242853744,9,0,24036372,54114,9,0,0,0,0,0,23,1,3931,23,0,0,0,54071,60982088560,404475373575
2022-04-22,Z305GWSJ,0,226494616,9,0,24867800,54138,9,0,0,0,0,0,22,1,3931,22,0,0,0,54095,60995267216,404664600812
2022-04-23,Z305GWSJ,0,31154640,9,0,25879157,54161,9,0,0,0,0,0,22,1,3931,22,0,0,0,54118,61005164240,404860155772
2022-04-24,Z305GWSJ,0,24258296,9,0,27437284,54185,9,0,0,0,0,0,22,1,3931,22,0,0,0,54142,61015042632,405019136158
2022-04-25,Z305GWSJ,0,189460120,9,0,28772462,54209,9,0,0,0,0,0,23,1,3931,23,0,0,0,54166,61027726320,405341918212
2022-04-26,Z305GWSJ,0,81133448,9,0,31202183,54233,9,0,0,0,0,0,23,1,3931,23,0,0,0,54189,61037895304,405674837743
2022-04-27,Z305GWSJ,0,206735168,9,0,33119883,54256,9,0,0,0,0,0,23,1,3931,23,0,0,0,54213,61061143144,405982193961
2022-04-28,Z305GWSJ,0,112353288,9,0,35828044,54280,9,0,0,0,0,0,23,1,3932,23,0,0,0,54237,61077637416,406309139459
2022-04-29,Z305GWSJ,0,22484016,9,0,37700885,54304,9,0,0,0,0,0,23,1,3932,23,0,0,0,54261,61089388936,406606972017
2022-04-30,Z305GWSJ,0,11520240,9,0,39720009,54328,9,0,0,0,0,0,23,1,3932,23,0,0,0,54285,61102373056,406859907510
2022-05-01,Z305GWSJ,0,202522688,9,0,43122049,54352,9,0,0,0,0,0,23,1,3932,23,0,0,0,54309,61114578192,407015405885
2022-05-02,Z305GWSJ,0,14414776,9,0,44398723,54375,9,0,0,0,0,0,23,1,3932,23,0,0,0,54332,61125739872,407307544183
2022-05-03,Z305GWSJ,0,235368760,9,0,46295052,54411,9,0,0,0,0,0,23,1,3932,23,0,0,0,54368,61142034312,407817744659
2022-05-04,Z305GWSJ,0,207847888,9,0,47418486,54435,9,0,0,0,0,0,23,1,3933,23,0,0,0,54392,61154188088,408113436653
2022-05-05,Z305GWSJ,0,153620008,9,0,49435490,54459,9,0,0,0,0,0,23,1,3933,23,0,0,0,54416,61168579456,408391767423
2022-05-06,Z305GWSJ,0,39800664,9,0,50405313,54483,9,0,0,0,0,0,23,1,3933,23,0,0,0,54439,61180540784,408672295387
2022-05-07,Z305GWSJ,0,41136136,9,0,51976315,54506,9,0,0,0,0,0,23,1,3933,23,0,0,0,54463,61194723960,408820316701
2022-05-08,Z305GWSJ,0,97872576,9,0,52798963,54530,9,0,0,0,0,0,23,1,3933,23,0,0,0,54487,61209939520,409015520510
2022-05-09,Z305GWSJ,0,219248808,9,0,53502759,54554,9,0,0,0,0,0,23,1,3933,23,0,0,0,54511,61227006576,409169285676
2022-05-10,Z305GWSJ,0,118461968,9,0,54481112,54578,9,0,0,0,0,0,23,1,3933,23,0,0,0,54535,61240403456,409443866648
2022-05-11,Z305GWSJ,0,137736960,9,0,55144261,54602,9,0,0,0,0,0,23,1,3933,23,0,0,0,54559,61255071408,409589503204
2022-05-12,Z305GWSJ,0,174977560,9,0,57109276,54625,9,0,0,0,0,0,23,1,3933,23,0,0,0,54582,61273964440,409779295512
2022-05-13,Z305GWSJ,0,166320728,9,0,58104249,54649,9,0,0,0,0,0,23,1,3933,23,0,0,0,54606,61295894800,410014308753
2022-05-14,Z305GWSJ,0,203877048,9,0,59637004,54673,9,0,0,0,0,0,23,1,3933,23,0,0,0,54630,61307419568,410194560772
2022-05-15,Z305GWSJ,0,95552328,9,0,60710540,54697,9,0,0,0,0,0,23,1,3933,23,0,0,0,54654,61319124296,410418164987
2022-05-16,Z305GWSJ,0,197413592,9,0,61705209,54721,9,0,0,0,0,0,23,1,3933,23,0,0,0,54677,61334141600,410667246935
2022-05-17,Z305GWSJ,0,29434904,9,0,62593358,54744,9,0,0,0,0,0,23,1,3933,23,0,0,0,54701,61356912840,410872315906
2022-05-18,Z305GWSJ,0,172591712,9,0,65024252,54768,9,0,0,0,0,0,23,1,3934,23,0,0,0,54725,61372439680,411193755213
2022-05-19,Z305GWSJ,0,196984064,9,0,67054403,54792,9,0,0,0,0,0,23,1,3934,23,0,0,0,54749,61389736176,411400711210
2022-05-20,Z305GWSJ,0,108257160,9,0,67667686,54816,9,0,0,0,0,0,23,1,3934,23,0,0,0,54773,61400755984,411506191139
2022-05-21,Z305GWSJ,0,55004416,9,0,68903585,54839,9,0,0,0,0,0,23,1,3934,23,0,0,0,54796,61418944872,411594876947
2022-05-22,Z305GWSJ,0,213680504,9,0,70036885,54863,9,0,0,0,0,0,23,1,3934,23,0,0,0,54820,61436149392,411754503507
2022-05-23,Z305GWSJ,0,103842192,9,0,70850130,54887,9,0,0,0,0,0,23,1,3934,23,0,0,0,54844,61447846040,411893932982
2022-05-24,Z305GWSJ,0,177317144,9,0,71628760,54911,9,0,0,0,0,0,23,1,3934,23,0,0,0,54867,61462667288,412037202634
2022-05-25,Z305GWSJ,0,20709112,9,0,72468354,54934,9,0,0,0,0,0,23,1,3936,23,0,0,0,54891,61483256464,412181709296
2022-05-26,Z305GWSJ,0,165986032,9,0,74479339,54958,9,0,0,0,0,0,23,1,3936,23,0,0,0,54915,61497953072,412391732158
2022-05-27,Z305GWSJ,0,69810296,9,0,75534891,54982,9,0,0,0,0,0,23,1,3936,23,0,0,0,54939,61516590384,412567589933
2022-05-28,Z305GWSJ,0,66174448,9,0,76822941,55006,9,0,0,0,0,0,23,1,3936,23,0,0,0,54963,61529883336,412718270959
2022-05-29,Z305GWSJ,0,133650864,9,0,78087536,55030,9,0,0,0,0,0,23,1,3936,23,0,0,0,54987,61545906384,412853689530
2022-05-30,Z305GWSJ,0,151263624,9,0,78875528,55054,9,0,0,0,0,0,23,1,3936,23,0,0,0,55010,61558986856,413033306668
2022-05-31,Z305GWSJ,0,238255760,9,0,79735021,55078,9,0,0,0,0,0,23,1,3936,23,0,0,0,55034,61574733496,413226820066
2022-06-01,Z305GWSJ,0,162368088,9,0,80568160,55101,9,0,0,0,0,0,23,1,3936,23,0,0,0,55058,61588385144,413411448910
2022-06-02,Z305GWSJ,0,65593480,9,0,82911452,55137,9,0,0,0,0,0,23,1,3937,23,0,0,0,55094,61615246128,413698617593
2022-06-03,Z305GWSJ,0,83290664,9,0,85436574,55161,9,0,0,0,0,0,23,1,3937,23,0,0,0,55117,61642770176,414044962607
2022-06-04,Z305GWSJ,0,26712136,9,0,87041991,55184,9,0,0,0,0,0,23,1,3937,23,0,0,0,55141,61671324072,414178413639
2022-06-05,Z305GWSJ,0,18412744,9,0,88892790,55208,9,0,0,0,0,0,23,1,3937,23,0,0,0,55165,61705438312,414422704227
2022-06-06,Z305GWSJ,0,130811680,9,0,90584822,55232,9,0,0,0,0,0,23,1,3937,23,0,0,0,55189,61733312744,414702086056
2022-06-07,Z305GWSJ,0,93919816,9,0,92696802,55256,9,0,0,0,0,0,23,1,3937,23,0,0,0,55212,61763267792,415030908304
2022-06-08,Z305GWSJ,0,76352936,9,0,94565384,55280,9,0,0,0,0,0,23,1,3938,23,0,0,0,55236,61783035896,415328906179
2022-06-09,Z305GWSJ,0,213212600,9,0,97036632,55304,9,0,0,0,0,0,23,1,3938,23,0,0,0,55260,61797177416,415606754391
2022-06-10,Z305GWSJ,0,205120616,9,0,99012672,55327,9,0,0,0,0,0,23,1,3938,23,0,0,0,55284,61812958048,415870119235
2022-06-11,Z305GWSJ,0,8662984,9,0,100769182,55351,9,0,0,0,0,0,23,1,3938,23,0,0,0,55308,61829293400,416006359123
2022-06-12,Z305GWSJ,0,5060200,9,0,102098926,55375,9,0,0,0,0,0,23,1,3938,23,0,0,0,55332,61842677784,416307945741
2022-06-13,Z305GWSJ,0,51131664,9,0,103447746,55399,9,0,0,0,0,0,23,1,3938,23,0,0,0,55356,61861523224,416650394527
2022-06-14,Z305GWSJ,0,101619840,9,0,104718062,55423,9,0,0,0,0,0,23,1,3938,23,0,0,0,55379,61876196368,416980123902
2022-06-15,Z305GWSJ,0,54089184,9,0,106055691,55447,9,0,0,0,0,0,23,1,3938,23,0,0,0,55403,61896255264,417278774041
2022-06-16,Z305GWSJ,0,140060600,9,0,107805389,55470,9,0,0,0,0,0,23,1,3940,23,0,0,0,55427,61916284960,417506172929
2022-06-17,Z305GWSJ,0,31523736,9,0,108745704,55494,9,0,0,0,0,0,23,1,3940,23,0,0,0,55451,61931856520,417749125595
2022-06-18,Z305GWSJ,0,133145232,9,0,110428015,55518,9,0,0,0,0,0,23,1,3940,23,0,0,0,55475,61952346480,417882523906
2022-06-19,Z305GWSJ,0,141506672,9,0,111225319,55542,9,0,0,0,0,0,23,1,3940,23,0,0,0,55499,61969444272,418044486663
2022-06-20,Z305GWSJ,0,157973088,9,0,112310339,55566,9,0,0,0,0,0,23,1,3940,23,0,0,0,55523,61982201648,418334958049
2022-06-21,Z305GWSJ,0,160619192,9,0,114689490,55590,9,0,0,0,0,0,23,1,3940,23,0,0,0,55546,61994148768,418570891177
2022-06-22,Z305GWSJ,0,92797856,9,0,115640732,55614,9,0,0,0,0,0,23,1,3941,23,0,0,0,55570,62005997904,418740563063
2022-06-23,Z305GWSJ,0,15089216,9,0,117375364,55637,9,0,0,0,0,0,23,1,3941,23,0,0,0,55594,62018278632,418926243876
2022-06-24,Z305GWSJ,0,125367992,9,0,118338316,55661,9,0,0,0,0,0,23,1,3941,23,0,0,0,55618,62031233472,419170241779
2022-06-25,Z305GWSJ,0,153434696,9,0,120065557,55685,9,0,0,0,0,0,23,1,3941,23,0,0,0,55642,62043390664,419341159385
2022-06-26,Z305GWSJ,0,238345568,9,0,121047045,55709,9,0,0,0,0,0,23,1,3941,23,0,0,0,55666,62056980616,419584153577
2022-06-27,Z305GWSJ,0,178014856,9,0,122020974,55733,9,0,0,0,0,0,23,1,3941,23,0,0,0,55689,62069497848,419812210561
2022-06-28,Z305GWSJ,0,151956584,9,0,123242808,55757,9,0,0,0,0,0,23,1,3941,23,0,0,0,55713,62082171200,420162746615
2022-06-29,Z305GWSJ,0,240842272,9,0,124237232,55780,9,0,0,0,0,0,23,1,3942,23,0,0,0,55737,62098191424,420363223348
2022-06-30,Z305GWSJ,0,66245672,9,0,125920850,55804,9,0,0,0,0,0,23,1,3942,23,0,0,0,55761,62111440672,420494154220
2022-07-01,Z305GWSJ,0,232977464,9,0,126762327,55828,9,0,0,0,0,0,23,1,3942,23,0,0,0,55785,62127739720,420643856354
2022-07-02,Z305GWSJ,0,220615648,9,0,128359734,55852,9,0,0,0,0,0,23,1,3942,23,0,0,0,55809,62143715232,420768728926
2022-07-03,Z305GWSJ,0,227915016,9,0,129195453,55876,9,0,0,0,0,0,23,1,3942,23,0,0,0,55832,62156508136,420904336471
2022-07-04,Z305GWSJ,0,126011552,9,0,130202916,55899,9,0,0,0,0,0,23,1,3942,23,0,0,0,55856,62182500760,421061558032
2022-07-05,Z305GWSJ,0,107205248,9,0,131107831,55923,9,0,0,0,0,0,23,1,3942,23,0,0,0,55880,62196157736,421229836184
2022-07-06,Z305GWSJ,0,59273576,9,0,131969959,55947,9,0,0,0,0,0,23,1,3942,23,0,0,0,55904,62209526416,421397581389
2022-07-07,Z305GWSJ,0,217656944,9,0,133864294,55971,9,0,0,0,0,0,23,1,3943,23,0,0,0,55928,62222543304,421602766571
2022-07-08,Z305GWSJ,0,241909384,9,0,135982577,55995,9,0,0,0,0,0,23,1,3943,23,0,0,0,55951,62238612136,421794445666
2022-07-09,Z305GWSJ,0,200616632,9,0,137563956,56019,9,0,0,0,0,0,23,1,3943,23,0,0,0,55975,62251865256,421923325999
2022-07-10,Z305GWSJ,0,12209168,9,0,138414065,56043,9,0,0,0,0,0,23,1,3943,23,0,0,0,55999,62269698968,422115636821
2022-07-11,Z305GWSJ,0,136191200,9,0,139219903,56066,9,0,0,0,0,0,23,1,3943,23,0,0,0,56023,62284392288,422312118040
2022-07-12,Z305GWSJ,0,231710024,9,0,140077257,56090,9,0,0,0,0,0,23,1,3943,23,0,0,0,56047,62296581088,422534831503
2022-07-13,Z305GWSJ,0,198833016,9,0,140944754,56114,9,0,0,0,0,0,23,1,3944,23,0,0,0,56071,62310186096,422734317662
2022-07-14,Z305GWSJ,0,52015952,9,0,142905829,56138,9,0,0,0,0,0,23,1,3944,23,0,0,0,56094,62324318880,422940105268
2022-07-15,Z305GWSJ,0,12278160,9,0,144052053,56162,9,0,0,0,0,0,23,1,3944,23,0,0,0,56118,62344791312,423207525126
2022-07-16,Z305GWSJ,0,206398568,9,0,145686067,56185,9,0,0,0,0,0,23,1,3944,23,0,0,0,56142,62358645176,423428828520
2022-07-17,Z305GWSJ,0,69884640,9,0,147418239,56209,9,0,0,0,0,0,23,1,3944,23,0,0,0,56166,62370763216,423672563677
2022-07-18,Z305GWSJ,0,185188352,9,0,149094617,56233,9,0,0,0,0,0,23,1,3944,23,0,0,0,56190,62382048056,423964070244
2022-07-19,Z305GWSJ,0,99869080,9,0,151066159,56257,9,0,0,0,0,0,23,1,3944,23,0,0,0,56214,62396128824,424286492332
2022-07-20,Z305GWSJ,0,204298112,9,0,152585215,56281,9,0,0,0,0,0,23,1,3946,23,0,0,0,56237,62409576168,424554218679
2022-07-21,Z305GWSJ,0,176056280,9,0,156168425,56305,9,0,0,0,0,0,23,1,3946,23,0,0,0,56261,62423114392,424846317125
2022-07-22,Z305GWSJ,0,34773648,9,0,157824686,56328,9,0,0,0,0,0,23,1,3946,23,0,0,0,56285,62439007256,425091057755
2022-07-23,Z305GWSJ,0,201312296,9,0,159330622,56352,9,0,0,0,0,0,23,1,3946,23,0,0,0,56309,62454594560,425274961825
2022-07-24,Z305GWSJ,0,210606928,9,0,160801642,56376,9,0,0,0,0,0,23,1,3946,23,0,0,0,56333,62478852488,425537832431
2022-07-25,Z305GWSJ,0,111704528,9,0,162150357,56400,9,0,0,0,0,0,23,1,3946,23,0,0,0,56357,62494073936,425867549709
2022-07-26,Z305GWSJ,0,58837096,9,0,163239484,56424,9,0,0,0,0,0,23,1,3946,23,0,0,0,56380,62507755640,426177095955
2022-07-27,Z305GWSJ,0,12149888,9,0,164216013,56447,9,0,0,0,0,0,23,1,3947,23,0,0,0,56404,62520003864,426448360458
2022-07-28,Z305GWSJ,0,184688592,9,0,166184990,56471,9,0,0,0,0,0,23,1,3947,23,0,0,0,56428,62532077368,426692765292
2022-07-29,Z305GWSJ,0,220970848,9,0,167163213,56495,9,0,0,0,0,0,23,1,3947,23,0,0,0,56452,62549033352,426929645483
2022-07-30,Z305GWSJ,0,53304624,9,0,168459299,56519,9,0,0,0,0,0,23,1,3947,23,0,0,0,56475,62563501576,427067618481
2022-07-31,Z305GWSJ,0,239546992,9,0,170278978,56543,9,0,0,0,0,0,23,1,3947,23,0,0,0,56499,62575178912,427210015940
2022-08-01,Z305GWSJ,0,132310392,9,0,171341917,56567,9,0,0,0,0,0,23,1,3947,23,0,0,0,56523,62589883392,427498395545
2022-08-02,Z305GWSJ,0,70917120,9,0,172121251,56591,9,0,0,0,0,0,23,1,3947,23,0,0,0,56547,62603210760,427674074326
2022-08-03,Z305GWSJ,0,125965120,9,0,172886969,56614,9,0,0,0,0,0,23,1,3948,23,0,0,0,56571,62619119352,427821938363
2022-08-04,Z305GWSJ,0,87992904,9,0,174927528,56638,9,0,0,0,0,0,23,1,3948,23,0,0,0,56595,62635981720,428035466685
2022-08-05,Z305GWSJ,0,214699576,9,0,176042442,56662,9,0,0,0,0,0,23,1,3948,23,0,0,0,56619,62658129752,428283713832
2022-08-06,Z305GWSJ,0,26520544,9,0,177507580,56686,9,0,0,0,0,0,23,1,3948,23,0,0,0,56642,62674266280,428480167045
2022-08-07,Z305GWSJ,0,113270384,9,0,178696380,56710,9,0,0,0,0,0,23,1,3948,23,0,0,0,56666,62688016016,428669416657
2022-08-08,Z305GWSJ,0,1520168,9,0,179624419,56733,9,0,0,0,0,0,23,1,3948,23,0,0,0,56690,62702840864,428874775234
2022-08-09,Z305GWSJ,0,153337648,9,0,180946883,56757,9,0,0,0,0,0,23,1,3948,23,0,0,0,56713,62719328008,429239297640
2022-08-10,Z305GWSJ,0,169126440,9,0,181619157,56780,9,0,0,0,0,0,23,1,3948,23,0,0,0,56737,62734942536,429343308238
2022-08-11,Z305GWSJ,0,8179312,9,0,183531035,56804,9,0,0,0,0,0,23,1,3948,23,0,0,0,56761,62751877392,429515774367
2022-08-12,Z305GWSJ,0,53253176,9,0,184399735,56828,9,0,0,0,0,0,23,1,3948,23,0,0,0,56784,62770268464,429668126499
2022-08-13,Z305GWSJ,0,9362448,9,0,186017870,56852,9,0,0,0,0,0,23,1,3948,23,0,0,0,56808,62788555424,429808025353
2022-08-14,Z305GWSJ,0,15593632,9,0,187487337,56875,9,0,0,0,0,0,23,1,3948,23,0,0,0,56832,62809219832,429878827926
2022-08-15,Z305GWSJ,0,166152432,9,0,188303367,56899,9,0,0,0,0,0,23,1,3948,23,0,0,0,56856,62822966728,430022434096
2022-08-16,Z305GWSJ,0,14081384,9,0,189253354,56923,9,0,0,0,0,0,23,1,3948,23,0,0,0,56879,62839397440,430205010794
2022-08-17,Z305GWSJ,0,167470344,9,0,190118669,56947,9,0,0,0,0,0,23,1,3950,23,0,0,0,56903,62856930088,430376071144
2022-08-18,Z305GWSJ,0,185284320,9,0,192188780,56970,9,0,0,0,0,0,23,1,3950,23,0,0,0,56927,62882504936,430576167780
2022-08-19,Z305GWSJ,0,171482576,9,0,193178619,56994,9,0,0,0,0,0,23,1,3950,23,0,0,0,56951,62901318928,430753341819
2022-08-20,Z305GWSJ,0,31281928,9,0,194484600,57018,9,0,0,0,0,0,23,1,3950,23,0,0,0,56975,62922295600,430924181772
2022-08-21,Z305GWSJ,0,39660192,9,0,195965632,57042,9,0,0,0,0,0,23,1,3950,23,0,0,0,56999,62949056816,431067626829
2022-08-22,Z305GWSJ,0,207337384,9,0,196823408,57066,9,0,0,0,0,0,23,1,3950,23,0,0,0,57023,62963683984,431272597933
2022-08-23,Z305GWSJ,0,144635304,9,0,197832211,57090,9,0,0,0,0,0,23,1,3950,23,0,0,0,57047,62982899272,431521805761
2022-08-24,Z305GWSJ,0,45397688,9,0,198732032,57114,9,0,0,0,0,0,23,1,3950,23,0,0,0,57070,63000821632,431709526532
2022-08-25,Z305GWSJ,0,160400776,9,0,201384052,57138,9,0,0,0,0,0,23,1,3952,23,0,0,0,57094,63037805896,431948874971
2022-08-26,Z305GWSJ,0,46328672,9,0,202513206,57161,9,0,0,0,0,0,23,1,3952,23,0,0,0,57118,63055038152,432129445644
2022-08-27,Z305GWSJ,0,225198544,9,0,203606480,57185,9,0,0,0,0,0,23,1,3952,23,0,0,0,57142,63073302088,432297631656
2022-08-28,Z305GWSJ,0,53850816,9,0,205147611,57209,9,0,0,0,0,0,23,1,3952,23,0,0,0,57166,63090948320,432399412494
2022-08-29,Z305GWSJ,0,222397456,9,0,206444170,57233,9,0,0,0,0,0,23,1,3952,23,0,0,0,57189,63107610408,432696983067
2022-08-30,Z305GWSJ,0,237136216,9,0,208177016,57257,9,0,0,0,0,0,23,1,3952,23,0,0,0,57213,63133445344,433014636585
2022-08-31,Z305GWSJ,0,165808088,9,0,210104038,57280,9,0,0,0,0,0,23,1,3952,23,0,0,0,57237,63154717224,433329616129
2022-09-01,Z305GWSJ,0,22407328,9,0,212710728,57304,9,0,0,0,0,0,23,1,3953,23,0,0,0,57261,63178784840,433607302771
2022-09-02,Z305GWSJ,0,13331528,9,0,214965807,57328,9,0,0,0,0,0,23,1,3953,23,0,0,0,57285,63200783616,433938787912
2022-09-03,Z305GWSJ,0,55653984,9,0,216907280,57352,9,0,0,0,0,0,23,1,3953,23,0,0,0,57308,63222474080,434198967772
2022-09-04,Z305GWSJ,0,38007200,9,0,218209150,57376,9,0,0,0,0,0,23,1,3953,23,0,0,0,57332,63244706960,434261165247
2022-09-05,Z305GWSJ,0,131038064,9,0,220793847,57400,9,0,0,0,0,0,23,1,3953,23,0,0,0,57356,63268350208,434483789582
2022-09-06,Z305GWSJ,0,48185704,9,0,222173128,57423,9,0,0,0,0,0,23,1,3953,23,0,0,0,57380,63289389432,434754796790
2022-09-07,Z305GWSJ,0,226184952,9,0,223575468,57447,9,0,0,0,0,0,23,1,3953,23,0,0,0,57404,63314412912,435106317674
2022-09-08,Z305GWSJ,0,18149200,9,0,226524266,57483,9,0,0,0,0,0,23,1,3955,23,0,0,0,57439,63347617520,435516007698
2022-09-09,Z305GWSJ,0,58310080,9,0,227696636,57507,9,0,0,0,0,0,23,1,3955,23,0,0,0,57463,63370237680,435783110416
2022-09-10,Z305GWSJ,0,90077272,9,0,229230824,57531,9,0,0,0,0,0,23,1,3955,23,0,0,0,57487,63392312648,435960992839
2022-09-11,Z305GWSJ,0,163500696,9,0,230565652,57555,9,0,0,0,0,0,23,1,3955,23,0,0,0,57511,63423599280,436170468277
2022-09-12,Z305GWSJ,0,196651472,9,0,231555716,57578,9,0,0,0,0,0,23,1,3955,23,0,0,0,57535,63443449848,436404461137
2022-09-13,Z305GWSJ,0,112512968,9,0,232575891,57602,9,0,0,0,0,0,23,1,3955,23,0,0,0,57559,63465467672,436597226225
2022-09-14,Z305GWSJ,0,75151448,9,0,233678234,57626,9,0,0,0,0,0,23,1,3955,23,0,0,0,57583,63491101056,436843655763
2022-09-15,Z305GWSJ,0,144845584,9,0,235909168,57650,9,0,0,0,0,0,23,1,3956,23,0,0,0,57607,63512792384,437099756354
2022-09-16,Z305GWSJ,0,41158008,9,0,236855730,57674,9,0,0,0,0,0,23,1,3956,23,0,0,0,57630,63532958400,437269179071
2022-09-17,Z305GWSJ,0,24402152,9,0,238694633,57698,9,0,0,0,0,0,23,1,3956,23,0,0,0,57654,63556008216,437393751029
2022-09-18,Z305GWSJ,0,55827288,9,0,239958079,57722,9,0,0,0,0,0,23,1,3956,23,0,0,0,57678,63579396160,437495634418
2022-09-19,Z305GWSJ,0,141614032,9,0,240966301,57746,9,0,0,0,0,0,23,1,3956,23,0,0,0,57702,63603134088,437718599511
2022-09-20,Z305GWSJ,0,34160896,9,0,242103164,57769,9,0,0,0,0,0,23,1,3956,23,0,0,0,57726,63621704640,437976714749
2022-09-21,Z305GWSJ,0,235299864,9,0,243149901,57793,9,0,0,0,0,0,23,1,3957,23,0,0,0,57749,63644104728,438180073968
2022-09-22,Z305GWSJ,0,77881448,9,0,245423470,57817,9,0,0,0,0,0,23,1,3957,23,0,0,0,57773,63666568968,438427276594
2022-09-23,Z305GWSJ,0,60485216,9,0,246458930,57841,9,0,0,0,0,0,24,1,3957,24,0,0,0,57797,63686127664,438640924134
2022-09-24,Z305GWSJ,0,73829016,9,0,248429218,57864,9,0,0,0,0,0,23,1,3957,23,0,0,0,57821,63703593360,438932368977
2022-09-25,Z305GWSJ,0,180486104,9,0,249572213,57888,9,0,0,0,0,0,23,1,3957,23,0,0,0,57845,63714633376,439059249153
2022-09-26,Z305GWSJ,0,52707200,9,0,250259022,57912,9,0,0,0,0,0,23,1,3957,23,0,0,0,57868,63725639208,439170168649
2022-09-27,Z305GWSJ,0,166788112,9,0,251126259,57936,9,0,0,0,0,0,23,1,3957,23,0,0,0,57892,63736660288,439337045199
2022-09-28,Z305GWSJ,0,67685928,9,0,251874171,57959,9,0,0,0,0,0,23,1,3958,23,0,0,0,57916,63746422888,439477316820
2022-09-29,Z305GWSJ,0,64455176,9,0,253769064,57983,9,0,0,0,0,0,23,1,3958,23,0,0,0,57940,63755052456,439637772238
2022-09-30,Z305GWSJ,0,157001632,9,0,254604297,58008,9,0,0,0,0,0,23,1,3971,23,0,0,0,57964,63762363576,439793756601
2022-10-01,Z305GWSJ,0,183770104,9,0,256015479,58032,9,0,0,0,0,0,23,1,3971,23,0,0,0,57988,63773101960,439942436157
2022-10-02,Z305GWSJ,0,20372616,9,0,257104622,58056,9,0,0,0,0,0,23,1,3971,23,0,0,0,58011,63785663136,440055037609
2022-10-03,Z305GWSJ,0,226019952,9,0,257939565,58079,9,0,0,0,0,0,23,1,3971,23,0,0,0,58035,63798034952,440219787199
2022-10-04,Z305GWSJ,0,173329272,9,0,259574920,58103,9,0,0,0,0,0,23,1,3971,23,0,0,0,58059,63809793096,440411132016
2022-10-05,Z305GWSJ,0,35911752,9,0,260473845,58127,9,0,0,0,0,0,23,1,3971,23,0,0,0,58083,63825512816,440613901213
2022-10-06,Z305GWSJ,0,10751784,10,0,262277490,58151,10,0,0,0,0,0,23,1,3979,23,0,0,0,58107,63835684032,440845633626
2022-10-07,Z305GWSJ,0,71289984,11,0,263143852,58175,11,0,0,0,0,0,24,1,3984,24,0,0,0,58131,63843526720,441050354016
2022-10-08,Z305GWSJ,0,202783728,11,0,264614199,58199,11,0,0,0,0,0,23,1,3984,23,0,0,0,58154,63852474016,441209715250
2022-10-09,Z305GWSJ,0,32585760,11,0,265665884,58223,11,0,0,0,0,0,26,1,3984,26,0,0,0,58178,63863304264,441373293350
2022-10-10,Z305GWSJ,0,140969856,11,0,266650231,58247,11,0,0,0,0,0,23,1,3984,23,0,0,0,58202,63874545704,441587280268
2022-10-11,Z305GWSJ,0,137150784,11,0,267622248,58270,11,0,0,0,0,0,23,1,3984,23,0,0,0,58226,63882616032,441787036301
2022-10-12,Z305GWSJ,0,153022984,11,0,268507141,58294,11,0,0,0,0,0,23,1,3985,23,0,0,0,58250,63895358144,441954751434
2022-10-13,Z305GWSJ,0,132846792,11,0,270454300,58318,11,0,0,0,0,0,24,1,3985,24,0,0,0,58273,63909016296,442124326181
2022-10-14,Z305GWSJ,0,107990080,11,0,271012951,58330,11,0,0,0,0,0,24,1,3985,24,0,0,0,58285,63917095056,442246948351
2022-10-15,Z305GWSJ,0,226616928,11,0,273137347,58366,11,0,0,0,0,0,23,1,3985,23,0,0,0,58321,63929298448,442643423342
2022-10-16,Z305GWSJ,0,108425104,11,0,275000304,58390,11,0,0,0,0,0,24,1,3985,24,0,0,0,58345,63939833088,442849824692
2022-10-17,Z305GWSJ,0,204717008,11,0,276599447,58414,11,0,0,0,0,0,23,1,3985,23,0,0,0,58369,63949862696,443124968753
2022-10-18,Z305GWSJ,0,130388240,11,0,279532168,58437,11,0,0,0,0,0,23,1,3985,23,0,0,0,58393,63958845384,443463477649
2022-10-19,Z305GWSJ,0,126810488,11,0,281114516,58461,11,0,0,0,0,0,24,1,3985,24,0,0,0,58417,63968749928,443734243992
2022-10-20,Z305GWSJ,0,101434880,11,0,284039872,58485,11,0,0,0,0,0,23,1,3985,23,0,0,0,58440,63978026688,443989439156
2022-10-21,Z305GWSJ,0,235133944,11,0,285532288,58509,11,0,0,0,0,0,23,1,3985,23,0,0,0,58464,63987348256,444242916140
2022-10-22,Z305GWSJ,0,216375176,11,0,286956203,58532,11,0,0,0,0,0,23,1,3985,23,0,0,0,58488,63996658680,444496462188
2022-10-23,Z305GWSJ,0,4539208,11,0,288381441,58556,11,0,0,0,0,0,23,1,3985,23,0,0,0,58511,64006014504,444704530273
2022-10-24,Z305GWSJ,0,153840552,11,0,289607883,58580,11,0,0,0,0,0,23,1,3985,23,0,0,0,58535,64018709928,444993184278
2022-10-25,Z305GWSJ,0,25185872,11,0,290556766,58604,11,0,0,0,0,0,23,1,3985,23,0,0,0,58559,64027820216,445305757423
2022-10-26,Z305GWSJ,0,9578192,11,0,291524914,58627,11,0,0,0,0,0,24,1,3985,24,0,0,0,58583,64044886848,445578369782
2022-10-27,Z305GWSJ,0,171605872,11,0,293567548,58651,11,0,0,0,0,0,24,1,3985,24,0,0,0,58607,64055954296,445824444488
2022-10-28,Z305GWSJ,0,139172648,11,0,294286586,58675,11,0,0,0,0,0,24,1,3985,24,0,0,0,58630,64069114032,445961354508
2022-10-29,Z305GWSJ,0,165279560,11,0,295384195,58699,11,0,0,0,0,0,24,1,3985,24,0,0,0,58654,64080167592,446210647303
2022-10-30,Z305GWSJ,0,32087744,11,0,296816826,58723,11,0,0,0,0,0,24,1,3985,24,0,0,0,58678,64092984096,446296255663
2022-10-31,Z305GWSJ,0,98064432,11,0,297581966,58746,11,0,0,0,0,0,23,1,3985,23,0,0,0,58702,64103149344,446476432793
2022-11-01,Z305GWSJ,0,90360800,11,0,299342891,58770,11,0,0,0,0,0,24,1,3985,24,0,0,0,58726,64112538800,446642863983
2022-11-02,Z305GWSJ,0,136587912,11,0,300201256,58794,11,0,0,0,0,0,23,1,3986,23,0,0,0,58750,64124013544,446855062018
2022-11-03,Z305GWSJ,0,90767904,11,0,301937196,58818,11,0,0,0,0,0,23,1,3986,23,0,0,0,58773,64135714528,446966977276
2022-11-04,Z305GWSJ,0,220263200,11,0,302874389,58842,11,0,0,0,0,0,23,1,3986,23,0,0,0,58797,64146807592,447184110168
2022-11-05,Z305GWSJ,0,39604576,11,0,304958971,58877,11,0,0,0,0,0,23,1,3986,23,0,0,0,58833,64168740424,447422174837
2022-11-06,Z305GWSJ,0,46485856,11,0,305497523,58889,11,0,0,0,0,0,24,1,3986,24,0,0,0,58844,64174956648,447539590480
2022-11-07,Z305GWSJ,0,41452856,11,0,307212073,58925,11,0,0,0,0,0,24,1,3986,24,0,0,0,58880,64203749928,447961800598
2022-11-08,Z305GWSJ,0,109886992,11,0,307754112,58937,11,0,0,0,0,0,24,1,3986,24,0,0,0,58892,64210584608,448082597599
2022-11-09,Z305GWSJ,0,200042472,11,0,308367446,58960,11,0,0,0,0,0,23,1,3986,23,0,0,0,58916,64227123680,448173995893
2022-11-10,Z305GWSJ,0,83919496,11,0,310203930,58984,11,0,0,0,0,0,24,1,3988,24,0,0,0,58939,64236477536,448323314525
2022-11-11,Z305GWSJ,0,86159248,11,0,311025098,59008,11,0,0,0,0,0,24,1,3988,24,0,0,0,58963,64247025056,448484378509
2022-11-12,Z305GWSJ,0,58877120,11,0,311875580,59031,11,0,0,0,0,0,24,1,3988,24,0,0,0,58987,64256794072,448614664241
2022-11-13,Z305GWSJ,0,192333048,11,0,313894707,59055,11,0,0,0,0,0,23,1,3988,23,0,0,0,59011,64267768304,448729677408
2022-11-14,Z305GWSJ,0,88722008,11,0,315025339,59091,11,0,0,0,0,0,24,1,3988,24,0,0,0,59046,64284693648,448944486929
2022-11-15,Z305GWSJ,0,19619680,11,0,315764576,59115,11,0,0,0,0,0,24,1,3988,24,0,0,0,59070,64298065016,449084879159
2022-11-16,Z305GWSJ,0,84589472,11,0,316185486,59126,11,0,0,0,0,0,23,1,3988,23,0,0,0,59082,64305008072,449167578927
2022-11-17,Z305GWSJ,0,15294256,11,0,318230152,59150,11,0,0,0,0,0,23,1,3991,23,0,0,0,59105,64318385864,449287018991
2022-11-18,Z305GWSJ,0,10897584,11,0,320814808,59174,11,0,0,0,0,0,24,1,3991,24,0,0,0,59129,64330275904,449389319276
2022-11-19,Z305GWSJ,0,159599112,11,0,323909069,59209,11,0,0,0,0,0,24,1,3992,24,0,0,0,59164,64347222152,449541629169
2022-11-20,Z305GWSJ,0,6891512,11,0,324657457,59233,11,0,0,0,0,0,24,1,3992,24,0,0,0,59188,64358947176,449715167776
2022-11-21,Z305GWSJ,0,10175688,11,0,325907595,59256,11,0,0,0,0,0,23,1,3992,23,0,0,0,59212,64369594040,449911660136
2022-11-22,Z305GWSJ,0,158105728,11,0,326790894,59280,11,0,0,0,0,0,23,1,3992,23,0,0,0,59236,64378123648,450154096026
2022-11-23,Z305GWSJ,0,68280408,11,0,327656859,59304,11,0,0,0,0,0,23,1,3992,23,0,0,0,59259,64387694768,450362901768
2022-11-24,Z305GWSJ,0,123878832,11,0,329783180,59328,11,0,0,0,0,0,23,1,3992,23,0,0,0,59283,64398482576,450609901000
2022-11-25,Z305GWSJ,0,203613224,11,0,330759925,59351,11,0,0,0,0,0,23,1,3992,23,0,0,0,59307,64409406464,450822166811
2022-11-26,Z305GWSJ,0,57263816,11,0,332252439,59375,11,0,0,0,0,0,23,1,3992,23,0,0,0,59331,64419125696,450970473260
2022-11-27,Z305GWSJ,0,217639568,11,0,333211060,59399,11,0,0,0,0,0,23,1,3992,23,0,0,0,59354,64431791848,451096879892
2022-11-28,Z305GWSJ,0,47729688,11,0,334083299,59423,11,0,0,0,0,0,23,1,3992,23,0,0,0,59378,64449701600,451250403940
2022-11-29,Z305GWSJ,0,16821600,11,0,334934434,59447,11,0,0,0,0,0,23,1,3992,23,0,0,0,59402,64462222368,451394868236
2022-11-30,Z305GWSJ,0,196394952,11,0,336061897,59470,11,0,0,0,0,0,23,1,3993,23,0,0,0,59425,64471271016,451699644588
2022-12-01,Z305GWSJ,0,223153392,11,0,339588199,59494,11,0,0,0,0,0,24,1,3993,24,0,0,0,59449,64485799368,452042345017
2022-12-02,Z305GWSJ,0,124119904,11,0,341253967,59518,11,0,0,0,0,0,23,1,3993,23,0,0,0,59473,64499955384,452321954695
2022-12-03,Z305GWSJ,0,111859816,11,0,343259136,59541,11,0,0,0,0,0,23,1,3993,23,0,0,0,59497,64516719800,452565982151
2022-12-04,Z305GWSJ,0,237894120,11,0,344988236,59565,11,0,0,0,0,0,23,1,3993,23,0,0,0,59520,64532287064,452755451476
2022-12-05,Z305GWSJ,0,37201376,11,0,346659510,59589,11,0,0,0,0,0,23,1,3993,23,0,0,0,59544,64543252288,453029004313
2022-12-06,Z305GWSJ,0,50399072,11,0,348515626,59613,11,0,0,0,0,0,23,1,3993,23,0,0,0,59568,64553855672,453280303060
2022-12-07,Z305GWSJ,0,1233008,11,0,349800456,59636,11,0,0,0,0,0,23,1,3994,23,0,0,0,59592,64569802120,453549082576
2022-12-08,Z305GWSJ,0,154455952,11,0,351929409,59660,11,0,0,0,0,0,24,1,3994,24,0,0,0,59615,64586312704,453820200946
2022-12-09,Z305GWSJ,0,45179520,11,0,353403013,59684,11,0,0,0,0,0,24,1,3994,24,0,0,0,59639,64609061848,454130574613
2022-12-11,Z305GWSJ,0,155585408,11,0,355762935,59732,11,0,0,0,0,0,23,1,3994,23,0,0,0,59687,64642326992,454447374851
2022-12-11,Z305GWSJ,0,155585408,11,0,355762935,59732,11,0,0,0,0,0,23,1,3994,23,0,0,0,59687,64642326992,454447374851
2022-12-12,Z305GWSJ,0,90006592,11,0,356987736,59755,11,0,0,0,0,0,24,1,3994,24,0,0,0,59711,64659995504,454573713817
2022-12-13,Z305GWSJ,0,109128128,11,0,357994606,59779,11,0,0,0,0,0,23,1,3994,23,0,0,0,59734,64676668800,454857182439
2022-12-14,Z305GWSJ,0,16914384,11,0,358946528,59803,11,0,0,0,0,0,23,1,3996,23,0,0,0,59758,64698805568,455068463540
2022-12-15,Z305GWSJ,0,124904528,11,0,361092216,59827,11,0,0,0,0,0,23,1,3996,23,0,0,0,59782,64722923648,455269637370
2022-12-16,Z305GWSJ,0,122505856,11,0,361938995,59851,11,0,0,0,0,0,23,1,3996,23,0,0,0,59806,64743944656,455430300770
2022-12-17,Z305GWSJ,0,98269800,11,0,364596299,59874,11,0,0,0,0,0,23,1,3996,23,0,0,0,59830,64761323280,455697054075
2022-12-18,Z305GWSJ,0,227244104,11,0,366034967,59898,11,0,0,0,0,0,23,1,3996,23,0,0,0,59853,64795873896,455808241924
2022-12-19,Z305GWSJ,0,129723880,11,0,366790602,59922,11,0,0,0,0,0,23,1,3996,23,0,0,0,59877,64821654664,455957534695
2022-12-20,Z305GWSJ,0,72047984,11,0,367544004,59946,11,0,0,0,0,0,23,1,3996,23,0,0,0,59901,64848138504,456099572643
2022-12-21,Z305GWSJ,0,165697520,11,0,371894997,59981,11,0,0,0,0,0,24,1,3998,24,0,0,0,59937,64859873064,457074282942
2022-12-22,Z305GWSJ,0,71389720,11,0,376176703,60005,11,0,0,0,0,0,24,1,3998,24,0,0,0,59960,64859977488,457729167029
2022-12-23,Z305GWSJ,0,219973088,11,0,380576487,60029,11,0,0,0,0,0,24,1,3998,24,0,0,0,59984,64860177080,458662215802
2022-12-24,Z305GWSJ,0,210021976,11,0,384830589,60053,11,0,0,0,0,0,24,1,3998,24,0,0,0,60008,64860570688,459719966498
2022-12-25,Z305GWSJ,0,51287840,11,0,388234314,60077,11,0,0,0,0,0,23,1,3999,23,0,0,0,60032,64874375080,460326561178
2022-12-26,Z305GWSJ,0,15583744,11,0,389658842,60100,11,0,0,0,0,0,23,1,3999,23,0,0,0,60056,64894130472,460481357681
2022-12-27,Z305GWSJ,0,70517512,11,0,390743570,60124,11,0,0,0,0,0,23,1,3999,23,0,0,0,60079,64922297048,460739320239
2022-12-28,Z305GWSJ,0,20076048,11,0,391934069,60148,11,0,0,0,0,0,23,1,3999,23,0,0,0,60103,64940877120,460991724563
2022-12-29,Z305GWSJ,0,17144736,11,0,394063289,60172,11,0,0,0,0,0,23,1,3999,23,0,0,0,60127,64957094944,461248552462
2022-12-30,Z305GWSJ,0,52710992,11,0,394945335,60196,11,0,0,0,0,0,23,1,3999,23,0,0,0,60151,64975648176,461405294805
2022-12-31,Z305GWSJ,0,11500272,11,0,396403365,60220,11,0,0,0,0,0,23,1,3999,23,0,0,0,60175,65006042216,461495397001
