2022-01-01,Z305D5C2,0,125504584,13,0,56359380,51942,12,0,0,0,0,0,22,1,4850,22,0,0,0,51838,63126781560,310994837005
2022-01-02,Z305D5C2,0,195035480,13,0,58295866,51966,12,0,0,0,0,0,22,1,4850,22,0,0,0,51862,63143952864,311275142756
2022-01-03,Z305D5C2,0,116345608,13,0,60279009,51990,12,0,0,0,0,0,22,1,4850,22,0,0,0,51886,63158049992,311367361947
2022-01-04,Z305D5C2,0,123721736,13,0,62031630,52013,12,0,0,0,0,0,22,1,4850,22,0,0,0,51910,63170225440,311601745227
2022-01-05,Z305D5C2,0,223184856,13,0,63477372,52037,12,0,0,0,0,0,22,1,4850,22,0,0,0,51933,63179879832,311826020490
2022-01-06,Z305D5C2,0,91791032,13,0,65043921,52061,12,0,0,0,0,0,22,1,4850,22,0,0,0,51957,63191311592,312042293908
2022-01-07,Z305D5C2,0,1065272,13,0,66888964,52085,12,0,0,0,0,0,22,1,4850,22,0,0,0,51981,63204162576,312266547650
2022-01-08,Z305D5C2,0,156217968,13,0,69369424,52109,12,0,0,0,0,0,22,1,4850,22,0,0,0,52005,63210884784,312423563070
2022-01-09,Z305D5C2,0,88899072,13,0,70800575,52132,12,0,0,0,0,0,21,1,4850,21,0,0,0,52029,63217934104,312599443574
2022-01-10,Z305D5C2,0,42269576,13,0,72733591,52156,12,0,0,0,0,0,22,1,4850,22,0,0,0,52052,63227681112,312689152509
2022-01-11,Z305D5C2,0,77032152,13,0,73785019,52180,12,0,0,0,0,0,22,1,4850,22,0,0,0,52076,63236889352,312773789619
2022-01-12,Z305D5C2,0,109846544,13,0,75051934,52203,12,0,0,0,0,0,22,1,4850,22,0,0,0,52100,63245529176,312931661537
2022-01-13,Z305D5C2,0,55800576,13,0,76574496,52227,12,0,0,0,0,0,21,1,4850,21,0,0,0,52123,63256323872,313096537768
2022-01-14,Z305D5C2,0,183795064,13,0,77535579,52251,12,0,0,0,0,0,21,1,4850,21,0,0,0,52147,63268691064,313228188922
2022-01-15,Z305D5C2,0,149796336,13,0,79786244,52275,12,0,0,0,0,0,22,1,4850,22,0,0,0,52171,63279837608,313414346777
2022-01-16,Z305D5C2,0,67390888,13,0,80869011,52299,12,0,0,0,0,0,21,1,4850,21,0,0,0,52195,63294058520,313504798215
2022-01-17,Z305D5C2,0,134704392,13,0,82522406,52323,12,0,0,0,0,0,22,1,4850,22,0,0,0,52219,63304110064,313615794850
2022-01-18,Z305D5C2,0,115042000,13,0,86086158,52347,12,0,0,0,0,0,21,1,4850,21,0,0,0,52243,63316316584,313740199277
2022-01-19,Z305D5C2,0,22081824,13,0,87487479,52371,12,0,0,0,0,0,20,1,4850,20,0,0,0,52267,63329978912,313917361474
2022-01-20,Z305D5C2,0,67797616,13,0,89686003,52406,12,0,0,0,0,0,21,1,4850,21,0,0,0,52303,63355575344,314212613857
2022-01-21,Z305D5C2,0,137090200,13,0,91861103,52430,12,0,0,0,0,0,22,1,4850,22,0,0,0,52327,63369309656,314419454603
2022-01-22,Z305D5C2,0,26701936,13,0,94045662,52454,12,0,0,0,0,0,22,1,4850,22,0,0,0,52350,63385140992,314622910020
2022-01-23,Z305D5C2,0,20921464,13,0,95601747,52478,12,0,0,0,0,0,22,1,4850,22,0,0,0,52374,63409687672,314817766873
2022-01-24,Z305D5C2,0,42508760,13,0,97741452,52502,12,0,0,0,0,0,22,1,4850,22,0,0,0,52398,63429625264,314916440955
2022-01-25,Z305D5C2,0,141599896,13,0,99419293,52526,12,0,0,0,0,0,22,1,4850,22,0,0,0,52422,63445189752,315166965451
2022-01-26,Z305D5C2,0,116254520,13,0,100142716,52537,12,0,0,0,0,0,21,1,4850,21,0,0,0,52434,63451434752,315278804750
2022-01-27,Z305D5C2,0,29428760,13,0,101707747,52561,12,0,0,0,0,0,21,1,4850,21,0,0,0,52458,63483903448,315585818575
2022-01-28,Z305D5C2,0,172731168,13,0,103116053,52585,12,0,0,0,0,0,21,1,4850,21,0,0,0,52481,63501480064,315853151422
2022-01-29,Z305D5C2,0,214380736,13,0,106181958,52609,12,0,0,0,0,0,20,1,4850,20,0,0,0,52505,63517330552,316134587596
2022-01-30,Z305D5C2,0,229588272,13,0,107645406,52633,12,0,0,0,0,0,21,1,4850,21,0,0,0,52529,63537680016,316333971029
2022-01-31,Z305D5C2,0,197971176,13,0,109623579,52657,12,0,0,0,0,0,21,1,4850,21,0,0,0,52553,63561769568,316503269730
2022-02-01,Z305D5C2,0,118947656,13,0,111259982,52680,12,0,0,0,0,0,20,1,4850,20,0,0,0,52576,63576209640,316670911462
2022-02-02,Z305D5C2,0,131294216,13,0,112683129,52704,12,0,0,0,0,0,20,1,4850,20,0,0,0,52600,63594271392,316885430961
2022-02-03,Z305D5C2,0,113488192,13,0,114162836,52728,12,0,0,0,0,0,20,1,4850,20,0,0,0,52624,63615428448,317131713212
2022-02-04,Z305D5C2,0,134107896,13,0,115692261,52752,12,0,0,0,0,0,20,1,4850,20,0,0,0,52648,63635011064,317392484302
2022-02-05,Z305D5C2,0,102348888,13,0,119550490,52787,12,0,0,0,0,0,20,1,4850,20,0,0,0,52683,63660627864,317825102714
2022-02-06,Z305D5C2,0,13650816,13,0,121002594,52811,12,0,0,0,0,0,21,1,4850,21,0,0,0,52707,63679834376,318082575586
2022-02-07,Z305D5C2,0,160770032,13,0,123128137,52835,12,0,0,0,0,0,21,1,4850,21,0,0,0,52731,63694313064,318167627396
2022-02-08,Z305D5C2,0,169871384,13,0,124654393,52858,12,0,0,0,0,0,20,1,4850,20,0,0,0,52755,63707374472,318477707565
2022-02-09,Z305D5C2,0,84810120,13,0,126037441,52882,12,0,0,0,0,0,20,1,4850,20,0,0,0,52778,63719818832,318732838726
2022-02-10,Z305D5C2,0,41104128,13,0,127413133,52906,12,0,0,0,0,0,20,1,4850,20,0,0,0,52802,63734789056,318954475565
2022-02-11,Z305D5C2,0,175125352,13,0,129327312,52930,12,0,0,0,0,0,20,1,4850,20,0,0,0,52826,63748692272,319193667783
2022-02-12,Z305D5C2,0,60543240,13,0,131949823,52953,12,0,0,0,0,0,20,1,4850,20,0,0,0,52849,63764452680,319451273732
2022-02-13,Z305D5C2,0,185551864,13,0,133565151,52977,12,0,0,0,0,0,20,1,4850,20,0,0,0,52873,63773451280,319691873541
2022-02-14,Z305D5C2,0,102009072,13,0,135395495,53000,12,0,0,0,0,0,20,1,4850,20,0,0,0,52897,63792105976,319774809596
2022-02-15,Z305D5C2,0,155950712,13,0,137202884,53024,12,0,0,0,0,0,20,1,4850,20,0,0,0,52920,63802732488,319981042350
2022-02-16,Z305D5C2,0,155484800,13,0,138977510,53048,12,0,0,0,0,0,20,1,4850,20,0,0,0,52944,63819613336,320223536340
2022-02-17,Z305D5C2,0,174879344,13,0,140257891,53071,12,0,0,0,0,0,20,1,4850,20,0,0,0,52968,63830918024,320447216053
2022-02-18,Z305D5C2,0,209854928,13,0,141847787,53095,12,0,0,0,0,0,19,1,4850,19,0,0,0,52991,63834581424,320695729195
2022-02-19,Z305D5C2,0,134296520,13,0,144323523,53119,12,0,0,0,0,0,19,1,4850,19,0,0,0,53015,63838346888,321036760822
2022-02-20,Z305D5C2,0,233228496,13,0,145744759,53142,12,0,0,0,0,0,19,1,4850,19,0,0,0,53039,63841858528,321377453063
2022-02-21,Z305D5C2,0,145862760,13,0,148204152,53166,12,0,0,0,0,0,19,1,4850,19,0,0,0,53062,63871304984,321529062001
2022-02-22,Z305D5C2,0,161762504,13,0,150183778,53190,12,0,0,0,0,0,19,1,4850,19,0,0,0,53086,63916854704,321786287656
2022-02-23,Z305D5C2,0,186564328,13,0,151754661,53214,12,0,0,0,0,0,20,1,4850,20,0,0,0,53110,63919355448,322037186198
2022-02-24,Z305D5C2,0,12146120,13,0,153267904,53238,12,0,0,0,0,0,19,1,4850,19,0,0,0,53134,63922786568,322286430437
2022-02-25,Z305D5C2,0,161998104,13,0,155036607,53262,12,0,0,0,0,0,20,1,4850,20,0,0,0,53158,63927162600,322494958639
2022-02-26,Z305D5C2,0,152111776,13,0,158069321,53286,12,0,0,0,0,0,20,1,4850,20,0,0,0,53182,63932849520,322740878125
2022-02-27,Z305D5C2,0,147420680,13,0,159249779,53309,12,0,0,0,0,0,20,1,4850,20,0,0,0,53206,63939059800,322894939723
2022-02-28,Z305D5C2,0,1731424,13,0,161284850,53333,12,0,0,0,0,0,20,1,4850,20,0,0,0,53229,63943442536,323000249114
2022-03-01,Z305D5C2,0,32426920,13,0,162327660,53357,12,0,0,0,0,0,20,1,4850,20,0,0,0,53253,63949143984,323106084815
2022-03-02,Z305D5C2,0,210489304,13,0,165437881,53380,12,0,0,0,0,0,20,1,4850,20,0,0,0,53276,63955192208,323230492832
2022-03-03,Z305D5C2,0,6625080,13,0,167153246,53404,12,0,0,0,0,0,19,1,4850,19,0,0,0,53300,63965309952,323410579545
2022-03-04,Z305D5C2,0,239696896,13,0,168265251,53428,12,0,0,0,0,0,20,1,4850,20,0,0,0,53324,63973122080,323582401959
2022-03-05,Z305D5C2,0,148148848,13,0,170791560,53452,12,0,0,0,0,0,20,1,4850,20,0,0,0,53348,63979325504,323764097582
2022-03-06,Z305D5C2,0,106605904,13,0,171557983,53475,12,0,0,0,0,0,20,1,4850,20,0,0,0,53372,63985255856,323871940183
2022-03-07,Z305D5C2,0,21239728,13,0,173563448,53499,12,0,0,0,0,0,20,1,4850,20,0,0,0,53395,63990751744,323985993647
2022-03-08,Z305D5C2,0,210813056,13,0,175051278,53523,12,0,0,0,0,0,20,1,4850,20,0,0,0,53419,63999952864,324152737692
2022-03-09,Z305D5C2,0,91773688,13,0,176383943,53547,12,0,0,0,0,0,19,1,4850,19,0,0,0,53443,64006991560,324326521377
2022-03-10,Z305D5C2,0,181802320,13,0,177880169,53571,12,0,0,0,0,0,19,1,4850,19,0,0,0,53467,64016091744,324544956402
2022-03-11,Z305D5C2,0,32788056,13,0,179211589,53595,12,0,0,0,0,0,19,1,4850,19,0,0,0,53491,64027499192,324722267656
2022-03-12,Z305D5C2,0,61914704,13,0,182314483,53619,12,0,0,0,0,0,19,1,4850,19,0,0,0,53515,64036000976,324970474947
2022-03-13,Z305D5C2,0,16857608,13,0,184083516,53643,12,0,0,0,0,0,20,1,4850,20,0,0,0,53539,64047098064,325241015128
2022-03-14,Z305D5C2,0,20920760,13,0,185867196,53667,12,0,0,0,0,0,19,1,4850,19,0,0,0,53563,64056287856,325348975055
2022-03-15,Z305D5C2,0,15273960,13,0,187606438,53691,12,0,0,0,0,0,19,1,4850,19,0,0,0,53587,64072306888,325628188283
2022-03-16,Z305D5C2,0,100473104,13,0,189085791,53714,12,0,0,0,0,0,19,1,4850,19,0,0,0,53611,64092524920,325898506519
2022-03-17,Z305D5C2,0,167089296,13,0,190507837,53738,12,0,0,0,0,0,19,1,4850,19,0,0,0,53634,64113077808,326104235297
2022-03-18,Z305D5C2,0,116833744,13,0,191752443,53762,12,0,0,0,0,0,20,1,4850,20,0,0,0,53658,64122449032,326332725856
2022-03-19,Z305D5C2,0,233924424,13,0,194835545,53786,12,0,0,0,0,0,19,1,4850,19,0,0,0,53682,64135802720,326607092996
2022-03-20,Z305D5C2,0,42567784,13,0,196343791,53810,12,0,0,0,0,0,20,1,4850,20,0,0,0,53706,64150691800,326827803022
2022-03-21,Z305D5C2,0,16345080,13,0,198293131,53834,12,0,0,0,0,0,20,1,4850,20,0,0,0,53730,64173982432,326983930957
2022-03-22,Z305D5C2,0,176410544,13,0,200106583,53858,12,0,0,0,0,0,19,1,4850,19,0,0,0,53754,64188955632,327189469670
2022-03-23,Z305D5C2,0,188705688,13,0,202001528,53882,12,0,0,0,0,0,19,1,4850,19,0,0,0,53778,64199635328,327448691289
2022-03-24,Z305D5C2,0,75903528,13,0,203399112,53905,12,0,0,0,0,0,19,1,4850,19,0,0,0,53801,64210109984,327730693030
2022-03-25,Z305D5C2,0,163487536,13,0,204752140,53929,12,0,0,0,0,0,20,1,4850,20,0,0,0,53825,64220918912,327979891914
2022-03-26,Z305D5C2,0,125979496,13,0,207640621,53952,12,0,0,0,0,0,20,1,4850,20,0,0,0,53849,64231928976,328295470739
2022-03-27,Z305D5C2,0,127585352,13,0,209576761,53976,12,0,0,0,0,0,20,1,4850,20,0,0,0,53872,64245826128,328568441565
2022-03-28,Z305D5C2,0,94882592,13,0,211165830,54000,12,0,0,0,0,0,20,1,4850,20,0,0,0,53896,64257535880,328717953226
2022-03-29,Z305D5C2,0,67251440,13,0,213062335,54023,12,0,0,0,0,0,20,1,4850,20,0,0,0,53920,64268052616,328885581923
2022-03-30,Z305D5C2,0,195689392,13,0,214486632,54047,12,0,0,0,0,0,19,1,4850,19,0,0,0,53943,64278177800,329119215011
2022-03-31,Z305D5C2,0,91605168,13,0,216756017,54083,12,0,0,0,0,0,20,1,4850,20,0,0,0,53979,64297564880,329448702657
2022-04-01,Z305D5C2,0,218267048,13,0,218884577,54107,12,0,0,0,0,0,20,1,4850,20,0,0,0,54003,64306931344,329703581904
2022-04-02,Z305D5C2,0,21058064,13,0,221342833,54130,12,0,0,0,0,0,20,1,4850,20,0,0,0,54027,64314357240,329959475471
2022-04-03,Z305D5C2,0,147875136,13,0,222349849,54154,12,0,0,0,0,0,19,1,4850,19,0,0,0,54050,64322754056,330204655958
2022-04-04,Z305D5C2,0,179817296,13,0,223575104,54178,12,0,0,0,0,0,19,1,4850,19,0,0,0,54074,64330940912,330260528212
2022-04-05,Z305D5C2,0,110750592,13,0,225139701,54202,12,0,0,0,0,0,19,1,4850,19,0,0,0,54098,64338920528,330507229846
2022-04-06,Z305D5C2,0,73138208,13,0,226604668,54226,12,0,0,0,0,0,19,1,4850,19,0,0,0,54122,64354789976,330860391461
2022-04-07,Z305D5C2,0,108331640,13,0,228500988,54250,12,0,0,0,0,0,19,1,4850,19,0,0,0,54146,64364537792,331151055788
2022-04-08,Z305D5C2,0,87179272,13,0,230722075,54274,12,0,0,0,0,0,19,1,4850,19,0,0,0,54170,64372680416,331413258848
2022-04-09,Z305D5C2,0,4298512,13,0,233373012,54297,12,0,0,0,0,0,19,1,4850,19,0,0,0,54193,64380816152,331685053095
2022-04-10,Z305D5C2,0,221073376,13,0,234816998,54321,12,0,0,0,0,0,19,1,4850,19,0,0,0,54217,64390306544,331880130673
2022-04-11,Z305D5C2,0,208204632,13,0,236900295,54345,12,0,0,0,0,0,21,1,4850,21,0,0,0,54241,64396442360,331973902859
2022-04-12,Z305D5C2,0,213226480,13,0,238277310,54369,12,0,0,0,0,0,21,1,4850,21,0,0,0,54265,64405203600,332150525873
2022-04-13,Z305D5C2,0,11543984,13,0,239424454,54392,12,0,0,0,0,0,21,1,4850,21,0,0,0,54289,64411302728,332316206234
2022-04-14,Z305D5C2,0,235660720,13,0,240574827,54416,12,0,0,0,0,0,21,1,4850,21,0,0,0,54312,64420612976,332456792787
2022-04-15,Z305D5C2,0,176878992,13,0,241774062,54440,12,0,0,0,0,0,21,1,4850,21,0,0,0,54336,64429161440,332555043048
2022-04-16,Z305D5C2,0,241841840,13,0,244795771,54463,12,0,0,0,0,0,21,1,4850,21,0,0,0,54360,64437983200,332748245600
2022-04-17,Z305D5C2,0,93460216,13,0,245692725,54487,12,0,0,0,0,0,21,1,4850,21,0,0,0,54383,64445629976,332898093117
2022-04-18,Z305D5C2,0,104919544,13,0,247476856,54511,12,0,0,0,0,0,21,1,4850,21,0,0,0,54407,64451983144,332979936438
2022-04-19,Z305D5C2,0,85766528,13,0,250951593,54535,12,0,0,0,0,0,21,1,4850,21,0,0,0,54431,64458135704,333142374587
2022-04-20,Z305D5C2,0,140632784,13,0,251632430,54558,12,0,0,0,0,0,22,1,4850,22,0,0,0,54455,64467161040,333244894665
2022-04-21,Z305D5C2,0,127088080,13,0,253021109,54582,12,0,0,0,0,0,22,1,4850,22,0,0,0,54478,64476360720,333441923543
2022-04-22,Z305D5C2,0,77913048,13,0,254470540,54606,12,0,0,0,0,0,22,1,4850,22,0,0,0,54502,64484896872,333609879815
2022-04-23,Z305D5C2,0,219059328,13,0,257083213,54630,12,0,0,0,0,0,22,1,4850,22,0,0,0,54526,64492622576,333833023934
2022-04-24,Z305D5C2,0,29808160,13,0,258490162,54654,12,0,0,0,0,0,24,1,4850,24,0,0,0,54550,64501786552,334011060465
2022-04-25,Z305D5C2,0,212338232,13,0,260032279,54678,12,0,0,0,0,0,25,1,4850,25,0,0,0,54574,64511664632,334085111003
2022-04-26,Z305D5C2,0,3724024,13,0,261734451,54701,12,0,0,0,0,0,27,1,4850,27,0,0,0,54598,64522120312,334258116874
2022-04-27,Z305D5C2,0,10631128,13,0,263186311,54725,12,0,0,0,0,0,26,1,4850,26,0,0,0,54621,64534484880,334488630934
2022-04-28,Z305D5C2,0,94734184,13,0,264599348,54749,12,0,0,0,0,0,24,1,4850,24,0,0,0,54645,64543398008,334724989403
2022-04-29,Z305D5C2,0,117405232,13,0,266168729,54773,12,0,0,0,0,0,24,1,4850,24,0,0,0,54669,64552267408,335059104524
2022-04-30,Z305D5C2,0,12882160,13,0,269038410,54797,12,0,0,0,0,0,23,1,4850,23,0,0,0,54693,64559053440,335326397203
2022-05-01,Z305D5C2,0,205708688,13,0,270014577,54821,12,0,0,0,0,0,24,1,4850,24,0,0,0,54717,64568729328,335507079542
2022-05-02,Z305D5C2,0,113614872,13,0,271705477,54845,12,0,0,0,0,0,24,1,4850,24,0,0,0,54741,64578075376,335617018124
2022-05-03,Z305D5C2,0,69268136,13,0,273303191,54869,12,0,0,0,0,0,24,1,4850,24,0,0,0,54765,64590749768,335808858727
2022-05-04,Z305D5C2,0,220879200,13,0,274597149,54893,12,0,0,0,0,0,23,1,4850,23,0,0,0,54789,64600208848,336016655894
2022-05-05,Z305D5C2,0,41304512,13,0,275932501,54916,12,0,0,0,0,0,24,1,4850,24,0,0,0,54813,64609860336,336254877251
2022-05-06,Z305D5C2,0,113697552,13,0,277358677,54940,12,0,0,0,0,0,23,1,4850,23,0,0,0,54836,64620212904,336491708503
2022-05-07,Z305D5C2,0,184891880,13,0,280029655,54964,12,0,0,0,0,0,22,1,4850,22,0,0,0,54860,64630307264,336769250288
2022-05-08,Z305D5C2,0,120289144,13,0,281469948,54988,12,0,0,0,0,0,22,1,4850,22,0,0,0,54884,64641629608,337010929889
2022-05-09,Z305D5C2,0,243967480,13,0,283165411,55012,12,0,0,0,0,0,22,1,4850,22,0,0,0,54908,64652975144,337134056571
2022-05-10,Z305D5C2,0,156849320,13,0,284713381,55036,12,0,0,0,0,0,23,1,4850,23,0,0,0,54932,64661533664,337333311142
2022-05-11,Z305D5C2,0,28076648,13,0,286038039,55060,12,0,0,0,0,0,22,1,4850,22,0,0,0,54956,64669509464,337577809987
2022-05-12,Z305D5C2,0,29210392,13,0,287525207,55084,12,0,0,0,0,0,22,1,4850,22,0,0,0,54980,64679581312,337834298146
2022-05-13,Z305D5C2,0,35353096,13,0,289225771,55108,12,0,0,0,0,0,22,1,4850,22,0,0,0,55004,64688564464,338093304034
2022-05-14,Z305D5C2,0,203422320,13,0,291919463,55131,12,0,0,0,0,0,22,1,4850,22,0,0,0,55028,64699103824,338340245035
2022-05-15,Z305D5C2,0,178261704,13,0,293833023,55155,12,0,0,0,0,0,23,1,4850,23,0,0,0,55052,64708222336,338568438127
2022-05-16,Z305D5C2,0,507616,13,0,295459240,55179,12,0,0,0,0,0,22,1,4850,22,0,0,0,55075,64716648288,338684533482
2022-05-17,Z305D5C2,0,26814488,13,0,296880944,55203,12,0,0,0,0,0,23,1,4850,23,0,0,0,55099,64725654400,338861090015
2022-05-18,Z305D5C2,0,6712664,13,0,297830022,55226,12,0,0,0,0,0,23,1,4850,23,0,0,0,55123,64734731808,339066472869
2022-05-19,Z305D5C2,0,152555448,13,0,298792519,55250,12,0,0,0,0,0,23,1,4850,23,0,0,0,55146,64747525752,339293383885
2022-05-20,Z305D5C2,0,91738680,13,0,300042020,55274,12,0,0,0,0,0,23,1,4850,23,0,0,0,55170,64755842472,339659290641
2022-05-21,Z305D5C2,0,6837584,13,0,303071324,55297,12,0,0,0,0,0,23,1,4850,23,0,0,0,55194,64765248696,339989442058
2022-05-22,Z305D5C2,0,120383256,13,0,305205805,55321,12,0,0,0,0,0,23,1,4850,23,0,0,0,55218,64775421784,340225745561
2022-05-23,Z305D5C2,0,17109768,13,0,307710972,55357,12,0,0,0,0,0,23,1,4850,23,0,0,0,55253,64791019320,340375816527
2022-05-24,Z305D5C2,0,81770832,13,0,309149357,55381,12,0,0,0,0,0,22,1,4850,22,0,0,0,55277,64801959192,340588214672
2022-05-25,Z305D5C2,0,108227016,13,0,309898555,55393,12,0,0,0,0,0,22,1,4850,22,0,0,0,55289,64805142512,340701319372
2022-05-26,Z305D5C2,0,29674792,13,0,311348598,55416,12,0,0,0,0,0,22,1,4850,22,0,0,0,55313,64815050864,340908540801
2022-05-27,Z305D5C2,0,144383568,13,0,314856671,55440,12,0,0,0,0,0,22,1,4850,22,0,0,0,55336,64823599432,341117859824
2022-05-28,Z305D5C2,0,230161784,13,0,317417728,55464,12,0,0,0,0,0,22,1,4850,22,0,0,0,55360,64835738208,341301089466
2022-05-29,Z305D5C2,0,155723520,13,0,318838716,55487,12,0,0,0,0,0,22,1,4850,22,0,0,0,55384,64845570216,341420521638
2022-05-30,Z305D5C2,0,92439536,13,0,320039436,55511,12,0,0,0,0,0,22,1,4850,22,0,0,0,55407,64854245016,341491765554
2022-05-31,Z305D5C2,0,60203888,13,0,321607530,55535,12,0,0,0,0,0,22,1,4850,22,0,0,0,55431,64866142112,341565306989
2022-06-01,Z305D5C2,0,10964672,13,0,323193595,55559,12,0,0,0,0,0,22,1,4850,22,0,0,0,55455,64877995624,341727013116
2022-06-02,Z305D5C2,0,175942784,13,0,324158225,55582,12,0,0,0,0,0,22,1,4850,22,0,0,0,55479,64886984120,341877903653
2022-06-03,Z305D5C2,0,124476744,13,0,325115585,55606,12,0,0,0,0,0,22,1,4850,22,0,0,0,55502,64896995080,342029321698
2022-06-04,Z305D5C2,0,110169208,13,0,327229418,55630,12,0,0,0,0,0,22,1,4850,22,0,0,0,55526,64905881520,342161116720
2022-06-05,Z305D5C2,0,140607928,13,0,329085149,55653,12,0,0,0,0,0,22,1,4850,22,0,0,0,55550,64919036400,342362305806
2022-06-07,Z305D5C2,0,100002832,13,0,333088712,55713,12,0,0,0,0,0,22,1,4850,22,0,0,0,55609,64950069384,342707582730
2022-06-08,Z305D5C2,0,163546792,13,0,333806315,55725,12,0,0,0,0,0,23,1,4850,23,0,0,0,55621,64958222848,342804273000
2022-06-09,Z305D5C2,0,237148296,13,0,335016432,55749,12,0,0,0,0,0,22,1,4850,22,0,0,0,55645,64968852520,342992117313
2022-06-10,Z305D5C2,0,53105176,13,0,336388438,55773,12,0,0,0,0,0,22,1,4850,22,0,0,0,55669,64978462376,343198289292
2022-06-11,Z305D5C2,0,18239648,13,0,340048894,55809,12,0,0,0,0,0,22,1,4850,22,0,0,0,55705,64998001344,343575654582
2022-06-12,Z305D5C2,0,37656248,13,0,341996231,55833,12,0,0,0,0,0,21,1,4850,21,0,0,0,55729,65007773408,343919602674
2022-06-13,Z305D5C2,0,186350904,13,0,343716425,55856,12,0,0,0,0,0,23,1,4850,23,0,0,0,55753,65022268208,344005248647
2022-06-14,Z305D5C2,0,34449584,13,0,345124571,55880,12,0,0,0,0,0,22,1,4850,22,0,0,0,55777,65034674560,344146689349
2022-06-15,Z305D5C2,0,241043136,13,0,346507988,55904,12,0,0,0,0,0,21,1,4850,21,0,0,0,55800,65045129912,344364634462
2022-06-16,Z305D5C2,0,243496120,13,0,347705631,55928,12,0,0,0,0,0,21,1,4850,21,0,0,0,55824,65063826368,344581610406
2022-06-17,Z305D5C2,0,174464232,13,0,349343794,55952,12,0,0,0,0,0,23,1,4850,23,0,0,0,55848,65073442896,344817962191
2022-06-18,Z305D5C2,0,61585304,13,0,352121441,55976,12,0,0,0,0,0,23,1,4850,23,0,0,0,55872,65085423584,345052584082
2022-06-19,Z305D5C2,0,105041592,13,0,353597877,56000,12,0,0,0,0,0,23,1,4850,23,0,0,0,55896,65095984688,345315632303
2022-06-20,Z305D5C2,0,201769136,13,0,355390255,56023,12,0,0,0,0,0,22,1,4850,22,0,0,0,55920,65106222912,345401256183
2022-06-21,Z305D5C2,0,148589272,13,0,356681421,56047,12,0,0,0,0,0,22,1,4850,22,0,0,0,55943,65117054328,345576876771
2022-06-22,Z305D5C2,0,200764832,13,0,357971155,56071,12,0,0,0,0,0,24,1,4850,24,0,0,0,55967,65127608232,345828390489
2022-06-23,Z305D5C2,0,167240360,13,0,359412406,56094,12,0,0,0,0,0,22,1,4850,22,0,0,0,55991,65146200952,346081279272
2022-06-24,Z305D5C2,0,127710304,13,0,361185596,56118,12,0,0,0,0,0,22,1,4850,22,0,0,0,56014,65169891040,346356583236
2022-06-25,Z305D5C2,0,199696192,13,0,364082510,56142,12,0,0,0,0,0,22,1,4850,22,0,0,0,56038,65188861624,346617403642
2022-06-26,Z305D5C2,0,123419016,13,0,365584564,56166,12,0,0,0,0,0,23,1,4850,23,0,0,0,56062,65196611088,346879764703
2022-06-27,Z305D5C2,0,192518680,13,0,367569589,56190,12,0,0,0,0,0,22,1,4850,22,0,0,0,56086,65208353496,346992783126
2022-06-28,Z305D5C2,0,102252512,13,0,369502401,56213,12,0,0,0,0,0,22,1,4850,22,0,0,0,56110,65218074584,347227792125
2022-06-29,Z305D5C2,0,164828648,13,0,370918196,56237,12,0,0,0,0,0,22,1,4850,22,0,0,0,56133,65229549128,347468151265
2022-06-30,Z305D5C2,0,63174344,13,0,372098835,56261,12,0,0,0,0,0,21,1,4850,21,0,0,0,56157,65239522032,347691962528
2022-07-01,Z305D5C2,0,194151584,13,0,373170938,56284,12,0,0,0,0,0,23,1,4850,23,0,0,0,56181,65248716816,347921103036
2022-07-02,Z305D5C2,0,111109616,13,0,375731811,56308,12,0,0,0,0,0,22,1,4850,22,0,0,0,56205,65260714800,348184465422
2022-07-03,Z305D5C2,0,56594840,13,0,379008952,56332,12,0,0,0,0,0,22,1,4850,22,0,0,0,56228,65276272424,348481409758
2022-07-04,Z305D5C2,0,14032608,13,0,380636662,56356,12,0,0,0,0,0,22,1,4850,22,0,0,0,56252,65286833736,348635456169
2022-07-05,Z305D5C2,0,63166536,13,0,382250751,56379,12,0,0,0,0,0,23,1,4850,23,0,0,0,56276,65295177680,348924723956
2022-07-06,Z305D5C2,0,70982112,13,0,384220816,56403,12,0,0,0,0,0,22,1,4850,22,0,0,0,56299,65305104672,349230463843
2022-07-07,Z305D5C2,0,13632560,13,0,385741992,56427,12,0,0,0,0,0,22,1,4850,22,0,0,0,56323,65319342024,349466685339
2022-07-08,Z305D5C2,0,176762336,13,0,387116809,56450,12,0,0,0,0,0,22,1,4850,22,0,0,0,56347,65332307088,349665652611
2022-07-09,Z305D5C2,0,89704296,13,0,390065243,56474,12,0,0,0,0,0,23,1,4850,23,0,0,0,56370,65340057536,349945685002
2022-07-10,Z305D5C2,0,14949136,13,0,391929099,56498,12,0,0,0,0,0,23,1,4850,23,0,0,0,56394,65347590224,350153890970
2022-07-11,Z305D5C2,0,189145808,13,0,393661238,56522,12,0,0,0,0,0,22,1,4850,22,0,0,0,56418,65353227016,350265650901
2022-07-12,Z305D5C2,0,203831136,13,0,395130873,56546,12,0,0,0,0,0,22,1,4850,22,0,0,0,56442,65367124272,350375143194
2022-07-13,Z305D5C2,0,205214128,13,0,396325540,56570,12,0,0,0,0,0,21,1,4850,21,0,0,0,56466,65379352472,350522888005
2022-07-14,Z305D5C2,0,118732856,13,0,397173810,56594,12,0,0,0,0,0,22,1,4850,22,0,0,0,56490,65386629688,350643047427
2022-07-15,Z305D5C2,0,52958984,13,0,398908670,56617,12,0,0,0,0,0,22,1,4850,22,0,0,0,56514,65396834544,350806196472
2022-07-16,Z305D5C2,0,131841240,13,0,399808806,56641,12,0,0,0,0,0,21,1,4850,21,0,0,0,56537,65405152176,350934521017
2022-07-17,Z305D5C2,0,32455864,13,0,400718721,56665,12,0,0,0,0,0,21,1,4850,21,0,0,0,56561,65412460056,351080236036
2022-07-18,Z305D5C2,0,107555512,13,0,402224571,56689,12,0,0,0,0,0,22,1,4850,22,0,0,0,56585,65419241712,351158228564
2022-07-19,Z305D5C2,0,11440520,13,0,403462855,56713,12,0,0,0,0,0,22,1,4850,22,0,0,0,56609,65425480904,351262905685
2022-07-20,Z305D5C2,0,204001728,13,0,404825523,56736,12,0,0,0,0,0,22,1,4850,22,0,0,0,56633,65433747240,351441009290
2022-07-21,Z305D5C2,0,43580416,13,0,405978294,56760,12,0,0,0,0,0,22,1,4850,22,0,0,0,56656,65440506768,351610219100
2022-07-22,Z305D5C2,0,155522264,13,0,407409449,56784,12,0,0,0,0,0,22,1,4850,22,0,0,0,56680,65448229696,351824102523
2022-07-23,Z305D5C2,0,243896104,13,0,410236017,56808,12,0,0,0,0,0,22,1,4850,22,0,0,0,56704,65456888352,352021727745
2022-07-24,Z305D5C2,0,115303096,13,0,411708905,56831,12,0,0,0,0,0,23,1,4850,23,0,0,0,56728,65466769936,352245537948
2022-07-25,Z305D5C2,0,205017824,13,0,413494321,56855,12,0,0,0,0,0,22,1,4850,22,0,0,0,56751,65478142976,352408510408
2022-07-26,Z305D5C2,0,123374440,13,0,415257478,56879,12,0,0,0,0,0,22,1,4850,22,0,0,0,56775,65489083992,352562877290
2022-07-27,Z305D5C2,0,109287384,13,0,416549357,56902,12,0,0,0,0,0,22,1,4850,22,0,0,0,56799,65501055440,352870044895
2022-07-28,Z305D5C2,0,228918488,13,0,417791387,56926,12,0,0,0,0,0,22,1,4850,22,0,0,0,56822,65508842336,353127782843
2022-07-29,Z305D5C2,0,189096432,13,0,420077923,56950,12,0,0,0,0,0,22,1,4850,22,0,0,0,56846,65515961744,353327947822
2022-07-30,Z305D5C2,0,156914880,13,0,423720300,56985,12,0,0,0,0,0,20,1,4850,20,0,0,0,56882,65528053736,353715781939
2022-07-31,Z305D5C2,0,78058904,13,0,425059354,57009,12,0,0,0,0,0,20,1,4850,20,0,0,0,56906,65551786480,353923604365
2022-08-01,Z305D5C2,0,164346552,13,0,426860476,57033,12,0,0,0,0,0,22,1,4850,22,0,0,0,56929,65573526656,354008958854
2022-08-02,Z305D5C2,0,175038696,13,0,428437265,57057,12,0,0,0,0,0,21,1,4850,21,0,0,0,56953,65580268416,354239919426
2022-08-03,Z305D5C2,0,142174264,13,0,429616971,57081,12,0,0,0,0,0,20,1,4850,20,0,0,0,56977,65587612312,354472048128
2022-08-04,Z305D5C2,0,177447688,13,0,431048428,57105,12,0,0,0,0,0,21,1,4850,21,0,0,0,57001,65595755824,354759598767
2022-08-05,Z305D5C2,0,189007144,13,0,432799195,57129,12,0,0,0,0,0,21,1,4850,21,0,0,0,57025,65603740608,355019617702
2022-08-06,Z305D5C2,0,14747640,13,0,435439598,57152,12,0,0,0,0,0,21,1,4850,21,0,0,0,57048,65611366952,355303655912
2022-08-07,Z305D5C2,0,227175520,13,0,436831952,57176,12,0,0,0,0,0,21,1,4850,21,0,0,0,57072,65620685824,355554117306
2022-08-08,Z305D5C2,0,193021624,13,0,438707618,57200,12,0,0,0,0,0,20,1,4850,20,0,0,0,57096,65627885824,355643869270
2022-08-09,Z305D5C2,0,79551600,13,0,440344241,57224,12,0,0,0,0,0,20,1,4850,20,0,0,0,57120,65637939208,355882389612
2022-08-10,Z305D5C2,0,38075784,13,0,442143550,57247,12,0,0,0,0,0,20,1,4850,20,0,0,0,57144,65648171928,356142275286
2022-08-11,Z305D5C2,0,35970840,13,0,443473859,57271,12,0,0,0,0,0,20,1,4850,20,0,0,0,57167,65659213440,356366387974
2022-08-12,Z305D5C2,0,108685416,13,0,444784139,57295,12,0,0,0,0,0,20,1,4850,20,0,0,0,57191,65666557104,356600162520
2022-08-13,Z305D5C2,0,228803272,13,0,447268931,57319,12,0,0,0,0,0,19,1,4850,19,0,0,0,57215,65675029888,356861522670
2022-08-14,Z305D5C2,0,195785088,13,0,448414961,57342,12,0,0,0,0,0,21,1,4850,21,0,0,0,57238,65685793032,357121179675
2022-08-15,Z305D5C2,0,58370440,13,0,450312755,57366,12,0,0,0,0,0,21,1,4850,21,0,0,0,57262,65701638944,357225268214
2022-08-16,Z305D5C2,0,190325632,13,0,451642367,57389,12,0,0,0,0,0,21,1,4850,21,0,0,0,57286,65709563152,357482991204
2022-08-17,Z305D5C2,0,186535848,13,0,453850213,57413,12,0,0,0,0,0,21,1,4850,21,0,0,0,57309,65715072264,357858634028
2022-08-18,Z305D5C2,0,193511440,13,0,455931510,57437,12,0,0,0,0,0,20,1,4850,20,0,0,0,57333,65724631720,358183201351
2022-08-19,Z305D5C2,0,8628368,13,0,457557342,57460,12,0,0,0,0,0,21,1,4850,21,0,0,0,57357,65734506792,358417136537
2022-08-20,Z305D5C2,0,169516872,13,0,460678248,57484,12,0,0,0,0,0,21,1,4850,21,0,0,0,57380,65748766152,358676278383
2022-08-21,Z305D5C2,0,158250376,13,0,462193857,57508,12,0,0,0,0,0,21,1,4850,21,0,0,0,57404,65759873288,358887335800
2022-08-22,Z305D5C2,0,159124040,13,0,464029958,57531,12,0,0,0,0,0,21,1,4850,21,0,0,0,57428,65769466048,359016357469
2022-08-23,Z305D5C2,0,194599256,13,0,465811229,57555,12,0,0,0,0,0,22,1,4850,22,0,0,0,57451,65779456984,359167566061
2022-08-24,Z305D5C2,0,208589888,13,0,467003274,57579,12,0,0,0,0,0,20,1,4850,20,0,0,0,57475,65790532176,359317048102
2022-08-25,Z305D5C2,0,146191680,13,0,468167367,57603,12,0,0,0,0,0,21,1,4850,21,0,0,0,57499,65801265304,359483565742
2022-08-26,Z305D5C2,0,227294072,13,0,469021835,57627,12,0,0,0,0,0,21,1,4850,21,0,0,0,57523,65814373184,359564127268
2022-08-27,Z305D5C2,0,8776504,13,0,472228347,57650,12,0,0,0,0,0,22,1,4850,22,0,0,0,57547,65823373272,359752398066
2022-08-28,Z305D5C2,0,217185872,13,0,473132210,57674,12,0,0,0,0,0,22,1,4850,22,0,0,0,57570,65836901504,359894207706
2022-08-29,Z305D5C2,0,20517008,13,0,474659778,57698,12,0,0,0,0,0,21,1,4850,21,0,0,0,57594,65847399872,359986933985
2022-08-30,Z305D5C2,0,206589552,13,0,476181039,57722,12,0,0,0,0,0,21,1,4850,21,0,0,0,57618,65859968816,360114857837
2022-08-31,Z305D5C2,0,221545312,13,0,476932214,57745,12,0,0,0,0,0,22,1,4850,22,0,0,0,57642,65866381920,360221890986
2022-09-01,Z305D5C2,0,40885072,13,0,478681061,57769,12,0,0,0,0,0,21,1,4850,21,0,0,0,57665,65879044112,360440367058
2022-09-02,Z305D5C2,0,176964008,13,0,480540585,57793,12,0,0,0,0,0,22,1,4850,22,0,0,0,57689,65896057632,360641068302
2022-09-03,Z305D5C2,0,62772280,13,0,483430289,57817,12,0,0,0,0,0,22,1,4850,22,0,0,0,57713,65906056440,360899242821
2022-09-04,Z305D5C2,0,127482128,13,0,485308388,57840,12,0,0,0,0,0,20,1,4850,20,0,0,0,57737,65918085048,361117340900
2022-09-05,Z305D5C2,0,144529952,13,0,487596915,57864,12,0,0,0,0,0,21,1,4850,21,0,0,0,57760,65928339432,361253742616
2022-09-06,Z305D5C2,0,175420144,13,0,489829874,57888,12,0,0,0,0,0,22,1,4850,22,0,0,0,57784,65940531856,361420024656
2022-09-07,Z305D5C2,0,238058272,13,0,491364749,57912,12,0,0,0,0,0,21,1,4850,21,0,0,0,57808,65952760152,361702030943
2022-09-08,Z305D5C2,0,85301072,13,0,492735004,57935,12,0,0,0,0,0,21,1,4850,21,0,0,0,57832,65969643904,361998384019
2022-09-09,Z305D5C2,0,74924376,13,0,494179185,57959,12,0,0,0,0,0,21,1,4850,21,0,0,0,57855,65978899520,362250169877
2022-09-10,Z305D5C2,0,70024280,13,0,496860812,57983,12,0,0,0,0,0,21,1,4850,21,0,0,0,57879,65989411168,362470326187
2022-09-11,Z305D5C2,0,83238216,13,0,498337170,58007,12,0,0,0,0,0,22,1,4850,22,0,0,0,57903,65999801768,362704698200
2022-09-12,Z305D5C2,0,231014400,13,0,499956008,58030,12,0,0,0,0,0,21,1,4850,21,0,0,0,57926,66014524888,362864857353
2022-09-13,Z305D5C2,0,211278456,13,0,501659242,58054,12,0,0,0,0,0,21,1,4850,21,0,0,0,57950,66028701768,362973802978
2022-09-14,Z305D5C2,0,149332904,13,0,503641341,58090,12,0,0,0,0,0,21,1,4850,21,0,0,0,57986,66045551976,363340266055
2022-09-15,Z305D5C2,0,222768728,13,0,505346495,58114,12,0,0,0,0,0,21,1,4850,21,0,0,0,58010,66056061824,363593488951
2022-09-16,Z305D5C2,0,53428816,13,0,507132482,58137,12,0,0,0,0,0,21,1,4850,21,0,0,0,58033,66067754880,363851078911
2022-09-17,Z305D5C2,0,150715680,13,0,509542922,58161,12,0,0,0,0,0,21,1,4850,21,0,0,0,58057,66069258920,364133096809
2022-09-18,Z305D5C2,0,214565232,13,0,510660012,58184,12,0,0,0,0,0,21,1,4850,21,0,0,0,58081,66070576616,364353508937
2022-09-19,Z305D5C2,0,30797504,13,0,512749688,58208,12,0,0,0,0,0,21,1,4850,21,0,0,0,58104,66072012488,364461895669
2022-09-20,Z305D5C2,0,230435944,13,0,514013232,58232,12,0,0,0,0,0,21,1,4850,21,0,0,0,58128,66073129136,364701113048
2022-09-21,Z305D5C2,0,167935848,13,0,515614169,58255,12,0,0,0,0,0,21,1,4850,21,0,0,0,58152,66074384936,364947682317
2022-09-22,Z305D5C2,0,22430344,13,0,516858456,58279,12,0,0,0,0,0,21,1,4850,21,0,0,0,58175,66076030712,365178138519
2022-09-23,Z305D5C2,0,56380720,13,0,518088937,58303,12,0,0,0,0,0,21,1,4850,21,0,0,0,58199,66077624576,365407150357
2022-09-24,Z305D5C2,0,214879088,13,0,520552106,58326,12,0,0,0,0,0,21,1,4850,21,0,0,0,58222,66079065736,365664193890
2022-09-25,Z305D5C2,0,174509512,13,0,521740919,58350,12,0,0,0,0,0,20,1,4850,20,0,0,0,58246,66080682544,365950852506
2022-09-26,Z305D5C2,0,107145664,13,0,523503862,58373,12,0,0,0,0,0,20,1,4850,20,0,0,0,58270,66081829768,366071159277
2022-09-27,Z305D5C2,0,26774776,13,0,524830900,58397,12,0,0,0,0,0,21,1,4850,21,0,0,0,58293,66083049912,366294865548
2022-09-28,Z305D5C2,0,96637328,13,0,525866091,58421,12,0,0,0,0,0,21,1,4850,21,0,0,0,58317,66084616352,366637936232
2022-09-29,Z305D5C2,0,64860288,13,0,528786861,58444,12,0,0,0,0,0,21,1,4850,21,0,0,0,58340,66087250008,367006888775
2022-09-30,Z305D5C2,0,90455248,13,0,530301739,58468,12,0,0,0,0,0,21,1,4850,21,0,0,0,58364,66088522008,367246262809
2022-10-01,Z305D5C2,0,124503872,13,0,532333401,58492,12,0,0,0,0,0,20,1,4850,20,0,0,0,58388,66090038376,367466287426
2022-10-02,Z305D5C2,0,185962008,13,0,534021148,58516,12,0,0,0,0,0,21,1,4850,21,0,0,0,58412,66092076704,367736971988
2022-10-03,Z305D5C2,0,237088744,13,0,535839398,58539,12,0,0,0,0,0,22,1,4850,22,0,0,0,58436,66093801208,367819865591
2022-10-04,Z305D5C2,0,179684320,13,0,537545136,58563,12,0,0,0,0,0,22,1,4850,22,0,0,0,58459,66095565664,368020693158
2022-10-05,Z305D5C2,0,21877776,13,0,539191667,58599,12,0,0,0,0,0,20,1,4850,20,0,0,0,58495,66097938816,368246372029
2022-10-06,Z305D5C2,0,103407976,13,0,539602974,58610,12,0,0,0,0,0,21,1,4850,21,0,0,0,58507,66098632168,368299184112
2022-10-07,Z305D5C2,0,193165304,13,0,540298303,58634,12,0,0,0,0,0,21,1,4850,21,0,0,0,58530,66100038784,368377543026
2022-10-08,Z305D5C2,0,211299800,13,0,543295112,58658,12,0,0,0,0,0,21,1,4850,21,0,0,0,58554,66101526880,368564633363
2022-10-09,Z305D5C2,0,49774840,13,0,544320466,58681,12,0,0,0,0,0,21,1,4850,21,0,0,0,58577,66102855384,368724936939
2022-10-10,Z305D5C2,0,38081760,13,0,545722321,58705,12,0,0,0,0,0,21,1,4850,21,0,0,0,58601,66107058784,368828137386
2022-10-11,Z305D5C2,0,138609768,13,0,547662558,58728,12,0,0,0,0,0,22,1,4850,22,0,0,0,58625,66108389440,368918271490
2022-10-12,Z305D5C2,0,63999608,13,0,548698828,58752,12,0,0,0,0,0,22,1,4850,22,0,0,0,58648,66109754512,369084736968
2022-10-13,Z305D5C2,0,63958848,13,0,550078164,58775,12,0,0,0,0,0,22,1,4850,22,0,0,0,58672,66111568976,369293329961
2022-10-14,Z305D5C2,0,107049800,13,0,551425123,58799,12,0,0,0,0,0,22,1,4850,22,0,0,0,58695,66114406200,369506745313
2022-10-15,Z305D5C2,0,227263008,13,0,553961949,58823,12,0,0,0,0,0,21,1,4850,21,0,0,0,58719,66115905936,369718034818
2022-10-16,Z305D5C2,0,132664440,13,0,556361405,58858,12,0,0,0,0,0,21,1,4850,21,0,0,0,58754,66117837232,370075677412
2022-10-17,Z305D5C2,0,61237232,13,0,558377402,58882,12,0,0,0,0,0,21,1,4850,21,0,0,0,58778,66121456376,370155344094
2022-10-18,Z305D5C2,0,191436888,13,0,559574913,58905,12,0,0,0,0,0,20,1,4850,20,0,0,0,58802,66123050864,370445616775
2022-10-19,Z305D5C2,0,104661704,13,0,561524934,58929,12,0,0,0,0,0,22,1,4850,22,0,0,0,58825,66124580144,370715909812
2022-10-20,Z305D5C2,0,215591560,13,0,562455024,58953,12,0,0,0,0,0,21,1,4850,21,0,0,0,58849,66125954600,370883377796
2022-10-21,Z305D5C2,0,56446584,13,0,564178487,58976,12,0,0,0,0,0,21,1,4850,21,0,0,0,58872,66127157232,371144108635
2022-10-22,Z305D5C2,0,239949192,13,0,566549675,59000,12,0,0,0,0,0,21,1,4850,21,0,0,0,58896,66128631680,371355963280
2022-10-23,Z305D5C2,0,176883232,13,0,567851184,59024,12,0,0,0,0,0,21,1,4850,21,0,0,0,58920,66130115704,371611773849
2022-10-24,Z305D5C2,0,226143584,13,0,569920157,59047,12,0,0,0,0,0,21,1,4850,21,0,0,0,58943,66131605672,371715873680
2022-10-25,Z305D5C2,0,210455600,13,0,570921954,59071,12,0,0,0,0,0,21,1,4850,21,0,0,0,58967,66133359120,371926535943
2022-10-26,Z305D5C2,0,226867304,13,0,572010768,59095,12,0,0,0,0,0,21,1,4850,21,0,0,0,58991,66134594416,372165576326
2022-10-27,Z305D5C2,0,11272008,13,0,573222061,59118,12,0,0,0,0,0,21,1,4850,21,0,0,0,59014,66135789320,372435803982
2022-10-28,Z305D5C2,0,152508512,13,0,574723901,59142,12,0,0,0,0,0,21,1,4850,21,0,0,0,59038,66137507272,372679742703
2022-10-29,Z305D5C2,0,215732320,13,0,577628284,59165,12,0,0,0,0,0,21,1,4850,21,0,0,0,59062,66138609272,372966430968
2022-10-30,Z305D5C2,0,81000744,13,0,579315608,59189,12,0,0,0,0,0,20,1,4850,20,0,0,0,59085,66140856776,373230062831
2022-10-31,Z305D5C2,0,122196208,13,0,581293368,59213,12,0,0,0,0,0,22,1,4850,22,0,0,0,59109,66141788920,373341189638
2022-11-01,Z305D5C2,0,232336648,13,0,582677604,59237,12,0,0,0,0,0,20,1,4850,20,0,0,0,59133,66142785192,373554876507
2022-11-02,Z305D5C2,0,37209792,13,0,583573255,59261,12,0,0,0,0,0,21,1,4850,21,0,0,0,59157,66144201936,373782224866
2022-11-03,Z305D5C2,0,74504224,13,0,584513665,59285,12,0,0,0,0,0,21,1,4850,21,0,0,0,59181,66145156880,374036942495
2022-11-04,Z305D5C2,0,115233152,13,0,586781003,59309,12,0,0,0,0,0,21,1,4850,21,0,0,0,59205,66146206832,374339571658
2022-11-05,Z305D5C2,0,222160568,13,0,589222943,59333,12,0,0,0,0,0,20,1,4850,20,0,0,0,59229,66147902360,374645868328
2022-11-06,Z305D5C2,0,232897064,13,0,590802012,59357,12,0,0,0,0,0,21,1,4850,21,0,0,0,59253,66149266600,375022510300
2022-11-07,Z305D5C2,0,103512848,13,0,592814327,59381,12,0,0,0,0,0,21,1,4850,21,0,0,0,59277,66150006864,375173190297
2022-11-08,Z305D5C2,0,207519560,13,0,594443987,59405,12,0,0,0,0,0,21,1,4850,21,0,0,0,59301,66150923720,375377186861
2022-11-09,Z305D5C2,0,1595472,13,0,595857765,59429,12,0,0,0,0,0,20,1,4850,20,0,0,0,59325,66152241320,375614083270
2022-11-10,Z305D5C2,0,47356816,13,0,597317491,59453,12,0,0,0,0,0,21,1,4850,21,0,0,0,59349,66153673040,375857213618
2022-11-11,Z305D5C2,0,71562232,13,0,599090751,59477,12,0,0,0,0,0,20,1,4850,20,0,0,0,59373,66154703928,376082044705
2022-11-12,Z305D5C2,0,132974200,13,0,601633155,59501,12,0,0,0,0,0,20,1,4850,20,0,0,0,59397,66155948200,376250805344
2022-11-13,Z305D5C2,0,107305256,13,0,603167030,59524,12,0,0,0,0,0,20,1,4850,20,0,0,0,59421,66156846280,376409506055
2022-11-14,Z305D5C2,0,241396024,13,0,604631685,59548,12,0,0,0,0,0,20,1,4850,20,0,0,0,59445,66157602592,376484363905
2022-11-15,Z305D5C2,0,228583208,13,0,605733838,59572,12,0,0,0,0,0,20,1,4850,20,0,0,0,59469,66158779672,376553209239
2022-11-16,Z305D5C2,0,192662120,13,0,606748711,59596,12,0,0,0,0,0,22,1,4850,22,0,0,0,59492,66164518312,376683805135
2022-11-17,Z305D5C2,0,56127160,13,0,609320196,59620,12,0,0,0,0,0,21,1,4850,21,0,0,0,59516,66165548048,376777736015
2022-11-18,Z305D5C2,0,109360848,13,0,611788057,59644,12,0,0,0,0,0,20,1,4850,20,0,0,0,59541,66166225456,376857841392
2022-11-19,Z305D5C2,0,23736320,13,0,614426954,59668,12,0,0,0,0,0,20,1,4850,20,0,0,0,59565,66169388056,376931450436
2022-11-20,Z305D5C2,0,144155192,13,0,615188372,59692,12,0,0,0,0,0,20,1,4850,20,0,0,0,59589,66170766752,377069777617
2022-11-21,Z305D5C2,0,60144320,13,0,616624780,59716,12,0,0,0,0,0,20,1,4850,20,0,0,0,59613,66171351096,377142957283
2022-11-22,Z305D5C2,0,18757000,13,0,618331869,59740,12,0,0,0,0,0,20,1,4850,20,0,0,0,59637,66172141392,377278304953
2022-11-23,Z305D5C2,0,213522072,13,0,619281449,59765,12,0,0,0,0,0,21,1,4850,21,0,0,0,59661,66173118632,377434465072
2022-11-24,Z305D5C2,0,63668944,13,0,620614893,59789,12,0,0,0,0,0,20,1,4850,20,0,0,0,59685,66174044688,377639276746
2022-11-25,Z305D5C2,0,79198536,13,0,622085809,59813,12,0,0,0,0,0,21,1,4850,21,0,0,0,59709,66174975736,377864908949
2022-11-26,Z305D5C2,0,194206792,13,0,624841632,59837,12,0,0,0,0,0,20,1,4850,20,0,0,0,59733,66176234904,378093751449
2022-11-27,Z305D5C2,0,145066160,13,0,626203418,59861,12,0,0,0,0,0,21,1,4850,21,0,0,0,59757,66177292000,378316540236
2022-11-28,Z305D5C2,0,74846616,13,0,628320005,59885,12,0,0,0,0,0,21,1,4850,21,0,0,0,59781,66178000112,378448183383
2022-11-29,Z305D5C2,0,208658216,13,0,629556011,59909,12,0,0,0,0,0,21,1,4850,21,0,0,0,59805,66178912576,378696624895
2022-11-30,Z305D5C2,0,67999424,13,0,630658557,59932,12,0,0,0,0,0,21,1,4850,21,0,0,0,59829,66180003376,378952973663
2022-12-01,Z305D5C2,0,95181624,13,0,631630458,59956,12,0,0,0,0,0,22,1,4850,22,0,0,0,59853,66180773280,379131742617
2022-12-02,Z305D5C2,0,48522328,13,0,632954250,59981,12,0,0,0,0,0,21,1,4850,21,0,0,0,59877,66182048712,379376367760
2022-12-03,Z305D5C2,0,28019864,13,0,635652367,60005,12,0,0,0,0,0,21,1,4850,21,0,0,0,59901,66183110256,379597561824
2022-12-04,Z305D5C2,0,56849512,13,0,637198741,60028,12,0,0,0,0,0,21,1,4850,21,0,0,0,59925,66184324840,379853916551
2022-12-05,Z305D5C2,0,174721304,13,0,638922747,60053,12,0,0,0,0,0,21,1,4850,21,0,0,0,59949,66185401984,379973476572
2022-12-06,Z305D5C2,0,103917184,13,0,640223995,60077,12,0,0,0,0,0,21,1,4850,21,0,0,0,59973,66187470104,380158939639
2022-12-07,Z305D5C2,0,92080096,13,0,641326382,60100,12,0,0,0,0,0,21,1,4850,21,0,0,0,59997,66188397176,380400202222
2022-12-08,Z305D5C2,0,207340288,13,0,642542905,60125,12,0,0,0,0,0,21,1,4850,21,0,0,0,60021,66189908392,380669857761
2022-12-09,Z305D5C2,0,94858824,13,0,644043980,60149,12,0,0,0,0,0,21,1,4850,21,0,0,0,60045,66191608576,380923895537
2022-12-11,Z305D5C2,0,158243936,13,0,648831396,60197,12,0,0,0,0,0,22,1,4850,22,0,0,0,60093,66194131560,381476270689
2022-12-11,Z305D5C2,0,158243936,13,0,648831396,60197,12,0,0,0,0,0,22,1,4850,22,0,0,0,60093,66194131560,381476270689
2022-12-12,Z305D5C2,0,183013848,13,0,651054546,60221,12,0,0,0,0,0,21,1,4850,21,0,0,0,60117,66195033216,381601224234
2022-12-13,Z305D5C2,0,51610104,13,0,652156260,60245,12,0,0,0,0,0,21,1,4850,21,0,0,0,60141,66196273984,381834967603
2022-12-14,Z305D5C2,0,86350600,13,0,653084604,60269,12,0,0,0,0,0,21,1,4850,21,0,0,0,60165,66198305768,382075082895
2022-12-15,Z305D5C2,0,4847600,13,0,654100769,60293,12,0,0,0,0,0,21,1,4850,21,0,0,0,60189,66199568544,382333838510
2022-12-16,Z305D5C2,0,138547576,13,0,655346489,60316,12,0,0,0,0,0,21,1,4850,21,0,0,0,60213,66200566960,382617476516
2022-12-17,Z305D5C2,0,18013560,13,0,657880558,60340,12,0,0,0,0,0,20,1,4850,20,0,0,0,60236,66201661712,383007273775
2022-12-18,Z305D5C2,0,177036760,13,0,659924141,60364,12,0,0,0,0,0,21,1,4850,21,0,0,0,60260,66202825040,383328010351
2022-12-19,Z305D5C2,0,46965088,13,0,661724189,60388,12,0,0,0,0,0,20,1,4850,20,0,0,0,60284,66203737792,383423407172
2022-12-20,Z305D5C2,0,46373648,13,0,663235154,60412,12,0,0,0,0,0,21,1,4850,21,0,0,0,60308,66205380656,383638298769
2022-12-21,Z305D5C2,0,122332480,13,0,664592937,60436,12,0,0,0,0,0,20,1,4850,20,0,0,0,60332,66206772424,383872229471
2022-12-22,Z305D5C2,0,101895128,13,0,665965989,60459,12,0,0,0,0,0,21,1,4850,21,0,0,0,60356,66207784672,384074115481
2022-12-23,Z305D5C2,0,119618856,13,0,668263239,60483,12,0,0,0,0,0,19,1,4850,19,0,0,0,60379,66209106712,384248600339
2022-12-24,Z305D5C2,0,100585984,13,0,670951918,60507,12,0,0,0,0,0,20,1,4850,20,0,0,0,60403,66210257696,384427176918
2022-12-25,Z305D5C2,0,111481760,13,0,671712545,60530,12,0,0,0,0,0,20,1,4850,20,0,0,0,60427,66211575064,384521031411
2022-12-26,Z305D5C2,0,77031280,13,0,673128252,60554,12,0,0,0,0,0,20,1,4850,20,0,0,0,60450,66212696440,384577579518
2022-12-27,Z305D5C2,0,89323056,13,0,674899969,60578,12,0,0,0,0,0,20,1,4850,20,0,0,0,60474,66214277152,384722405664
2022-12-28,Z305D5C2,0,36709264,13,0,675712591,60602,12,0,0,0,0,0,21,1,4850,21,0,0,0,60498,66215703080,384872991269
2022-12-29,Z305D5C2,0,150516568,13,0,676493314,60625,12,0,0,0,0,0,20,1,4850,20,0,0,0,60522,66217216384,385006900425
2022-12-30,Z305D5C2,0,125052744,13,0,677458675,60649,12,0,0,0,0,0,20,1,4850,20,0,0,0,60545,66218496336,385159446225
2022-12-31,Z305D5C2,0,199658992,13,0,680571364,60673,12,0,0,0,0,0,21,1,4850,21,0,0,0,60569,66220886128,385386896836
