2022-01-01,Z305D624,0,132730416,7,0,908274414,51668,7,0,0,0,0,0,28,0,8962,28,0,0,0,51588,60258342904,338259421512
2022-01-02,Z305D624,0,228582472,7,0,911062387,51699,7,0,0,0,0,0,28,0,8962,28,0,0,0,51620,60271063616,338466191495
2022-01-03,Z305D624,0,144818312,7,0,911925528,51715,7,0,0,0,0,0,28,0,8962,28,0,0,0,51636,60279978552,338572129073
2022-01-04,Z305D624,0,15886224,7,0,914284463,51747,7,0,0,0,0,0,28,0,8962,28,0,0,0,51667,60299917464,338780580900
2022-01-05,Z305D624,0,82202832,7,0,915355843,51763,7,0,0,0,0,0,27,0,8962,27,0,0,0,51683,60310988056,338853758840
2022-01-06,Z305D624,0,126141120,7,0,916570773,51794,7,0,0,0,0,0,27,0,8962,27,0,0,0,51715,60338609368,338982799360
2022-01-07,Z305D624,0,161180128,7,0,917482075,51810,7,0,0,0,0,0,28,0,8962,28,0,0,0,51731,60347236160,339111954984
2022-01-08,Z305D624,0,107424056,7,0,919494592,51842,7,0,0,0,0,0,28,0,8962,28,0,0,0,51762,60363822040,339366793583
2022-01-09,Z305D624,0,217151312,7,0,921415319,51858,7,0,0,0,0,0,28,0,8962,28,0,0,0,51778,60372598040,339484424346
2022-01-10,Z305D624,0,22044520,7,0,922685465,51889,7,0,0,0,0,0,28,0,8962,28,0,0,0,51810,60388179736,339648364346
2022-01-11,Z305D624,0,31757088,7,0,925243332,51921,7,0,0,0,0,0,27,0,8962,27,0,0,0,51841,60412238576,339824661829
2022-01-12,Z305D624,0,164062608,7,0,926142413,51937,7,0,0,0,0,0,27,0,8962,27,0,0,0,51857,60425293016,339960720379
2022-01-13,Z305D624,0,161194912,7,0,927019622,51953,7,0,0,0,0,0,27,0,8962,27,0,0,0,51873,60436461792,340116704333
2022-01-14,Z305D624,0,201074736,7,0,928907002,51984,7,0,0,0,0,0,28,0,8962,28,0,0,0,51905,60457979192,340392995877
2022-01-15,Z305D624,0,226184976,7,0,929924830,52000,7,0,0,0,0,0,29,0,8962,29,0,0,0,51921,60468922544,340533989754
2022-01-16,Z305D624,0,159894384,7,0,933372887,52032,7,0,0,0,0,0,28,0,8962,28,0,0,0,51952,60485618984,340849735292
2022-01-17,Z305D624,0,233246888,7,0,934499949,52048,7,0,0,0,0,0,28,0,8962,28,0,0,0,51968,60495469664,341022548620
2022-01-18,Z305D624,0,30631664,7,0,938684364,52079,7,0,0,0,0,0,27,0,8962,27,0,0,0,52000,60514397712,341357517646
2022-01-19,Z305D624,0,166376952,7,0,940167780,52095,7,0,0,0,0,0,30,0,8962,30,0,0,0,52015,60524020224,341424338691
2022-01-20,Z305D624,0,229673680,7,0,942257012,52127,7,0,0,0,0,0,30,0,8962,30,0,0,0,52047,60548235408,341829930974
2022-01-21,Z305D624,0,144923736,7,0,944287263,52158,7,0,0,0,0,0,31,0,8962,31,0,0,0,52079,60566468328,342260725249
2022-01-22,Z305D624,0,242345752,7,0,945232117,52174,7,0,0,0,0,0,31,0,8962,31,0,0,0,52095,60574460120,342412827215
2022-01-23,Z305D624,0,233427872,7,0,949097658,52206,7,0,0,0,0,0,31,0,8962,31,0,0,0,52126,60609349536,342816473004
2022-01-24,Z305D624,0,86939616,7,0,950145862,52222,7,0,0,0,0,0,31,0,8962,31,0,0,0,52142,60622664648,343018342708
2022-01-25,Z305D624,0,22125272,7,0,952581562,52253,7,0,0,0,0,0,30,0,8962,30,0,0,0,52174,60642216664,343247781852
2022-01-26,Z305D624,0,210736200,7,0,953388611,52269,7,0,0,0,0,0,31,0,8962,31,0,0,0,52189,60649494352,343287888650
2022-01-27,Z305D624,0,81332456,7,0,954266208,52285,7,0,0,0,0,0,31,0,8962,31,0,0,0,52205,60659711928,343435522798
2022-01-28,Z305D624,0,63027032,7,0,955949289,52316,7,0,0,0,0,0,31,0,8962,31,0,0,0,52237,60675860760,343739063079
2022-01-29,Z305D624,0,47512160,7,0,956981479,52332,7,0,0,0,0,0,31,0,8962,31,0,0,0,52253,60684816144,343935814852
2022-01-30,Z305D624,0,235913768,7,0,960129691,52364,7,0,0,0,0,0,31,0,8962,31,0,0,0,52284,60703212816,344371202325
2022-01-31,Z305D624,0,25999392,7,0,962348957,52395,7,0,0,0,0,0,31,0,8962,31,0,0,0,52316,60733123240,344711117483
2022-02-01,Z305D624,0,29537744,7,0,963383632,52411,7,0,0,0,0,0,27,0,8962,27,0,0,0,52332,60748836216,344854730075
2022-02-02,Z305D624,0,18956824,7,0,965735728,52443,7,0,0,0,0,0,27,0,8962,27,0,0,0,52364,60768116216,345092175241
2022-02-03,Z305D624,0,193946056,7,0,966652569,52459,7,0,0,0,0,0,27,0,8962,27,0,0,0,52379,60781193016,345259694972
2022-02-04,Z305D624,0,126888704,7,0,968386736,52491,7,0,0,0,0,0,27,0,8962,27,0,0,0,52411,60804763912,345552340702
2022-02-05,Z305D624,0,124733032,7,0,969459652,52506,7,0,0,0,0,0,27,0,8962,27,0,0,0,52427,60817878000,345721692260
2022-02-06,Z305D624,0,77639200,7,0,973069711,52538,7,0,0,0,0,0,27,0,8962,27,0,0,0,52459,60842595784,346104601576
2022-02-07,Z305D624,0,196916248,7,0,974358871,52554,7,0,0,0,0,0,27,0,8962,27,0,0,0,52475,60853184112,346273848258
2022-02-08,Z305D624,0,230627744,7,0,977111698,52586,7,0,0,0,0,0,27,0,8962,27,0,0,0,52506,60872503688,346529367252
2022-02-09,Z305D624,0,36252944,7,0,978450459,52602,7,0,0,0,0,0,27,0,8962,27,0,0,0,52522,60888022672,346628243020
2022-02-10,Z305D624,0,53124536,7,0,980402392,52633,7,0,0,0,0,0,27,0,8962,27,0,0,0,52554,60909809808,346980195427
2022-02-11,Z305D624,0,45530496,7,0,981307308,52649,7,0,0,0,0,0,27,0,8962,27,0,0,0,52570,60921953152,347133352256
2022-02-12,Z305D624,0,182845664,7,0,982907069,52681,7,0,0,0,0,0,27,0,8962,27,0,0,0,52601,60944361592,347585928188
2022-02-13,Z305D624,0,224204616,7,0,985090663,52697,7,0,0,0,0,0,27,0,8962,27,0,0,0,52617,60960333936,347824147441
2022-02-14,Z305D624,0,3842136,7,0,988013296,52728,7,0,0,0,0,0,27,0,8962,27,0,0,0,52649,60984047704,348208539016
2022-02-15,Z305D624,0,24708984,7,0,989071199,52744,7,0,0,0,0,0,29,0,8962,29,0,0,0,52665,60996292560,348370771217
2022-02-16,Z305D624,0,218030896,7,0,991653188,52776,7,0,0,0,0,0,30,0,8962,30,0,0,0,52696,61026555192,348544478861
2022-02-17,Z305D624,0,25716768,7,0,993677566,52807,7,0,0,0,0,0,29,0,8962,29,0,0,0,52728,61045563672,348852051230
2022-02-18,Z305D624,0,89384976,7,0,994338951,52823,7,0,0,0,0,0,29,0,8962,29,0,0,0,52744,61047897928,348954908748
2022-02-19,Z305D624,0,163649272,7,0,996009677,52855,7,0,0,0,0,0,30,0,8962,30,0,0,0,52776,61056566176,349163029679
2022-02-20,Z305D624,0,89214240,7,0,998172271,52871,7,0,0,0,0,0,30,0,8962,30,0,0,0,52791,61059443296,349307595910
2022-02-21,Z305D624,0,218637440,7,0,999420610,52903,7,0,0,0,0,0,29,0,8962,29,0,0,0,52823,61073708408,349457721225
2022-02-22,Z305D624,0,189776472,7,0,2111417,52919,7,0,0,0,0,0,29,0,8962,29,0,0,0,52839,61076041168,349546304163
2022-02-23,Z305D624,0,235585968,7,0,4621567,52950,7,0,0,0,0,0,29,0,8962,29,0,0,0,52871,61087060208,349711069975
2022-02-24,Z305D624,0,12659824,7,0,5686608,52966,7,0,0,0,0,0,29,0,8962,29,0,0,0,52887,61092055640,349839821856
2022-02-25,Z305D624,0,184046328,7,0,7157548,52998,7,0,0,0,0,0,27,0,8962,27,0,0,0,52918,61101954392,350050660080
2022-02-26,Z305D624,0,152977976,7,0,7642321,53014,7,0,0,0,0,0,27,0,8962,27,0,0,0,52934,61105688864,350124317272
2022-02-27,Z305D624,0,15566368,7,0,10748237,53045,7,0,0,0,0,0,27,0,8962,27,0,0,0,52966,61126380528,350419290921
2022-02-28,Z305D624,0,132767624,7,0,11609487,53061,7,0,0,0,0,0,27,0,8962,27,0,0,0,52982,61129416480,350552209531
2022-03-01,Z305D624,0,62365976,7,0,13825707,53093,7,0,0,0,0,0,27,0,8962,27,0,0,0,53013,61138049080,350769435002
2022-03-02,Z305D624,0,11638632,7,0,14999564,53109,7,0,0,0,0,0,27,0,8962,27,0,0,0,53029,61146155392,350859466892
2022-03-03,Z305D624,0,98375576,7,0,16938927,53140,7,0,0,0,0,0,29,0,8962,29,0,0,0,53061,61156026384,351161116573
2022-03-04,Z305D624,0,200769392,7,0,17831043,53156,7,0,0,0,0,0,28,0,8962,28,0,0,0,53076,61159939744,351302516537
2022-03-05,Z305D624,0,152267144,7,0,20148690,53188,7,0,0,0,0,0,29,0,8962,29,0,0,0,53108,61187817800,351688301230
2022-03-06,Z305D624,0,128280904,7,0,22196984,53203,7,0,0,0,0,0,29,0,8962,29,0,0,0,53124,61194585352,351879593432
2022-03-07,Z305D624,0,45877392,7,0,24869668,53235,7,0,0,0,0,0,27,0,8962,27,0,0,0,53156,61207684504,352385808503
2022-03-08,Z305D624,0,58808752,7,0,25768970,53251,7,0,0,0,0,0,27,0,8962,27,0,0,0,53171,61218335784,352520069532
2022-03-09,Z305D624,0,41959952,7,0,28556602,53282,7,0,0,0,0,0,30,0,8962,30,0,0,0,53203,61235670952,352769010905
2022-03-10,Z305D624,0,230012784,7,0,29513662,53298,7,0,0,0,0,0,29,0,8962,29,0,0,0,53219,61244384744,352947677976
2022-03-11,Z305D624,0,158439672,7,0,31349094,53330,7,0,0,0,0,0,29,0,8962,29,0,0,0,53250,61258589696,353267902597
2022-03-12,Z305D624,0,215244528,7,0,31920586,53346,7,0,0,0,0,0,30,0,8962,30,0,0,0,53266,61260972216,353357177054
2022-03-13,Z305D624,0,52360384,7,0,35608038,53378,7,0,0,0,0,0,29,0,8962,29,0,0,0,53298,61288024640,353783707587
2022-03-14,Z305D624,0,37109544,7,0,36676552,53393,7,0,0,0,0,0,30,0,8962,30,0,0,0,53314,61294090704,353987253624
2022-03-15,Z305D624,0,61598704,7,0,38858527,53425,7,0,0,0,0,0,30,0,8962,30,0,0,0,53345,61308958536,354313621517
2022-03-16,Z305D624,0,123224768,7,0,40283081,53441,7,0,0,0,0,0,29,0,8962,29,0,0,0,53361,61316441760,354376847327
2022-03-17,Z305D624,0,139091784,7,0,42083293,53473,7,0,0,0,0,0,29,0,8962,29,0,0,0,53393,61338392936,354709886419
2022-03-18,Z305D624,0,141216440,7,0,42882642,53488,7,0,0,0,0,0,30,0,8962,30,0,0,0,53409,61345779744,354854691784
2022-03-19,Z305D624,0,34537304,7,0,44850819,53520,7,0,0,0,0,0,29,0,8962,29,0,0,0,53440,61362221664,355209078679
2022-03-20,Z305D624,0,173382192,7,0,46736285,53536,7,0,0,0,0,0,30,0,8962,30,0,0,0,53456,61373756848,355399318036
2022-03-21,Z305D624,0,84742680,7,0,49558913,53568,7,0,0,0,0,0,29,0,8962,29,0,0,0,53488,61389584992,355737494821
2022-03-22,Z305D624,0,53810760,7,0,50764851,53583,7,0,0,0,0,0,29,0,8962,29,0,0,0,53504,61398347752,355903911677
2022-03-23,Z305D624,0,102101552,7,0,53628349,53615,7,0,0,0,0,0,29,0,8962,29,0,0,0,53535,61413875520,356089630160
2022-03-24,Z305D624,0,174873264,7,0,54860595,53631,7,0,0,0,0,0,30,0,8962,30,0,0,0,53551,61424327480,356250696838
2022-03-25,Z305D624,0,199133016,7,0,56691578,53662,7,0,0,0,0,0,30,0,8962,30,0,0,0,53583,61439576672,356587692929
2022-03-26,Z305D624,0,85233048,7,0,57566457,53678,7,0,0,0,0,0,29,0,8962,29,0,0,0,53599,61450502248,356761315597
2022-03-27,Z305D624,0,14353600,7,0,60107876,53710,7,0,0,0,0,0,30,0,8962,30,0,0,0,53631,61465748336,357165598146
2022-03-28,Z305D624,0,73343744,7,0,63374572,53726,7,0,0,0,0,0,30,0,8962,30,0,0,0,53646,61475173776,357416428358
2022-03-29,Z305D624,0,243044016,7,0,66341343,53758,7,0,0,0,0,0,29,0,8962,29,0,0,0,53678,61492846088,357755984821
2022-03-30,Z305D624,0,49642600,7,0,67995232,53774,7,0,0,0,0,0,29,0,8962,29,0,0,0,53694,61502105840,357864372319
2022-03-31,Z305D624,0,33920280,7,0,69925855,53805,7,0,0,0,0,0,30,0,8962,30,0,0,0,53726,61518232432,358163369339
2022-04-01,Z305D624,0,233563088,7,0,70693628,53821,7,0,0,0,0,0,30,0,8962,30,0,0,0,53742,61525848056,358288376665
2022-04-02,Z305D624,0,106762072,7,0,72397504,53853,7,0,0,0,0,0,30,0,8962,30,0,0,0,53773,61541028800,358532180512
2022-04-03,Z305D624,0,79613672,7,0,73612295,53869,7,0,0,0,0,0,30,0,8962,30,0,0,0,53789,61550957040,358618731041
2022-04-04,Z305D624,0,204404816,7,0,76362691,53901,7,0,0,0,0,0,29,0,8962,29,0,0,0,53821,61562822528,358888770343
2022-04-05,Z305D624,0,14100424,7,0,77156871,53916,7,0,0,0,0,0,29,0,8962,29,0,0,0,53837,61569063800,358981506675
2022-04-06,Z305D624,0,148828616,7,0,79460648,53948,7,0,0,0,0,0,29,0,8962,29,0,0,0,53868,61589737624,359093484284
2022-04-07,Z305D624,0,230861464,7,0,80825441,53980,7,0,0,0,0,0,30,0,8962,30,0,0,0,53900,61603339336,359295451006
2022-04-08,Z305D624,0,216536176,7,0,81797073,53995,7,0,0,0,0,0,30,0,8962,30,0,0,0,53916,61607045920,359410638060
2022-04-09,Z305D624,0,8740072,7,0,83281147,54027,7,0,0,0,0,0,26,0,8962,26,0,0,0,53948,61618118368,359630304209
2022-04-10,Z305D624,0,15242696,7,0,85111628,54043,7,0,0,0,0,0,30,0,8962,30,0,0,0,53963,61624914104,359726034450
2022-04-11,Z305D624,0,89493680,7,0,86917405,54075,7,0,0,0,0,0,30,0,8962,30,0,0,0,53995,61636439200,359988593096
2022-04-12,Z305D624,0,144611320,7,0,87782125,54090,7,0,0,0,0,0,30,0,8962,30,0,0,0,54011,61643113976,360106211733
2022-04-13,Z305D624,0,3222816,7,0,90158424,54122,7,0,0,0,0,0,30,0,8962,30,0,0,0,54043,61655237040,360275687414
2022-04-14,Z305D624,0,195131584,7,0,91087799,54138,7,0,0,0,0,0,31,0,8962,31,0,0,0,54058,61663715832,360414928924
2022-04-15,Z305D624,0,206372712,7,0,93042565,54170,7,0,0,0,0,0,30,0,8962,30,0,0,0,54090,61674439168,360703659841
2022-04-16,Z305D624,0,151507712,7,0,94068314,54185,7,0,0,0,0,0,30,0,8962,30,0,0,0,54106,61680315632,360856205325
2022-04-17,Z305D624,0,122627432,7,0,97850373,54217,7,0,0,0,0,0,30,0,8962,30,0,0,0,54138,61690326544,361264102910
2022-04-18,Z305D624,0,95133984,7,0,98740090,54233,7,0,0,0,0,0,30,0,8962,30,0,0,0,54153,61694467664,361423079948
2022-04-19,Z305D624,0,105838296,7,0,101154909,54265,7,0,0,0,0,0,31,0,8962,31,0,0,0,54185,61706677040,361840283294
2022-04-20,Z305D624,0,124524184,7,0,102492207,54280,7,0,0,0,0,0,30,0,8962,30,0,0,0,54201,61715010896,361940217910
2022-04-21,Z305D624,0,132814048,7,0,104412129,54312,7,0,0,0,0,0,30,0,8962,30,0,0,0,54233,61723962016,362278200439
2022-04-22,Z305D624,0,5570952,7,0,105307879,54328,7,0,0,0,0,0,30,0,8962,30,0,0,0,54249,61729106880,362456659734
2022-04-23,Z305D624,0,165913648,7,0,106830812,54360,7,0,0,0,0,0,31,0,8962,31,0,0,0,54280,61741252184,362697471529
2022-04-24,Z305D624,0,179018928,7,0,108454494,54376,7,0,0,0,0,0,31,0,8962,31,0,0,0,54296,61746604112,362838926120
2022-04-25,Z305D624,0,108990744,7,0,111159336,54407,7,0,0,0,0,0,31,0,8962,31,0,0,0,54328,61759065120,363221485044
2022-04-26,Z305D624,0,21547808,7,0,112100309,54423,7,0,0,0,0,0,31,0,8962,31,0,0,0,54344,61767752856,363417267305
2022-04-27,Z305D624,0,105145344,7,0,114554181,54455,7,0,0,0,0,0,31,0,8962,31,0,0,0,54375,61778193488,363598718175
2022-04-28,Z305D624,0,78947384,7,0,115585724,54470,7,0,0,0,0,0,30,0,8962,30,0,0,0,54391,61785543360,363759791539
2022-04-29,Z305D624,0,95628272,7,0,118696064,54502,7,0,0,0,0,0,30,0,8962,30,0,0,0,54423,61796809648,364109510196
2022-04-30,Z305D624,0,168599040,7,0,119665867,54518,7,0,0,0,0,0,31,0,8962,31,0,0,0,54438,61803417088,364302052432
2022-05-01,Z305D624,0,58153496,7,0,122825678,54550,7,0,0,0,0,0,31,0,8962,31,0,0,0,54470,61820025120,364640351859
2022-05-02,Z305D624,0,95409128,7,0,124135578,54565,7,0,0,0,0,0,31,0,8962,31,0,0,0,54486,61856250224,364824287395
2022-05-03,Z305D624,0,61538696,7,0,126517012,54597,7,0,0,0,0,0,31,0,8962,31,0,0,0,54518,61872970776,365129998670
2022-05-04,Z305D624,0,153458544,7,0,129188405,54629,7,0,0,0,0,0,31,0,8962,31,0,0,0,54549,61891761520,365324097449
2022-05-05,Z305D624,0,214143400,7,0,130093321,54644,7,0,0,0,0,0,30,0,8962,30,0,0,0,54565,61898401320,365497880870
2022-05-06,Z305D624,0,244026576,7,0,131600938,54676,7,0,0,0,0,0,31,0,8962,31,0,0,0,54597,61910256216,365800333514
2022-05-07,Z305D624,0,206816000,7,0,132320684,54692,7,0,0,0,0,0,31,0,8962,31,0,0,0,54612,61918098192,365946364410
2022-05-08,Z305D624,0,24600368,7,0,135152086,54724,7,0,0,0,0,0,31,0,8962,31,0,0,0,54644,61934380816,366326311567
2022-05-09,Z305D624,0,139241384,7,0,136112394,54739,7,0,0,0,0,0,31,0,8962,31,0,0,0,54660,61944294840,366558049772
2022-05-10,Z305D624,0,65598680,7,0,138374866,54771,7,0,0,0,0,0,31,0,8962,31,0,0,0,54691,61957522808,366840567512
2022-05-11,Z305D624,0,101707768,7,0,139750944,54787,7,0,0,0,0,0,30,0,8962,30,0,0,0,54707,61962720080,366897587276
2022-05-12,Z305D624,0,23481000,7,0,141741343,54818,7,0,0,0,0,0,31,0,8962,31,0,0,0,54739,61975183392,367246802757
2022-05-13,Z305D624,0,163182624,7,0,142404422,54834,7,0,0,0,0,0,31,0,8962,31,0,0,0,54755,61985741416,367348378357
2022-05-14,Z305D624,0,84716336,7,0,144045796,54866,7,0,0,0,0,0,31,0,8962,31,0,0,0,54786,61996582576,367597301195
2022-05-15,Z305D624,0,57887064,7,0,145313858,54882,7,0,0,0,0,0,31,0,8962,31,0,0,0,54802,62001874384,367695933439
2022-05-16,Z305D624,0,182769904,7,0,147970775,54913,7,0,0,0,0,0,29,0,8962,29,0,0,0,54834,62013984600,367939900356
2022-05-17,Z305D624,0,27392216,7,0,148929225,54929,7,0,0,0,0,0,30,0,8962,30,0,0,0,54850,62021611000,368061290496
2022-05-18,Z305D624,0,166441888,7,0,151479997,54961,7,0,0,0,0,0,27,0,8962,27,0,0,0,54882,62035827496,368224432428
2022-05-19,Z305D624,0,74151864,7,0,151857479,54977,7,0,0,0,0,0,30,0,8962,30,0,0,0,54897,62042699712,368271664658
2022-05-20,Z305D624,0,154876128,7,0,153452009,55008,7,0,0,0,0,0,28,0,8962,28,0,0,0,54929,62057927384,368467176304
2022-05-21,Z305D624,0,113069472,7,0,154551324,55024,7,0,0,0,0,0,31,0,8962,31,0,0,0,54945,62067779728,368593752568
2022-05-22,Z305D624,0,128337448,7,0,157108784,55056,7,0,0,0,0,0,30,0,8962,30,0,0,0,54977,62081727592,368760255914
2022-05-23,Z305D624,0,131839824,7,0,157741158,55072,7,0,0,0,0,0,31,0,8962,31,0,0,0,54992,62090112224,368853809815
2022-05-24,Z305D624,0,203731496,7,0,159653882,55104,7,0,0,0,0,0,27,0,8962,27,0,0,0,55024,62105876944,369076742538
2022-05-25,Z305D624,0,75844552,7,0,161160179,55119,7,0,0,0,0,0,31,0,8962,31,0,0,0,55040,62114099408,369144304978
2022-05-26,Z305D624,0,138744008,7,0,163724405,55151,7,0,0,0,0,0,28,0,8962,28,0,0,0,55072,62126828232,369443017397
2022-05-27,Z305D624,0,240912152,7,0,164708923,55167,7,0,0,0,0,0,31,0,8962,31,0,0,0,55087,62137755328,369579741347
2022-05-28,Z305D624,0,14326056,7,0,166596760,55199,7,0,0,0,0,0,30,0,8962,30,0,0,0,55119,62152237000,369860888355
2022-05-29,Z305D624,0,13039072,7,0,168356435,55214,7,0,0,0,0,0,31,0,8962,31,0,0,0,55135,62160040696,370028835137
2022-05-30,Z305D624,0,106056704,7,0,171260697,55246,7,0,0,0,0,0,30,0,8962,30,0,0,0,55166,62179018960,370397871831
2022-05-31,Z305D624,0,14551056,7,0,172421351,55262,7,0,0,0,0,0,30,0,8962,30,0,0,0,55182,62200165872,370687979159
2022-06-01,Z305D624,0,112248128,7,0,175126730,55294,7,0,0,0,0,0,31,0,8962,31,0,0,0,55214,62220928656,370926235777
2022-06-02,Z305D624,0,44837688,7,0,177037644,55325,7,0,0,0,0,0,28,0,8962,28,0,0,0,55246,62236856120,371262908225
2022-06-03,Z305D624,0,186905304,7,0,177944977,55341,7,0,0,0,0,0,30,0,8962,30,0,0,0,55262,62243845352,371425517853
2022-06-04,Z305D624,0,6057696,7,0,179842436,55373,7,0,0,0,0,0,30,0,8962,30,0,0,0,55293,62257582360,371753977434
2022-06-05,Z305D624,0,160650688,7,0,181675925,55389,7,0,0,0,0,0,31,0,8962,31,0,0,0,55309,62267918104,371867937084
2022-06-07,Z305D624,0,146047288,7,0,184931290,55436,7,0,0,0,0,0,30,0,8962,30,0,0,0,55356,62289786328,372378717737
2022-06-08,Z305D624,0,158382808,7,0,187670909,55468,7,0,0,0,0,0,27,0,8962,27,0,0,0,55388,62302524080,372587643719
2022-06-09,Z305D624,0,23219168,7,0,189767299,55484,7,0,0,0,0,0,30,0,8962,30,0,0,0,55404,62309773192,372780970925
2022-06-10,Z305D624,0,3244056,7,0,191351040,55515,7,0,0,0,0,0,28,0,8962,28,0,0,0,55435,62323215888,373091325039
2022-06-11,Z305D624,0,144712072,7,0,193662916,55547,7,0,0,0,0,0,31,0,8962,31,0,0,0,55467,62336409232,373451886273
2022-06-12,Z305D624,0,72744064,7,0,195851023,55562,7,0,0,0,0,0,27,0,8962,27,0,0,0,55483,62351635576,373641791419
2022-06-13,Z305D624,0,144263224,7,0,198155542,55594,7,0,0,0,0,0,30,0,8962,30,0,0,0,55515,62369532416,373995902122
2022-06-14,Z305D624,0,12542104,7,0,199637194,55610,7,0,0,0,0,0,30,0,8962,30,0,0,0,55530,62378143520,374092522191
2022-06-15,Z305D624,0,64636056,7,0,202162913,55641,7,0,0,0,0,0,30,0,8962,30,0,0,0,55562,62390976096,374359988620
2022-06-16,Z305D624,0,163780480,7,0,202963579,55657,7,0,0,0,0,0,27,0,8962,27,0,0,0,55578,62396604584,374520236595
2022-06-17,Z305D624,0,83104768,7,0,204489842,55689,7,0,0,0,0,0,31,0,8962,31,0,0,0,55609,62421383024,374808844817
2022-06-18,Z305D624,0,16083424,7,0,205153408,55704,7,0,0,0,0,0,31,0,8962,31,0,0,0,55625,62428424568,374953122250
2022-06-19,Z305D624,0,236062632,7,0,208422123,55736,7,0,0,0,0,0,30,0,8962,30,0,0,0,55657,62466668504,375302585978
2022-06-20,Z305D624,0,17499960,7,0,209119745,55752,7,0,0,0,0,0,30,0,8962,30,0,0,0,55672,62472466544,375526207675
2022-06-21,Z305D624,0,108924832,7,0,211533326,55784,7,0,0,0,0,0,30,0,8962,30,0,0,0,55704,62497064552,375808333754
2022-06-22,Z305D624,0,218707392,7,0,212800410,55799,7,0,0,0,0,0,28,0,8962,28,0,0,0,55720,62508806240,375980905589
2022-06-23,Z305D624,0,220765368,7,0,214960387,55831,7,0,0,0,0,0,27,0,8962,27,0,0,0,55751,62525922272,376332596976
2022-06-24,Z305D624,0,169036848,7,0,215921873,55847,7,0,0,0,0,0,28,0,8962,28,0,0,0,55767,62534808744,376487132901
2022-06-25,Z305D624,0,207506624,7,0,217500283,55878,7,0,0,0,0,0,28,0,8962,28,0,0,0,55799,62549619904,376718518532
2022-06-26,Z305D624,0,142442768,7,0,219815570,55894,7,0,0,0,0,0,27,0,8962,27,0,0,0,55815,62555162280,376875021700
2022-06-27,Z305D624,0,176316552,7,0,221373288,55926,7,0,0,0,0,0,27,0,8962,27,0,0,0,55846,62567294600,377058158623
2022-06-28,Z305D624,0,188127752,7,0,222521488,55942,7,0,0,0,0,0,30,0,8962,30,0,0,0,55862,62574100688,377167505725
2022-06-29,Z305D624,0,79371680,7,0,224879121,55973,7,0,0,0,0,0,26,0,8962,26,0,0,0,55894,62594254568,377366507269
2022-06-30,Z305D624,0,102318936,7,0,226484225,55989,7,0,0,0,0,0,30,0,8962,30,0,0,0,55910,62619192160,377438453956
2022-07-01,Z305D624,0,218443784,7,0,227926703,56021,7,0,0,0,0,0,30,0,8962,30,0,0,0,55941,62639623768,377628215710
2022-07-02,Z305D624,0,8463248,7,0,228985429,56036,7,0,0,0,0,0,30,0,8962,30,0,0,0,55957,62645485064,377756699665
2022-07-03,Z305D624,0,174719088,7,0,231683544,56068,7,0,0,0,0,0,30,0,8962,30,0,0,0,55988,62661613576,377954927729
2022-07-04,Z305D624,0,79244672,7,0,232294133,56084,7,0,0,0,0,0,30,0,8962,30,0,0,0,56004,62667396848,378055072616
2022-07-05,Z305D624,0,237560488,7,0,234384403,56115,7,0,0,0,0,0,30,0,8962,30,0,0,0,56036,62677558712,378259037621
2022-07-06,Z305D624,0,7671736,7,0,235629130,56131,7,0,0,0,0,0,30,0,8962,30,0,0,0,56052,62682780672,378366554728
2022-07-07,Z305D624,0,60547600,7,0,237322116,56163,7,0,0,0,0,0,31,0,8962,31,0,0,0,56083,62696812360,378659789217
2022-07-08,Z305D624,0,88588632,7,0,239134283,56194,7,0,0,0,0,0,30,0,8962,30,0,0,0,56115,62707793064,378929600549
2022-07-09,Z305D624,0,158440448,7,0,240034862,56210,7,0,0,0,0,0,26,0,8962,26,0,0,0,56130,62711867792,379072487502
2022-07-10,Z305D624,0,110170320,7,0,243791093,56242,7,0,0,0,0,0,30,0,8962,30,0,0,0,56162,62725859944,379472637449
2022-07-11,Z305D624,0,136243696,7,0,244698917,56257,7,0,0,0,0,0,28,0,8962,28,0,0,0,56178,62730650624,379640408954
2022-07-12,Z305D624,0,99599672,7,0,247687440,56289,7,0,0,0,0,0,30,0,8962,30,0,0,0,56210,62772495440,379972965104
2022-07-13,Z305D624,0,206314008,7,0,248775939,56305,7,0,0,0,0,0,28,0,8962,28,0,0,0,56225,62788926992,380172743736
2022-07-14,Z305D624,0,138797920,7,0,249989467,56321,7,0,0,0,0,0,30,0,8962,30,0,0,0,56241,62793193440,380353106136
2022-07-15,Z305D624,0,176002816,7,0,251772846,56352,7,0,0,0,0,0,27,0,8962,27,0,0,0,56273,62805105336,380702928594
2022-07-16,Z305D624,0,118943352,7,0,252787192,56368,7,0,0,0,0,0,30,0,8962,30,0,0,0,56289,62811348352,380881907351
2022-07-17,Z305D624,0,37779864,7,0,255505092,56400,7,0,0,0,0,0,28,0,8962,28,0,0,0,56320,62822537664,381116874112
2022-07-18,Z305D624,0,5343624,7,0,256507156,56416,7,0,0,0,0,0,31,0,8962,31,0,0,0,56336,62828149760,381283915919
2022-07-19,Z305D624,0,216466048,7,0,258253444,56447,7,0,0,0,0,0,27,0,8962,27,0,0,0,56368,62839517128,381607955713
2022-07-20,Z305D624,0,1597352,7,0,260973716,56479,7,0,0,0,0,0,30,0,8962,30,0,0,0,56399,62852985656,381818429988
2022-07-21,Z305D624,0,115550920,7,0,261631674,56495,7,0,0,0,0,0,27,0,8962,27,0,0,0,56415,62857634920,381948575410
2022-07-22,Z305D624,0,23464568,7,0,263443005,56526,7,0,0,0,0,0,29,0,8962,29,0,0,0,56447,62872943440,382315971111
2022-07-23,Z305D624,0,27667264,7,0,264394565,56542,7,0,0,0,0,0,27,0,8962,27,0,0,0,56463,62887803704,382492894325
2022-07-24,Z305D624,0,169333080,7,0,267854669,56574,7,0,0,0,0,0,28,0,8962,28,0,0,0,56494,62896499816,382853978763
2022-07-25,Z305D624,0,203870872,7,0,268891536,56590,7,0,0,0,0,0,30,0,8962,30,0,0,0,56510,62901027368,383039411406
2022-07-26,Z305D624,0,89662824,7,0,271837082,56621,7,0,0,0,0,0,29,0,8962,29,0,0,0,56542,62910908120,383277157001
2022-07-27,Z305D624,0,96448480,7,0,272972560,56637,7,0,0,0,0,0,30,0,8962,30,0,0,0,56558,62916971912,383424822593
2022-07-28,Z305D624,0,162446392,7,0,275553417,56669,7,0,0,0,0,0,27,0,8962,27,0,0,0,56589,62925710976,383752850822
2022-07-29,Z305D624,0,167574056,7,0,276231023,56684,7,0,0,0,0,0,30,0,8962,30,0,0,0,56605,62934706000,383897846122
2022-07-30,Z305D624,0,177611768,7,0,277580439,56716,7,0,0,0,0,0,28,0,8962,28,0,0,0,56637,62943353400,384232402910
2022-07-31,Z305D624,0,119786784,7,0,279713349,56732,7,0,0,0,0,0,30,0,8962,30,0,0,0,56652,62950184648,384450259812
2022-08-01,Z305D624,0,120934328,7,0,281377791,56763,7,0,0,0,0,0,30,0,8962,30,0,0,0,56684,62960189144,384842153475
2022-08-02,Z305D624,0,143059864,7,0,284030456,56795,7,0,0,0,0,0,30,0,8962,30,0,0,0,56716,62972097512,385114637144
2022-08-03,Z305D624,0,238354760,7,0,285286336,56811,7,0,0,0,0,0,28,0,8962,28,0,0,0,56731,62979508888,385311508191
2022-08-04,Z305D624,0,232958008,7,0,286286663,56827,7,0,0,0,0,0,30,0,8962,30,0,0,0,56747,62984898256,385511345609
2022-08-05,Z305D624,0,70380240,7,0,287848612,56858,7,0,0,0,0,0,28,0,8962,28,0,0,0,56779,62994654720,385765508863
2022-08-06,Z305D624,0,116409952,7,0,288870495,56874,7,0,0,0,0,0,31,0,8962,31,0,0,0,56794,63000838168,385935868023
2022-08-07,Z305D624,0,98136816,7,0,291720720,56906,7,0,0,0,0,0,27,0,8962,27,0,0,0,56826,63012289256,386138299436
2022-08-08,Z305D624,0,243817608,7,0,292532405,56921,7,0,0,0,0,0,31,0,8962,31,0,0,0,56842,63018566240,386251529155
2022-08-09,Z305D624,0,228778832,7,0,294585439,56953,7,0,0,0,0,0,27,0,8962,27,0,0,0,56873,63029453464,386448709979
2022-08-10,Z305D624,0,98161488,7,0,295952482,56969,7,0,0,0,0,0,30,0,8962,30,0,0,0,56889,63035358168,386527956916
2022-08-11,Z305D624,0,187116992,7,0,297167255,57000,7,0,0,0,0,0,28,0,8962,28,0,0,0,56921,63045958944,386667361661
2022-08-12,Z305D624,0,25720112,7,0,297931104,57016,7,0,0,0,0,0,30,0,8962,30,0,0,0,56936,63051670288,386771189751
2022-08-13,Z305D624,0,148502768,7,0,299616989,57047,7,0,0,0,0,0,27,0,8962,27,0,0,0,56968,63062381472,387004391721
2022-08-14,Z305D624,0,221698672,7,0,301011526,57063,7,0,0,0,0,0,31,0,8962,31,0,0,0,56984,63072706848,387081923671
2022-08-15,Z305D624,0,165260016,7,0,303076457,57095,7,0,0,0,0,0,27,0,8962,27,0,0,0,57015,63089078072,387321538658
2022-08-16,Z305D624,0,220279584,7,0,303986614,57111,7,0,0,0,0,0,30,0,8962,30,0,0,0,57031,63094701032,387465037660
2022-08-17,Z305D624,0,79959320,7,0,306363702,57142,7,0,0,0,0,0,27,0,8962,27,0,0,0,57063,63107292864,387610704303
2022-08-18,Z305D624,0,63361904,7,0,308167969,57158,7,0,0,0,0,0,30,0,8962,30,0,0,0,57079,63113718688,387778286092
2022-08-19,Z305D624,0,2469832,7,0,309864305,57190,7,0,0,0,0,0,28,0,8962,28,0,0,0,57110,63124232792,388042054345
2022-08-20,Z305D624,0,86507808,7,0,310750261,57205,7,0,0,0,0,0,30,0,8962,30,0,0,0,57126,63129849584,388174204159
2022-08-21,Z305D624,0,54002800,7,0,314054842,57237,7,0,0,0,0,0,28,0,8962,28,0,0,0,57157,63140886928,388555758931
2022-08-22,Z305D624,0,172695648,7,0,315464578,57253,7,0,0,0,0,0,30,0,8962,30,0,0,0,57173,63145782112,388729245118
2022-08-23,Z305D624,0,124792416,7,0,317559814,57284,7,0,0,0,0,0,30,0,8962,30,0,0,0,57205,63157075928,389176790145
2022-08-24,Z305D624,0,79351976,7,0,319921924,57316,7,0,0,0,0,0,28,0,8962,28,0,0,0,57236,63168327784,389378337863
2022-08-25,Z305D624,0,201185032,7,0,320933730,57332,7,0,0,0,0,0,30,0,8962,30,0,0,0,57252,63174004888,389557148154
2022-08-26,Z305D624,0,86607424,7,0,322761037,57363,7,0,0,0,0,0,26,0,8962,26,0,0,0,57284,63185402688,389912773721
2022-08-27,Z305D624,0,44178816,7,0,323222707,57379,7,0,0,0,0,0,30,0,8962,30,0,0,0,57300,63192081232,389974701525
2022-08-28,Z305D624,0,17687488,7,0,326662852,57411,7,0,0,0,0,0,26,0,8962,26,0,0,0,57331,63205537464,390331001369
2022-08-29,Z305D624,0,239991904,7,0,327563447,57427,7,0,0,0,0,0,30,0,8962,30,0,0,0,57347,63211888368,390509911557
2022-08-30,Z305D624,0,206098240,7,0,329733326,57458,7,0,0,0,0,0,26,0,8962,26,0,0,0,57379,63224624792,390825915656
2022-08-31,Z305D624,0,230417904,7,0,331113747,57474,7,0,0,0,0,0,30,0,8962,30,0,0,0,57395,63238224856,390917087533
2022-09-01,Z305D624,0,118476896,7,0,333365951,57506,7,0,0,0,0,0,28,0,8962,28,0,0,0,57426,63259091624,391238491102
2022-09-02,Z305D624,0,46305152,7,0,334668641,57522,7,0,0,0,0,0,31,0,8962,31,0,0,0,57442,63272503040,391449380481
2022-09-03,Z305D624,0,218801136,7,0,336356078,57553,7,0,0,0,0,0,28,0,8962,28,0,0,0,57474,63286257536,391759232064
2022-09-04,Z305D624,0,53327776,7,0,338236537,57569,7,0,0,0,0,0,31,0,8962,31,0,0,0,57490,63293821112,391959303598
2022-09-05,Z305D624,0,7132608,7,0,341729741,57601,7,0,0,0,0,0,28,0,8962,28,0,0,0,57521,63309994176,392344709595
2022-09-06,Z305D624,0,57278912,7,0,342674656,57617,7,0,0,0,0,0,30,0,8962,30,0,0,0,57537,63317438920,392535949393
2022-09-07,Z305D624,0,157241448,7,0,345936166,57648,7,0,0,0,0,0,28,0,8962,28,0,0,0,57569,63333400896,392740885847
2022-09-08,Z305D624,0,53999976,7,0,347373543,57680,7,0,0,0,0,0,27,0,8962,27,0,0,0,57600,63350974904,393044482448
2022-09-09,Z305D624,0,19319560,7,0,348108201,57696,7,0,0,0,0,0,28,0,8962,28,0,0,0,57616,63359287512,393216495151
2022-09-10,Z305D624,0,1698280,7,0,349825357,57727,7,0,0,0,0,0,28,0,8962,28,0,0,0,57648,63373513576,393575682482
2022-09-11,Z305D624,0,205323480,7,0,352007578,57743,7,0,0,0,0,0,28,0,8962,28,0,0,0,57664,63379800112,393780864164
2022-09-12,Z305D624,0,86441832,7,0,353513891,57775,7,0,0,0,0,0,27,0,8962,27,0,0,0,57695,63398783048,394197441784
2022-09-13,Z305D624,0,196874608,7,0,354793429,57791,7,0,0,0,0,0,28,0,8962,28,0,0,0,57711,63404971984,394365149698
2022-09-14,Z305D624,0,168043896,7,0,357471573,57822,7,0,0,0,0,0,31,0,8962,31,0,0,0,57743,63421353592,394619324059
2022-09-15,Z305D624,0,88504856,7,0,358538121,57838,7,0,0,0,0,0,30,0,8962,30,0,0,0,57759,63429949136,394812751343
2022-09-16,Z305D624,0,112859280,7,0,360240986,57870,7,0,0,0,0,0,30,0,8962,30,0,0,0,57791,63444384200,395091234224
2022-09-17,Z305D624,0,5872008,7,0,360866496,57886,7,0,0,0,0,0,30,0,8962,30,0,0,0,57806,63451294952,395184983800
2022-09-18,Z305D624,0,9563448,7,0,363759210,57918,7,0,0,0,0,0,30,0,8962,30,0,0,0,57838,63466224328,395379562811
2022-09-19,Z305D624,0,110420072,7,0,364552974,57934,7,0,0,0,0,0,31,0,8962,31,0,0,0,57854,63474912600,395479936501
2022-09-20,Z305D624,0,94663056,7,0,367032339,57965,7,0,0,0,0,0,30,0,8962,30,0,0,0,57886,63487925360,395649459823
2022-09-21,Z305D624,0,236925208,7,0,367907748,57981,7,0,0,0,0,0,30,0,8962,30,0,0,0,57902,63495700552,395743710285
2022-09-22,Z305D624,0,197646328,7,0,369325575,58013,7,0,0,0,0,0,30,0,8962,30,0,0,0,57934,63511438792,395871824457
2022-09-23,Z305D624,0,203994464,7,0,370239353,58029,7,0,0,0,0,0,30,0,8962,30,0,0,0,57949,63516872112,395986149854
2022-09-24,Z305D624,0,106601680,7,0,371797411,58061,7,0,0,0,0,0,27,0,8962,27,0,0,0,57981,63529066040,396205349494
2022-09-25,Z305D624,0,159757280,7,0,373893618,58076,7,0,0,0,0,0,29,0,8962,29,0,0,0,57997,63530084000,396321022638
2022-09-26,Z305D624,0,65859024,7,0,375818138,58108,7,0,0,0,0,0,26,0,8962,26,0,0,0,58029,63532248192,396650897038
2022-09-27,Z305D624,0,194764960,7,0,376646241,58125,7,0,0,0,0,0,30,0,8962,30,0,0,0,58045,63533170400,396762275379
2022-09-28,Z305D624,0,125899784,7,0,379110912,58156,7,0,0,0,0,0,27,0,8962,27,0,0,0,58077,63535204616,396956229656
2022-09-29,Z305D624,0,214620872,7,0,380096755,58172,7,0,0,0,0,0,30,0,8962,30,0,0,0,58092,63536371256,397112248213
2022-09-30,Z305D624,0,126508304,7,0,381786858,58204,7,0,0,0,0,0,27,0,8962,27,0,0,0,58124,63538310976,397401601636
2022-10-01,Z305D624,0,97112536,7,0,382778228,58220,7,0,0,0,0,0,30,0,8962,30,0,0,0,58140,63539709216,397581451859
2022-10-02,Z305D624,0,135476328,7,0,386767387,58251,7,0,0,0,0,0,28,0,8962,28,0,0,0,58172,63542150056,398018567510
2022-10-03,Z305D624,0,173005024,7,0,388267609,58267,7,0,0,0,0,0,31,0,8962,31,0,0,0,58187,63543651648,398218375089
2022-10-04,Z305D624,0,222349896,7,0,390422713,58299,7,0,0,0,0,0,27,0,8962,27,0,0,0,58219,63545617368,398473334536
2022-10-05,Z305D624,0,185475752,7,0,391687667,58315,7,0,0,0,0,0,30,0,8962,30,0,0,0,58235,63546794736,398577276633
2022-10-06,Z305D624,0,123002888,7,0,393346849,58346,7,0,0,0,0,0,27,0,8962,27,0,0,0,58267,63548950728,398899752005
2022-10-07,Z305D624,0,450760,7,0,393768535,58362,7,0,0,0,0,0,30,0,8962,30,0,0,0,58283,63549977200,398974258622
2022-10-08,Z305D624,0,12199176,7,0,395451595,58394,7,0,0,0,0,0,27,0,8962,27,0,0,0,58314,63551580768,399317681066
2022-10-09,Z305D624,0,20982912,7,0,398828942,58426,7,0,0,0,0,0,30,0,8962,30,0,0,0,58346,63554141016,399732284663
2022-10-10,Z305D624,0,154523600,7,0,399483550,58441,7,0,0,0,0,0,28,0,8962,28,0,0,0,58362,63555045160,399874890955
2022-10-11,Z305D624,0,32893848,7,0,401864094,58473,7,0,0,0,0,0,30,0,8962,30,0,0,0,58393,63557286176,400085315652
2022-10-12,Z305D624,0,236453792,7,0,402792534,58489,7,0,0,0,0,0,27,0,8962,27,0,0,0,58409,63558158608,400269509385
2022-10-13,Z305D624,0,157439992,7,0,403481480,58505,7,0,0,0,0,0,29,0,8962,29,0,0,0,58425,63559568312,400411838945
2022-10-14,Z305D624,0,50659224,7,0,405200815,58536,7,0,0,0,0,0,29,0,8962,29,0,0,0,58457,63561747536,400744481306
2022-10-15,Z305D624,0,193695128,7,0,406431940,58552,7,0,0,0,0,0,31,0,8962,31,0,0,0,58473,63562891480,400904849607
2022-10-16,Z305D624,0,235463520,7,0,409944862,58584,7,0,0,0,0,0,28,0,8962,28,0,0,0,58504,63564875680,401295004185
2022-10-17,Z305D624,0,214004344,7,0,410619155,58599,7,0,0,0,0,0,31,0,8962,31,0,0,0,58520,63566138144,401454985490
2022-10-18,Z305D624,0,205805544,7,0,412332039,58631,7,0,0,0,0,0,28,0,8962,28,0,0,0,58552,63568281144,401732251763
2022-10-19,Z305D624,0,214313776,7,0,413697507,58647,7,0,0,0,0,0,31,0,8962,31,0,0,0,58567,63569552824,401836172218
2022-10-20,Z305D624,0,204669008,7,0,415902207,58678,7,0,0,0,0,0,28,0,8962,28,0,0,0,58599,63571196288,402202556638
2022-10-21,Z305D624,0,81024128,7,0,416582936,58694,7,0,0,0,0,0,30,0,8962,30,0,0,0,58615,63572112000,402371983472
2022-10-22,Z305D624,0,91718984,7,0,417946938,58726,7,0,0,0,0,0,28,0,8962,28,0,0,0,58646,63574399432,402815883635
2022-10-23,Z305D624,0,152324536,7,0,419821466,58742,7,0,0,0,0,0,28,0,8962,28,0,0,0,58662,63576229400,403032834190
2022-10-24,Z305D624,0,198173976,7,0,422777993,58773,7,0,0,0,0,0,28,0,8962,28,0,0,0,58694,63578292280,403415326918
2022-10-25,Z305D624,0,15250080,7,0,423276674,58789,7,0,0,0,0,0,29,0,8962,29,0,0,0,58710,63579478040,403507883261
2022-10-26,Z305D624,0,231310784,7,0,425901219,58821,7,0,0,0,0,0,27,0,8962,27,0,0,0,58741,63581295688,403711973521
2022-10-27,Z305D624,0,121346632,7,0,426455407,58836,7,0,0,0,0,0,29,0,8962,29,0,0,0,58757,63582433328,403793800555
2022-10-28,Z305D624,0,70551920,7,0,428418483,58884,7,0,0,0,0,0,30,0,8962,30,0,0,0,58804,63586021432,404095526449
2022-10-29,Z305D624,0,215087752,7,0,429156585,58900,7,0,0,0,0,0,27,0,8962,27,0,0,0,58820,63586712104,404201337434
2022-10-30,Z305D624,0,238384880,7,0,431750146,58931,7,0,0,0,0,0,29,0,8962,29,0,0,0,58852,63588931496,404362509009
2022-10-31,Z305D624,0,100711408,7,0,432594774,58947,7,0,0,0,0,0,28,0,8962,28,0,0,0,58868,63589595280,404481401918
2022-11-01,Z305D624,0,45635744,7,0,435607204,58979,7,0,0,0,0,0,27,0,8962,27,0,0,0,58899,63592001104,404654706288
2022-11-02,Z305D624,0,81820936,7,0,436101208,58994,7,0,0,0,0,0,28,0,8962,28,0,0,0,58915,63593257424,404744593618
2022-11-03,Z305D624,0,19920952,7,0,436425557,59010,7,0,0,0,0,0,29,0,8962,29,0,0,0,58931,63594803368,404800250532
2022-11-04,Z305D624,0,28504584,7,0,438059562,59042,7,0,0,0,0,0,27,0,8962,27,0,0,0,58962,63596612816,405104434363
2022-11-05,Z305D624,0,124556848,7,0,438878307,59058,7,0,0,0,0,0,29,0,8962,29,0,0,0,58978,63597394440,405242122280
2022-11-06,Z305D624,0,101226000,7,0,442349907,59089,7,0,0,0,0,0,27,0,8962,27,0,0,0,59010,63598925880,405569288257
2022-11-07,Z305D624,0,202078584,7,0,443130218,59105,7,0,0,0,0,0,28,0,8962,28,0,0,0,59026,63599644280,405699930531
2022-11-08,Z305D624,0,243165056,7,0,445434150,59137,7,0,0,0,0,0,28,0,8962,28,0,0,0,59057,63601335624,405992109780
2022-11-09,Z305D624,0,74338912,7,0,446834486,59152,7,0,0,0,0,0,29,0,8962,29,0,0,0,59073,63602317848,406110748442
2022-11-10,Z305D624,0,173758744,7,0,449422941,59184,7,0,0,0,0,0,28,0,8962,28,0,0,0,59104,63603881064,406527994360
2022-11-11,Z305D624,0,226635592,7,0,450163931,59200,7,0,0,0,0,0,29,0,8962,29,0,0,0,59120,63604827264,406679723663
2022-11-12,Z305D624,0,78734512,7,0,451843589,59231,7,0,0,0,0,0,29,0,8962,29,0,0,0,59152,63606479464,407026278366
2022-11-13,Z305D624,0,20329608,7,0,453619891,59247,7,0,0,0,0,0,29,0,8962,29,0,0,0,59168,63607107880,407209873524
2022-11-14,Z305D624,0,221330600,7,0,455600926,59279,7,0,0,0,0,0,30,0,8962,30,0,0,0,59199,63609301328,407448076630
2022-11-15,Z305D624,0,173127488,7,0,456362989,59295,7,0,0,0,0,0,30,0,8962,30,0,0,0,59215,63610107656,407606509498
2022-11-16,Z305D624,0,218630688,7,0,458932772,59326,7,0,0,0,0,0,29,0,8962,29,0,0,0,59247,63611450592,407848792473
2022-11-17,Z305D624,0,11577784,7,0,461338148,59358,7,0,0,0,0,0,30,0,8962,30,0,0,0,59278,63612596872,407999615681
2022-11-18,Z305D624,0,31068744,7,0,462812881,59374,7,0,0,0,0,0,29,0,8962,29,0,0,0,59294,63613152448,408050520612
2022-11-19,Z305D624,0,191886232,7,0,465226543,59405,7,0,0,0,0,0,30,0,8962,30,0,0,0,59326,63616698680,408201025419
2022-11-20,Z305D624,0,37129064,7,0,467250742,59421,7,0,0,0,0,0,29,0,8962,29,0,0,0,59342,63617785720,408352404149
2022-11-21,Z305D624,0,111921552,7,0,469023264,59452,7,0,0,0,0,0,29,0,8962,29,0,0,0,59373,63619014232,408712998545
2022-11-22,Z305D624,0,152649584,7,0,469911127,59468,7,0,0,0,0,0,28,0,8962,28,0,0,0,59389,63619764048,408854379256
2022-11-23,Z305D624,0,124024352,7,0,472308380,59500,7,0,0,0,0,0,29,0,8962,29,0,0,0,59420,63620844672,409081787675
2022-11-24,Z305D624,0,213004008,7,0,473143688,59515,7,0,0,0,0,0,29,0,8962,29,0,0,0,59436,63621511560,409247864731
2022-11-25,Z305D624,0,31976176,7,0,475436042,59547,7,0,0,0,0,0,27,0,8962,27,0,0,0,59467,63628868304,409605542291
2022-11-26,Z305D624,0,201186432,7,0,476269712,59563,7,0,0,0,0,0,29,0,8962,29,0,0,0,59483,63630086864,409787660602
2022-11-27,Z305D624,0,108510664,7,0,479257760,59594,7,0,0,0,0,0,27,0,8962,27,0,0,0,59515,63631832384,410147335322
2022-11-28,Z305D624,0,122553456,7,0,479886860,59610,7,0,0,0,0,0,30,0,8962,30,0,0,0,59530,63632718912,410323924636
2022-11-29,Z305D624,0,189277592,7,0,481870340,59642,7,0,0,0,0,0,27,0,8962,27,0,0,0,59562,63633865176,410600607464
2022-11-30,Z305D624,0,209687880,7,0,483006576,59657,7,0,0,0,0,0,29,0,8962,29,0,0,0,59578,63634756688,410733985682
2022-12-01,Z305D624,0,63616800,7,0,485422214,59689,7,0,0,0,0,0,31,0,8962,31,0,0,0,59609,63636014760,411146805729
2022-12-02,Z305D624,0,125856496,7,0,487642851,59705,7,0,0,0,0,0,30,0,8962,30,0,0,0,59625,63636725720,411377397318
2022-12-03,Z305D624,0,69629200,7,0,489494586,59736,7,0,0,0,0,0,30,0,8962,30,0,0,0,59657,63637959136,411737102436
2022-12-04,Z305D624,0,161439680,7,0,491204784,59752,7,0,0,0,0,0,30,0,8962,30,0,0,0,59672,63638726280,411883861736
2022-12-05,Z305D624,0,229371896,7,0,493306346,59783,7,0,0,0,0,0,31,0,8962,31,0,0,0,59704,63640020920,412141608464
2022-12-06,Z305D624,0,10658160,7,0,495508855,59815,7,0,0,0,0,0,30,0,8962,30,0,0,0,59735,63642750264,412267853549
2022-12-07,Z305D624,0,102852240,7,0,496288690,59831,7,0,0,0,0,0,30,0,8962,30,0,0,0,59751,63643244440,412377735328
2022-12-08,Z305D624,0,110756656,7,0,496952168,59846,7,0,0,0,0,0,30,0,8962,30,0,0,0,59767,63644092392,412482894623
2022-12-09,Z305D624,0,101894152,7,0,498034554,59878,7,0,0,0,0,0,30,0,8962,30,0,0,0,59798,63645341664,412634615471
2022-12-11,Z305D624,0,7902544,7,0,501757460,59925,7,0,0,0,0,0,31,0,8962,31,0,0,0,59846,63648048944,412978664320
2022-12-11,Z305D624,0,7902544,7,0,501757460,59925,7,0,0,0,0,0,31,0,8962,31,0,0,0,59846,63648048944,412978664320
2022-12-12,Z305D624,0,196270624,7,0,502739863,59957,7,0,0,0,0,0,30,0,8962,30,0,0,0,59877,63652242120,413125758926
2022-12-13,Z305D624,0,210051624,7,0,503626355,59972,7,0,0,0,0,0,30,0,8962,30,0,0,0,59893,63653027656,413246281667
2022-12-14,Z305D624,0,90671688,7,0,506253287,60004,7,0,0,0,0,0,30,0,8962,30,0,0,0,59924,63655260728,413502348996
2022-12-15,Z305D624,0,214935048,7,0,507007980,60020,7,0,0,0,0,0,30,0,8962,30,0,0,0,59940,63656346792,413629932508
2022-12-16,Z305D624,0,151601800,7,0,508716349,60051,7,0,0,0,0,0,30,0,8962,30,0,0,0,59972,63657611688,413909959979
2022-12-17,Z305D624,0,34314488,7,0,509521266,60067,7,0,0,0,0,0,31,0,8962,31,0,0,0,59988,63658342576,414047184187
2022-12-18,Z305D624,0,53594968,7,0,513937076,60099,7,0,0,0,0,0,30,0,8962,30,0,0,0,60019,63659804088,414408886793
2022-12-19,Z305D624,0,89834840,7,0,514660381,60114,7,0,0,0,0,0,30,0,8962,30,0,0,0,60035,63660481360,414594938027
2022-12-20,Z305D624,0,5304384,7,0,516996979,60146,7,0,0,0,0,0,30,0,8962,30,0,0,0,60066,63662200456,414893288240
2022-12-21,Z305D624,0,55273592,7,0,519085219,60177,7,0,0,0,0,0,30,0,8962,30,0,0,0,60098,63664607624,415213625116
2022-12-22,Z305D624,0,99415280,7,0,519891134,60193,7,0,0,0,0,0,30,0,8962,30,0,0,0,60114,63665176232,415383214237
2022-12-23,Z305D624,0,135630832,7,0,521062227,60225,7,0,0,0,0,0,31,0,8962,31,0,0,0,60146,63667234456,415590795446
2022-12-24,Z305D624,0,140811464,7,0,521819705,60241,7,0,0,0,0,0,31,0,8962,31,0,0,0,60161,63667766152,415756609323
2022-12-25,Z305D624,0,194155728,7,0,525110150,60273,7,0,0,0,0,0,30,0,8962,30,0,0,0,60193,63670190816,416146579191
2022-12-26,Z305D624,0,215952936,7,0,525680441,60288,7,0,0,0,0,0,30,0,8962,30,0,0,0,60209,63670837120,416275411630
2022-12-27,Z305D624,0,241113088,7,0,528062163,60320,7,0,0,0,0,0,30,0,8962,30,0,0,0,60240,63672802264,416503778880
2022-12-28,Z305D624,0,54822704,7,0,528920039,60336,7,0,0,0,0,0,30,0,8962,30,0,0,0,60256,63673645648,416673298103
2022-12-29,Z305D624,0,146768032,7,0,530543149,60367,7,0,0,0,0,0,30,0,8962,30,0,0,0,60288,63675397888,416992775767
2022-12-30,Z305D624,0,46651544,7,0,531389794,60383,7,0,0,0,0,0,30,0,8962,30,0,0,0,60304,63676473704,417156593218
2022-12-31,Z305D624,0,130412488,7,0,533627884,60415,7,0,0,0,0,0,31,0,8962,31,0,0,0,60335,63678247520,417515096855
