2022-01-01,Z305D6FC,0,8645184,12,0,870960590,51670,12,0,0,0,0,0,31,0,10257,31,0,0,0,51585,61071241792,322479523052
2022-01-02,Z305D6FC,0,4860528,12,0,871778500,51686,12,0,0,0,0,0,31,0,10257,31,0,0,0,51601,61077161512,322643219082
2022-01-03,Z305D6FC,0,118641720,12,0,875103050,51718,12,0,0,0,0,0,31,0,10257,31,0,0,0,51633,61092675320,322992215172
2022-01-04,Z305D6FC,0,39451264,12,0,875951310,51733,12,0,0,0,0,0,31,0,10257,31,0,0,0,51649,61107329816,323137383436
2022-01-05,Z305D6FC,0,239697824,12,0,878271870,51765,12,0,0,0,0,0,31,0,10257,31,0,0,0,51680,61121634408,323354938224
2022-01-06,Z305D6FC,0,63000384,12,0,879303902,51781,12,0,0,0,0,0,31,0,10257,31,0,0,0,51696,61133604240,323446521850
2022-01-07,Z305D6FC,0,154122104,12,0,881131620,51812,12,0,0,0,0,0,31,0,10257,31,0,0,0,51728,61146767584,323763527830
2022-01-08,Z305D6FC,0,87288040,12,0,882215862,51828,12,0,0,0,0,0,31,0,10257,31,0,0,0,51743,61157494400,323923033632
2022-01-09,Z305D6FC,0,209030392,12,0,884892986,51860,12,0,0,0,0,0,31,0,10257,31,0,0,0,51775,61169737424,324240012238
2022-01-10,Z305D6FC,0,183623928,12,0,887180709,51876,12,0,0,0,0,0,31,0,10257,31,0,0,0,51791,61178948904,324417356258
2022-01-11,Z305D6FC,0,175277016,12,0,888716771,51907,12,0,0,0,0,0,31,0,10257,31,0,0,0,51822,61193208672,324798397556
2022-01-12,Z305D6FC,0,228342792,12,0,891086377,51939,12,0,0,0,0,0,31,0,10258,31,0,0,0,51854,61201673352,325066995072
2022-01-13,Z305D6FC,0,113520064,12,0,892836194,51955,12,0,0,0,0,0,31,0,10258,31,0,0,0,51870,61209297248,325315788227
2022-01-14,Z305D6FC,0,226306792,12,0,894518935,51986,12,0,0,0,0,0,31,0,10258,31,0,0,0,51901,61222791744,325589356014
2022-01-15,Z305D6FC,0,8766704,12,0,895503808,52002,12,0,0,0,0,0,32,0,10258,32,0,0,0,51917,61231630088,325744178333
2022-01-16,Z305D6FC,0,181980320,12,0,897275978,52034,12,0,0,0,0,0,32,0,10258,32,0,0,0,51949,61243807416,326013365403
2022-01-17,Z305D6FC,0,123230144,12,0,899440985,52049,12,0,0,0,0,0,31,0,10258,31,0,0,0,51965,61250898848,326132245655
2022-01-18,Z305D6FC,0,225088488,12,0,901022650,52081,12,0,0,0,0,0,31,0,10258,31,0,0,0,51996,61269622456,326337930509
2022-01-19,Z305D6FC,0,118476328,12,0,902142909,52097,12,0,0,0,0,0,34,0,10258,34,0,0,0,52012,61280008144,326423403237
2022-01-20,Z305D6FC,0,231261032,12,0,905018952,52129,12,0,0,0,0,0,34,0,10258,34,0,0,0,52044,61304102760,326662521724
2022-01-21,Z305D6FC,0,172446680,12,0,905862626,52144,12,0,0,0,0,0,33,0,10258,33,0,0,0,52059,61317035528,326780106413
2022-01-22,Z305D6FC,0,110808648,12,0,906933867,52176,12,0,0,0,0,0,34,0,10258,34,0,0,0,52091,61344333664,326885942766
2022-01-23,Z305D6FC,0,86576200,12,0,908262788,52192,12,0,0,0,0,0,34,0,10258,34,0,0,0,52107,61370261504,327037884239
2022-01-24,Z305D6FC,0,4017808,12,0,911738583,52223,12,0,0,0,0,0,34,0,10258,34,0,0,0,52139,61402305256,327299762867
2022-01-25,Z305D6FC,0,147939328,12,0,912744961,52239,12,0,0,0,0,0,34,0,10258,34,0,0,0,52154,61418855408,327448327968
2022-01-26,Z305D6FC,0,13126552,12,0,915693460,52271,12,0,0,0,0,0,34,0,10258,34,0,0,0,52186,61434681744,327672598635
2022-01-27,Z305D6FC,0,142918832,12,0,917453572,52287,12,0,0,0,0,0,34,0,10258,34,0,0,0,52202,61443987936,327818299452
2022-01-28,Z305D6FC,0,234007800,12,0,918929464,52318,12,0,0,0,0,0,34,0,10258,34,0,0,0,52234,61463323960,328004515082
2022-01-29,Z305D6FC,0,190789808,12,0,919629948,52334,12,0,0,0,0,0,34,0,10258,34,0,0,0,52249,61472441984,328090374194
2022-01-30,Z305D6FC,0,23219640,12,0,921457903,52366,12,0,0,0,0,0,34,0,10258,34,0,0,0,52281,61497591824,328334955320
2022-01-31,Z305D6FC,0,141178952,12,0,923671862,52382,12,0,0,0,0,0,34,0,10258,34,0,0,0,52297,61505747680,328438789736
2022-02-01,Z305D6FC,0,231346928,12,0,924924169,52414,12,0,0,0,0,0,30,0,10258,30,0,0,0,52329,61520352432,328615526696
2022-02-02,Z305D6FC,0,109410040,12,0,926919721,52445,12,0,0,0,0,0,31,0,10259,31,0,0,0,52360,61541866280,328753496136
2022-02-03,Z305D6FC,0,168486336,12,0,927850124,52461,12,0,0,0,0,0,31,0,10259,31,0,0,0,52376,61551794096,328896229225
2022-02-04,Z305D6FC,0,219787408,12,0,930330060,52493,12,0,0,0,0,0,31,0,10259,31,0,0,0,52408,61575654960,329267189769
2022-02-05,Z305D6FC,0,88209536,12,0,931398923,52509,12,0,0,0,0,0,31,0,10259,31,0,0,0,52424,61593957936,329463730785
2022-02-06,Z305D6FC,0,219440592,12,0,933885424,52540,12,0,0,0,0,0,31,0,10259,31,0,0,0,52456,61616735984,329905938654
2022-02-07,Z305D6FC,0,216097632,12,0,936030758,52556,12,0,0,0,0,0,31,0,10259,31,0,0,0,52471,61624171720,330092347642
2022-02-08,Z305D6FC,0,194618544,12,0,938832670,52588,12,0,0,0,0,0,30,0,10259,30,0,0,0,52503,61642465760,330317423038
2022-02-09,Z305D6FC,0,40964136,12,0,940232960,52604,12,0,0,0,0,0,31,0,10259,31,0,0,0,52519,61650291032,330381778898
2022-02-10,Z305D6FC,0,12560312,12,0,942321071,52635,12,0,0,0,0,0,31,0,10260,31,0,0,0,52550,61669694528,330694333235
2022-02-11,Z305D6FC,0,48629944,12,0,943539279,52651,12,0,0,0,0,0,31,0,10260,31,0,0,0,52566,61680976352,330890910176
2022-02-12,Z305D6FC,0,39743168,12,0,945134605,52683,12,0,0,0,0,0,31,0,10262,31,0,0,0,52598,61694443464,331148255081
2022-02-13,Z305D6FC,0,61078528,12,0,946209173,52699,12,0,0,0,0,0,31,0,10262,31,0,0,0,52614,61715573792,331337746840
2022-02-14,Z305D6FC,0,54975952,12,0,949569886,52730,12,0,0,0,0,0,31,0,10262,31,0,0,0,52646,61739150664,331697879629
2022-02-15,Z305D6FC,0,226799648,12,0,950271459,52746,12,0,0,0,0,0,31,0,10262,31,0,0,0,52661,61747089192,331835792230
2022-02-16,Z305D6FC,0,211664120,12,0,952648025,52778,12,0,0,0,0,0,31,0,10262,31,0,0,0,52693,61774180024,332020882183
2022-02-17,Z305D6FC,0,230996216,12,0,953706526,52794,12,0,0,0,0,0,31,0,10262,31,0,0,0,52709,61785105960,332173659935
2022-02-18,Z305D6FC,0,98249560,12,0,955573313,52825,12,0,0,0,0,0,32,0,10263,32,0,0,0,52740,61796270144,332557153847
2022-02-19,Z305D6FC,0,178587872,12,0,956402572,52841,12,0,0,0,0,0,32,0,10263,32,0,0,0,52756,61801732976,332733074097
2022-02-20,Z305D6FC,0,103865384,12,0,958162298,52873,12,0,0,0,0,0,32,0,10263,32,0,0,0,52788,61807756016,333046468979
2022-02-21,Z305D6FC,0,39959776,12,0,960331893,52889,12,0,0,0,0,0,32,0,10263,32,0,0,0,52804,61809790464,333201691090
2022-02-22,Z305D6FC,0,132395168,12,0,961998407,52921,12,0,0,0,0,0,32,0,10263,32,0,0,0,52836,61815389856,333497958104
2022-02-23,Z305D6FC,0,8712824,12,0,962956085,52937,12,0,0,0,0,0,31,0,10266,31,0,0,0,52852,61818287200,333600426294
2022-02-24,Z305D6FC,0,212226992,12,0,965730626,52968,12,0,0,0,0,0,32,0,10267,32,0,0,0,52883,61823655160,333833206204
2022-02-25,Z305D6FC,0,238565168,12,0,967088278,52984,12,0,0,0,0,0,32,0,10267,32,0,0,0,52899,61831731168,333997315223
2022-02-26,Z305D6FC,0,108240952,12,0,968727519,53016,12,0,0,0,0,0,31,0,10267,31,0,0,0,52931,61838517584,334307843048
2022-02-27,Z305D6FC,0,128265952,12,0,970348950,53032,12,0,0,0,0,0,31,0,10267,31,0,0,0,52947,61841810352,334476532005
2022-02-28,Z305D6FC,0,109100312,12,0,974646164,53063,12,0,0,0,0,0,31,0,10267,31,0,0,0,52978,61851490624,334921782324
2022-03-01,Z305D6FC,0,236514616,12,0,975586126,53079,12,0,0,0,0,0,31,0,10267,31,0,0,0,52994,61855737152,335121427072
2022-03-02,Z305D6FC,0,141826896,12,0,978581447,53111,12,0,0,0,0,0,31,0,10267,31,0,0,0,53026,61871370840,335429422879
2022-03-03,Z305D6FC,0,16021000,12,0,980528600,53142,12,0,0,0,0,0,32,0,10269,32,0,0,0,53057,61879669536,335678935045
2022-03-04,Z305D6FC,0,235740528,12,0,981411612,53158,12,0,0,0,0,0,31,0,10271,31,0,0,0,53073,61884270616,335832689057
2022-03-05,Z305D6FC,0,150046000,12,0,983407628,53189,12,0,0,0,0,0,32,0,10278,32,0,0,0,53104,61892158960,336070500665
2022-03-06,Z305D6FC,0,101841120,12,0,985168424,53204,12,0,0,0,0,0,32,0,10278,32,0,0,0,53119,61901378304,336139739912
2022-03-07,Z305D6FC,0,131521192,13,0,988116395,53236,13,0,0,0,0,0,31,0,10290,31,0,0,0,53151,61914572520,336368347232
2022-03-08,Z305D6FC,0,151923208,13,0,988842247,53252,13,0,0,0,0,0,31,0,10290,31,0,0,0,53166,61921718056,336462105653
2022-03-09,Z305D6FC,0,187977048,13,0,991132203,53283,13,0,0,0,0,0,32,0,10290,32,0,0,0,53198,61933026904,336615561354
2022-03-10,Z305D6FC,0,177768248,13,0,992224268,53299,13,0,0,0,0,0,33,0,10290,33,0,0,0,53214,61940523528,336732466863
2022-03-11,Z305D6FC,0,128346872,13,0,993677469,53331,13,0,0,0,0,0,32,0,10290,32,0,0,0,53246,61953919848,336890737919
2022-03-12,Z305D6FC,0,82030712,13,0,994218075,53347,13,0,0,0,0,0,32,0,10290,32,0,0,0,53261,61961571920,336956284130
2022-03-13,Z305D6FC,0,38942704,13,0,996736858,53378,13,0,0,0,0,0,33,0,10290,33,0,0,0,53293,61973704168,337252161309
2022-03-14,Z305D6FC,0,76227648,13,0,998729410,53394,13,0,0,0,0,0,33,0,10290,33,0,0,0,53309,61981205336,337367603386
2022-03-15,Z305D6FC,0,52351768,13,0,380410,53426,13,0,0,0,0,0,33,0,10290,33,0,0,0,53341,61995652680,337615260564
2022-03-16,Z305D6FC,0,171446920,13,0,1377362,53442,13,0,0,0,0,0,33,0,10290,33,0,0,0,53357,62002662584,337690424577
2022-03-17,Z305D6FC,0,169909816,13,0,3770646,53474,13,0,0,0,0,0,32,0,10291,32,0,0,0,53388,62021013656,337869511671
2022-03-18,Z305D6FC,0,226118560,13,0,4434968,53489,13,0,0,0,0,0,32,0,10291,32,0,0,0,53404,62027281304,337950766480
2022-03-19,Z305D6FC,0,108107896,13,0,6280059,53521,13,0,0,0,0,0,33,0,10291,33,0,0,0,53436,62041369272,338199544422
2022-03-20,Z305D6FC,0,205391704,13,0,7004368,53537,13,0,0,0,0,0,32,0,10291,32,0,0,0,53452,62051660840,338275163459
2022-03-21,Z305D6FC,0,156068072,13,0,10098249,53568,13,0,0,0,0,0,33,0,10291,33,0,0,0,53483,62065134640,338496269149
2022-03-22,Z305D6FC,0,59196496,13,0,10685064,53584,13,0,0,0,0,0,32,0,10291,32,0,0,0,53499,62073251304,338573815323
2022-03-23,Z305D6FC,0,136915768,13,0,12800401,53616,13,0,0,0,0,0,33,0,10293,33,0,0,0,53530,62086568856,338732963201
2022-03-24,Z305D6FC,0,128679088,13,0,13856234,53632,13,0,0,0,0,0,33,0,10293,33,0,0,0,53546,62094290632,338896108559
2022-03-25,Z305D6FC,0,107660136,13,0,16104697,53663,13,0,0,0,0,0,32,0,10293,32,0,0,0,53578,62111371224,339276135834
2022-03-26,Z305D6FC,0,35979968,13,0,17335003,53679,13,0,0,0,0,0,33,0,10293,33,0,0,0,53594,62121030016,339579677797
2022-03-27,Z305D6FC,0,166742272,13,0,18961046,53711,13,0,0,0,0,0,33,0,10293,33,0,0,0,53625,62137460952,339855702212
2022-03-28,Z305D6FC,0,203810488,13,0,21373400,53726,13,0,0,0,0,0,33,0,10293,33,0,0,0,53641,62147311880,340042480749
2022-03-29,Z305D6FC,0,127800576,13,0,23819222,53758,13,0,0,0,0,0,33,0,10293,33,0,0,0,53673,62166669024,340442009651
2022-03-30,Z305D6FC,0,88855832,13,0,24913480,53774,13,0,0,0,0,0,32,0,10293,32,0,0,0,53689,62173959776,340558363515
2022-03-31,Z305D6FC,0,234969448,13,0,28534599,53806,13,0,0,0,0,0,33,0,10294,33,0,0,0,53721,62188007424,340777763551
2022-04-01,Z305D6FC,0,75215288,13,0,29436806,53822,13,0,0,0,0,0,33,0,10294,33,0,0,0,53736,62192782496,340945087385
2022-04-02,Z305D6FC,0,161473816,13,0,31047125,53853,13,0,0,0,0,0,32,0,10294,32,0,0,0,53768,62201142168,341271291033
2022-04-03,Z305D6FC,0,108650888,13,0,32920322,53885,13,0,0,0,0,0,33,0,10294,33,0,0,0,53800,62210431384,341559783379
2022-04-04,Z305D6FC,0,353768,13,0,35000469,53901,13,0,0,0,0,0,33,0,10294,33,0,0,0,53816,62215655784,341763682498
2022-04-05,Z305D6FC,0,239405216,13,0,36870183,53933,13,0,0,0,0,0,32,0,10294,32,0,0,0,53848,62227854016,342139002173
2022-04-06,Z305D6FC,0,43322272,13,0,38424806,53949,13,0,0,0,0,0,32,0,10295,32,0,0,0,53863,62235035576,342227340282
2022-04-07,Z305D6FC,0,63269752,13,0,40064682,53980,13,0,0,0,0,0,32,0,10296,32,0,0,0,53895,62246456712,342524465742
2022-04-08,Z305D6FC,0,87507960,13,0,40918417,53996,13,0,0,0,0,0,33,0,10296,33,0,0,0,53911,62251311016,342674316816
2022-04-09,Z305D6FC,0,157456200,13,0,42801739,54028,13,0,0,0,0,0,32,0,10296,32,0,0,0,53942,62261346336,342984097159
2022-04-10,Z305D6FC,0,37513200,13,0,43995201,54044,13,0,0,0,0,0,32,0,10296,32,0,0,0,53958,62267202680,343137864954
2022-04-11,Z305D6FC,0,123550480,13,0,47760939,54075,13,0,0,0,0,0,33,0,10296,33,0,0,0,53990,62282627672,343492080060
2022-04-12,Z305D6FC,0,148005712,13,0,48619227,54091,13,0,0,0,0,0,32,0,10296,32,0,0,0,54006,62290627512,343642168572
2022-04-13,Z305D6FC,0,131277472,13,0,50506326,54123,13,0,0,0,0,0,33,0,10297,33,0,0,0,54037,62303130312,343865065009
2022-04-14,Z305D6FC,0,201641112,13,0,51126534,54138,13,0,0,0,0,0,32,0,10297,32,0,0,0,54053,62309045616,344011329365
2022-04-15,Z305D6FC,0,134553672,13,0,52460764,54170,13,0,0,0,0,0,32,0,10297,32,0,0,0,54085,62317370992,344404743903
2022-04-16,Z305D6FC,0,108781752,13,0,54059320,54186,13,0,0,0,0,0,33,0,10297,33,0,0,0,54100,62321119272,344719182089
2022-04-17,Z305D6FC,0,154141408,13,0,59951634,54217,13,0,0,0,0,0,33,0,10297,33,0,0,0,54132,62321753600,345874620045
2022-04-18,Z305D6FC,0,225345824,13,0,62499171,54233,13,0,0,0,0,0,33,0,10297,33,0,0,0,54148,62327160456,346096483549
2022-04-19,Z305D6FC,0,236563120,13,0,64593952,54265,13,0,0,0,0,0,32,0,10297,32,0,0,0,54180,62344210528,346399106894
2022-04-20,Z305D6FC,0,206848240,13,0,65690120,54281,13,0,0,0,0,0,33,0,10297,33,0,0,0,54195,62348232376,346478043666
2022-04-21,Z305D6FC,0,99059424,13,0,67724209,54312,13,0,0,0,0,0,32,0,10300,32,0,0,0,54227,62358158720,346734285445
2022-04-22,Z305D6FC,0,43486680,13,0,68436700,54328,13,0,0,0,0,0,32,0,10300,32,0,0,0,54243,62362574728,346830228735
2022-04-23,Z305D6FC,0,70096736,13,0,69901250,54360,13,0,0,0,0,0,32,0,10300,32,0,0,0,54274,62377631552,347029744233
2022-04-24,Z305D6FC,0,159130880,13,0,70890434,54375,13,0,0,0,0,0,33,0,10300,33,0,0,0,54290,62384067368,347162142056
2022-04-25,Z305D6FC,0,164243904,13,0,74055635,54407,13,0,0,0,0,0,32,0,10300,32,0,0,0,54322,62398058992,347362350711
2022-04-26,Z305D6FC,0,93774728,13,0,74674871,54423,13,0,0,0,0,0,32,0,10300,32,0,0,0,54337,62403270728,347442406539
2022-04-27,Z305D6FC,0,58496864,13,0,78555585,54454,13,0,0,0,0,0,32,0,10301,32,0,0,0,54369,62413957160,347686331825
2022-04-28,Z305D6FC,0,17396016,13,0,79119934,54470,13,0,0,0,0,0,33,0,10301,33,0,0,0,54385,62420031216,347785917423
2022-04-29,Z305D6FC,0,5794152,13,0,80454520,54502,13,0,0,0,0,0,33,0,10302,33,0,0,0,54416,62430317320,348000869145
2022-04-30,Z305D6FC,0,115268168,13,0,81249767,54518,13,0,0,0,0,0,33,0,10302,33,0,0,0,54432,62437114544,348118545735
2022-05-01,Z305D6FC,0,228395392,13,0,82699093,54549,13,0,0,0,0,0,33,0,10303,33,0,0,0,54464,62450154344,348299911170
2022-05-02,Z305D6FC,0,185684456,13,0,84918754,54565,13,0,0,0,0,0,33,0,10303,33,0,0,0,54480,62457145168,348405647976
2022-05-03,Z305D6FC,0,1371704,13,0,86688555,54597,13,0,0,0,0,0,33,0,10303,33,0,0,0,54512,62474125896,348638854170
2022-05-04,Z305D6FC,0,152534480,13,0,88431038,54628,13,0,0,0,0,0,33,0,10304,33,0,0,0,54543,62490039848,348767803945
2022-05-05,Z305D6FC,0,156180592,13,0,89134055,54644,13,0,0,0,0,0,33,0,10304,33,0,0,0,54559,62497888520,348865907208
2022-05-06,Z305D6FC,0,227515336,13,0,89671990,54660,13,0,0,0,0,0,33,0,10304,33,0,0,0,54575,62503460632,348939140356
2022-05-07,Z305D6FC,0,57339192,13,0,91121218,54692,13,0,0,0,0,0,33,0,10306,33,0,0,0,54606,62519464808,349143898121
2022-05-08,Z305D6FC,0,88968384,13,0,93486111,54723,13,0,0,0,0,0,34,0,10308,34,0,0,0,54637,62535488400,349480844417
2022-05-09,Z305D6FC,0,57960832,13,0,96046212,54738,13,0,0,0,0,0,33,0,10308,33,0,0,0,54653,62549476952,349783278340
2022-05-10,Z305D6FC,0,189183440,14,0,97031481,54754,14,0,0,0,0,0,33,0,10320,33,0,0,0,54668,62563108760,349995989454
2022-05-11,Z305D6FC,0,194957928,14,0,98907442,54786,14,0,0,0,0,0,33,0,10321,33,0,0,0,54700,62574464216,350193797946
2022-05-12,Z305D6FC,0,180494088,14,0,101359615,54817,14,0,0,0,0,0,33,0,10321,33,0,0,0,54731,62590944352,350453229850
2022-05-13,Z305D6FC,0,97151176,14,0,102304414,54833,14,0,0,0,0,0,33,0,10321,33,0,0,0,54747,62596718376,350640323716
2022-05-14,Z305D6FC,0,8722368,14,0,105119880,54865,14,0,0,0,0,0,33,0,10321,33,0,0,0,54779,62607867528,350955679203
2022-05-15,Z305D6FC,0,64741032,14,0,106009288,54881,14,0,0,0,0,0,33,0,10321,33,0,0,0,54795,62614457512,351109190340
2022-05-16,Z305D6FC,0,17194688,14,0,109381513,54913,14,0,0,0,0,0,33,0,10321,33,0,0,0,54827,62627615128,351469699517
2022-05-17,Z305D6FC,0,88520112,14,0,110092858,54928,14,0,0,0,0,0,33,0,10321,33,0,0,0,54843,62633836776,351598844720
2022-05-18,Z305D6FC,0,40704408,14,0,112303833,54960,14,0,0,0,0,0,30,0,10322,30,0,0,0,54874,62644806528,351804307419
2022-05-19,Z305D6FC,0,158748504,14,0,113077989,54976,14,0,0,0,0,0,33,0,10322,33,0,0,0,54890,62651084672,351968314365
2022-05-20,Z305D6FC,0,22504112,14,0,114940273,55008,14,0,0,0,0,0,30,0,10322,30,0,0,0,54922,62664975536,352335951281
2022-05-21,Z305D6FC,0,166540800,14,0,115825208,55023,14,0,0,0,0,0,33,0,10322,33,0,0,0,54938,62673095384,352496228168
2022-05-22,Z305D6FC,0,130070744,14,0,117531503,55055,14,0,0,0,0,0,33,0,10322,33,0,0,0,54969,62691408504,352787575611
2022-05-23,Z305D6FC,0,108484224,14,0,120066418,55071,14,0,0,0,0,0,34,0,10322,34,0,0,0,54985,62700333128,352973408758
2022-05-24,Z305D6FC,0,14339200,14,0,122454108,55103,14,0,0,0,0,0,31,0,10322,31,0,0,0,55017,62714458144,353276759824
2022-05-25,Z305D6FC,0,208782904,14,0,123529685,55118,14,0,0,0,0,0,33,0,10322,33,0,0,0,55033,62721899576,353391233543
2022-05-26,Z305D6FC,0,6373160,14,0,125351136,55150,14,0,0,0,0,0,31,0,10324,31,0,0,0,55064,62733065896,353650361944
2022-05-27,Z305D6FC,0,161770768,14,0,126062950,55166,14,0,0,0,0,0,33,0,10324,33,0,0,0,55080,62740027928,353790675364
2022-05-28,Z305D6FC,0,113866888,14,0,127411723,55197,14,0,0,0,0,0,33,0,10324,33,0,0,0,55112,62753268840,354084077320
2022-05-29,Z305D6FC,0,71067776,14,0,128054482,55213,14,0,0,0,0,0,32,0,10324,32,0,0,0,55127,62760551496,354267449815
2022-05-30,Z305D6FC,0,21968216,14,0,131548962,55245,14,0,0,0,0,0,33,0,10324,33,0,0,0,55159,62774006264,354694989101
2022-05-31,Z305D6FC,0,136381912,14,0,132851564,55261,14,0,0,0,0,0,33,0,10324,33,0,0,0,55175,62782318056,354909743478
2022-06-01,Z305D6FC,0,60856488,14,0,135365698,55292,14,0,0,0,0,0,33,0,10324,33,0,0,0,55206,62799296024,355138149777
2022-06-02,Z305D6FC,0,43029040,14,0,136422328,55308,14,0,0,0,0,0,33,0,10341,33,0,0,0,55222,62806419416,355218866963
2022-06-03,Z305D6FC,0,65446336,14,0,138053161,55340,14,0,0,0,0,0,33,0,10342,33,0,0,0,55254,62821620304,355488550842
2022-06-04,Z305D6FC,0,226243632,14,0,138967566,55356,14,0,0,0,0,0,33,0,10342,33,0,0,0,55270,62829720120,355614347595
2022-06-05,Z305D6FC,0,7978312,14,0,140510541,55388,14,0,0,0,0,0,33,0,10342,33,0,0,0,55301,62846417184,355811238728
2022-06-07,Z305D6FC,0,238271872,14,0,144860186,55435,14,0,0,0,0,0,33,0,10342,33,0,0,0,55349,62869746224,356172112314
2022-06-08,Z305D6FC,0,136214664,14,0,147172088,55467,14,0,0,0,0,0,32,0,10342,32,0,0,0,55381,62882390008,356270254128
2022-06-09,Z305D6FC,0,27046480,14,0,147894037,55483,14,0,0,0,0,0,33,0,10344,33,0,0,0,55397,62889078304,356381940745
2022-06-10,Z305D6FC,0,42700304,14,0,149749483,55514,14,0,0,0,0,0,32,0,10344,32,0,0,0,55428,62904242528,356626670547
2022-06-11,Z305D6FC,0,120164496,14,0,150470033,55530,14,0,0,0,0,0,32,0,10344,32,0,0,0,55444,62913227880,356736918814
2022-06-12,Z305D6FC,0,22817680,14,0,152379080,55562,14,0,0,0,0,0,31,0,10344,31,0,0,0,55476,62928833376,356996312052
2022-06-13,Z305D6FC,0,24931336,14,0,154776828,55578,14,0,0,0,0,0,33,0,10344,33,0,0,0,55491,62938299128,357120169138
2022-06-14,Z305D6FC,0,48197720,14,0,158521155,55609,14,0,0,0,0,0,33,0,10344,33,0,0,0,55523,62951413928,357357430842
2022-06-15,Z305D6FC,0,164221448,14,0,159417868,55625,14,0,0,0,0,0,33,0,10344,33,0,0,0,55539,62958552168,357438661009
2022-06-16,Z305D6FC,0,193666928,14,0,161552250,55657,14,0,0,0,0,0,31,0,10346,31,0,0,0,55571,62972913672,357579598065
2022-06-17,Z305D6FC,0,137338904,14,0,162196584,55673,14,0,0,0,0,0,33,0,10346,33,0,0,0,55586,62978720880,357657078329
2022-06-18,Z305D6FC,0,134035992,14,0,163320240,55704,14,0,0,0,0,0,33,0,10346,33,0,0,0,55618,62993632040,357807591525
2022-06-19,Z305D6FC,0,140464584,14,0,163847628,55720,14,0,0,0,0,0,33,0,10346,33,0,0,0,55634,63003757168,357857595198
2022-06-20,Z305D6FC,0,66403072,14,0,167642817,55752,14,0,0,0,0,0,33,0,10346,33,0,0,0,55666,63017581888,358219252316
2022-06-21,Z305D6FC,0,54028088,14,0,168653268,55768,14,0,0,0,0,0,33,0,10346,33,0,0,0,55681,63024235400,358374240823
2022-06-22,Z305D6FC,0,215105768,14,0,171095980,55800,14,0,0,0,0,0,32,0,10348,32,0,0,0,55713,63044553240,358763080595
2022-06-23,Z305D6FC,0,114166504,14,0,171868102,55815,14,0,0,0,0,0,32,0,10348,32,0,0,0,55729,63053261032,358903171771
2022-06-24,Z305D6FC,0,128103192,14,0,173793186,55847,14,0,0,0,0,0,32,0,10348,32,0,0,0,55761,63073373808,359198089804
2022-06-25,Z305D6FC,0,202026728,14,0,174632249,55863,14,0,0,0,0,0,33,0,10348,33,0,0,0,55777,63082055232,359351394302
2022-06-26,Z305D6FC,0,53827456,14,0,176817726,55895,14,0,0,0,0,0,31,0,10348,31,0,0,0,55808,63099820176,359718873352
2022-06-27,Z305D6FC,0,44268552,14,0,179080040,55910,14,0,0,0,0,0,33,0,10348,33,0,0,0,55824,63106808872,359853818516
2022-06-28,Z305D6FC,0,92843880,14,0,180970502,55942,14,0,0,0,0,0,31,0,10348,31,0,0,0,55856,63117616160,360219189999
2022-06-29,Z305D6FC,0,14012552,14,0,181721115,55958,14,0,0,0,0,0,32,0,10348,32,0,0,0,55872,63121310880,360325100578
2022-06-30,Z305D6FC,0,233514760,14,0,183346225,55990,14,0,0,0,0,0,31,0,10349,31,0,0,0,55903,63132824472,360573129105
2022-07-01,Z305D6FC,0,38591392,14,0,184112937,56006,14,0,0,0,0,0,33,0,10349,33,0,0,0,55919,63138791032,360742522263
2022-07-02,Z305D6FC,0,164701240,14,0,185873947,56037,14,0,0,0,0,0,33,0,10349,33,0,0,0,55951,63154848488,361101111145
2022-07-03,Z305D6FC,0,223572440,14,0,186776315,56053,14,0,0,0,0,0,33,0,10349,33,0,0,0,55967,63177003512,361259878330
2022-07-04,Z305D6FC,0,105489896,14,0,190302874,56085,14,0,0,0,0,0,33,0,10349,33,0,0,0,55998,63191699032,361610227357
2022-07-05,Z305D6FC,0,12988464,14,0,191215783,56101,14,0,0,0,0,0,33,0,10349,33,0,0,0,56014,63197541440,361766374168
2022-07-06,Z305D6FC,0,55945648,14,0,193805685,56132,14,0,0,0,0,0,33,0,10349,33,0,0,0,56046,63211090152,362011552011
2022-07-07,Z305D6FC,0,183219760,14,0,195223493,56148,14,0,0,0,0,0,33,0,10349,33,0,0,0,56062,63218313512,362101322872
2022-07-08,Z305D6FC,0,1418144,14,0,196932666,56180,14,0,0,0,0,0,33,0,10350,33,0,0,0,56093,63228177672,362424145595
2022-07-09,Z305D6FC,0,228059816,14,0,199074169,56195,14,0,0,0,0,0,33,0,10350,33,0,0,0,56109,63234747960,362582010337
2022-07-10,Z305D6FC,0,207139688,14,0,200464853,56227,14,0,0,0,0,0,32,0,10350,32,0,0,0,56141,63243391336,362896418834
2022-07-11,Z305D6FC,0,200936624,14,0,203491229,56259,14,0,0,0,0,0,31,0,10350,31,0,0,0,56172,63255458848,363258570466
2022-07-12,Z305D6FC,0,177042520,14,0,204038321,56274,14,0,0,0,0,0,31,0,10350,31,0,0,0,56188,63262758976,363424752436
2022-07-13,Z305D6FC,0,142525744,14,0,206442677,56306,14,0,0,0,0,0,31,0,10351,31,0,0,0,56220,63281888016,363729859093
2022-07-14,Z305D6FC,0,42498264,14,0,207869223,56322,14,0,0,0,0,0,33,0,10351,33,0,0,0,56236,63286380768,363956759792
2022-07-15,Z305D6FC,0,118120656,14,0,209590310,56354,14,0,0,0,0,0,31,0,10351,31,0,0,0,56267,63302111224,364236433731
2022-07-16,Z305D6FC,0,239113368,14,0,210298126,56370,14,0,0,0,0,0,33,0,10351,33,0,0,0,56283,63308749560,364347439821
2022-07-17,Z305D6FC,0,57969832,14,0,212218010,56401,14,0,0,0,0,0,32,0,10351,32,0,0,0,56315,63327618296,364612682493
2022-07-18,Z305D6FC,0,118019928,14,0,214312952,56417,14,0,0,0,0,0,33,0,10351,33,0,0,0,56331,63335922544,364721750569
2022-07-19,Z305D6FC,0,227773296,14,0,216194501,56449,14,0,0,0,0,0,31,0,10351,31,0,0,0,56362,63351400544,364979716291
2022-07-20,Z305D6FC,0,229044712,14,0,217464228,56465,14,0,0,0,0,0,32,0,10351,32,0,0,0,56378,63356367192,365060681096
2022-07-21,Z305D6FC,0,235649512,14,0,218715715,56496,14,0,0,0,0,0,31,0,10352,31,0,0,0,56410,63369374416,365196363556
2022-07-22,Z305D6FC,0,63851032,14,0,219640998,56512,14,0,0,0,0,0,33,0,10352,33,0,0,0,56426,63376611344,365315039771
2022-07-23,Z305D6FC,0,206983184,14,0,221231440,56544,14,0,0,0,0,0,31,0,10352,31,0,0,0,56457,63389613208,365529762833
2022-07-24,Z305D6FC,0,62644064,14,0,222045803,56560,14,0,0,0,0,0,32,0,10352,32,0,0,0,56473,63393936520,365674356073
2022-07-25,Z305D6FC,0,49451720,14,0,225423309,56591,14,0,0,0,0,0,31,0,10352,31,0,0,0,56505,63408931880,365957233584
2022-07-26,Z305D6FC,0,22800368,14,0,226022713,56607,14,0,0,0,0,0,33,0,10352,33,0,0,0,56521,63415430080,366027481937
2022-07-27,Z305D6FC,0,139205632,14,0,228430817,56639,14,0,0,0,0,0,31,0,10354,31,0,0,0,56552,63426887032,366199145512
2022-07-28,Z305D6FC,0,51594032,14,0,229369596,56655,14,0,0,0,0,0,32,0,10354,32,0,0,0,56568,63432774088,366339776388
2022-07-29,Z305D6FC,0,103331344,14,0,230590210,56686,14,0,0,0,0,0,31,0,10354,31,0,0,0,56600,63444200480,366509158518
2022-07-30,Z305D6FC,0,209323680,14,0,231192517,56702,14,0,0,0,0,0,33,0,10354,33,0,0,0,56616,63459474784,366586960710
2022-07-31,Z305D6FC,0,21989472,14,0,232536843,56734,14,0,0,0,0,0,33,0,10354,33,0,0,0,56647,63472665424,366786562784
2022-08-01,Z305D6FC,0,124019760,14,0,235142270,56750,14,0,0,0,0,0,33,0,10354,33,0,0,0,56663,63480698344,367004411301
2022-08-02,Z305D6FC,0,14205720,14,0,237603335,56781,14,0,0,0,0,0,33,0,10354,33,0,0,0,56695,63494123216,367455481301
2022-08-03,Z305D6FC,0,154504648,14,0,239918126,56813,14,0,0,0,0,0,32,0,10355,32,0,0,0,56726,63506937056,367705740141
2022-08-04,Z305D6FC,0,2048824,14,0,240589552,56829,14,0,0,0,0,0,31,0,10355,31,0,0,0,56742,63511746928,367823479036
2022-08-05,Z305D6FC,0,31740792,14,0,242454907,56860,14,0,0,0,0,0,33,0,10355,33,0,0,0,56774,63523241456,368137778213
2022-08-06,Z305D6FC,0,119733920,14,0,243527199,56876,14,0,0,0,0,0,33,0,10355,33,0,0,0,56790,63529540944,368349016929
2022-08-07,Z305D6FC,0,144810000,14,0,245524251,56908,14,0,0,0,0,0,33,0,10355,33,0,0,0,56822,63543484384,368606099628
2022-08-08,Z305D6FC,0,5381360,14,0,247761307,56924,14,0,0,0,0,0,32,0,10355,32,0,0,0,56837,63554760576,368796308466
2022-08-09,Z305D6FC,0,33573152,14,0,250045675,56955,14,0,0,0,0,0,32,0,10355,32,0,0,0,56869,63566442216,369135411154
2022-08-10,Z305D6FC,0,55698632,14,0,251122046,56971,14,0,0,0,0,0,32,0,10355,32,0,0,0,56885,63572792032,369202232633
2022-08-11,Z305D6FC,0,128833832,14,0,253903067,57003,14,0,0,0,0,0,31,0,10355,31,0,0,0,56917,63583141304,369333294416
2022-08-12,Z305D6FC,0,37120288,14,0,255028936,57019,14,0,0,0,0,0,33,0,10355,33,0,0,0,56932,63589585536,369395435818
2022-08-13,Z305D6FC,0,140472264,14,0,258708303,57051,14,0,0,0,0,0,30,0,10355,30,0,0,0,56964,63606125520,369506790331
2022-08-14,Z305D6FC,0,127204440,14,0,260376562,57066,14,0,0,0,0,0,33,0,10355,33,0,0,0,56980,63616499328,369599269101
2022-08-15,Z305D6FC,0,112027040,14,0,263925022,57098,14,0,0,0,0,0,31,0,10355,31,0,0,0,57012,63628585624,370004503382
2022-08-16,Z305D6FC,0,100159680,14,0,264832492,57114,14,0,0,0,0,0,32,0,10355,32,0,0,0,57028,63635368648,370177781476
2022-08-17,Z305D6FC,0,170977768,14,0,266557964,57146,14,0,0,0,0,0,31,0,10356,31,0,0,0,57059,63645959384,370393434408
2022-08-18,Z305D6FC,0,82637032,14,0,267403998,57161,14,0,0,0,0,0,32,0,10356,32,0,0,0,57075,63652158632,370557080428
2022-08-19,Z305D6FC,0,60704288,14,0,269283168,57193,14,0,0,0,0,0,31,0,10356,31,0,0,0,57107,63668082504,370858415596
2022-08-20,Z305D6FC,0,225534344,14,0,271020093,57209,14,0,0,0,0,0,32,0,10356,32,0,0,0,57123,63673903520,371021689367
2022-08-21,Z305D6FC,0,223777144,14,0,272966743,57241,14,0,0,0,0,0,31,0,10356,31,0,0,0,57154,63685283264,371359345564
2022-08-22,Z305D6FC,0,138875496,14,0,275165386,57256,14,0,0,0,0,0,32,0,10356,32,0,0,0,57170,63690650832,371519791959
2022-08-23,Z305D6FC,0,159932240,14,0,276504770,57288,14,0,0,0,0,0,31,0,10356,31,0,0,0,57202,63702812776,371829030443
2022-08-24,Z305D6FC,0,177058160,14,0,277718725,57304,14,0,0,0,0,0,33,0,10356,33,0,0,0,57218,63716828872,371953256515
2022-08-25,Z305D6FC,0,84255192,14,0,279543751,57336,14,0,0,0,0,0,31,0,10357,31,0,0,0,57249,63732805112,372229031058
2022-08-26,Z305D6FC,0,236075600,14,0,280257465,57352,14,0,0,0,0,0,32,0,10357,32,0,0,0,57265,63739683032,372424081106
2022-08-27,Z305D6FC,0,145508560,14,0,281699168,57383,14,0,0,0,0,0,31,0,10357,31,0,0,0,57297,63752295448,372809256187
2022-08-28,Z305D6FC,0,198098176,14,0,283265874,57399,14,0,0,0,0,0,32,0,10357,32,0,0,0,57313,63762555360,373052724527
2022-08-29,Z305D6FC,0,61426104,14,0,286796291,57431,14,0,0,0,0,0,31,0,10357,31,0,0,0,57344,63775449056,373371680962
2022-08-30,Z305D6FC,0,123371048,14,0,287503969,57447,14,0,0,0,0,0,32,0,10357,32,0,0,0,57360,63782070512,373489187470
2022-08-31,Z305D6FC,0,176866512,14,0,290224177,57478,14,0,0,0,0,0,31,0,10359,31,0,0,0,57392,63799350408,373732140378
2022-09-01,Z305D6FC,0,172137272,14,0,291505066,57494,14,0,0,0,0,0,32,0,10359,32,0,0,0,57407,63812093608,373858087737
2022-09-02,Z305D6FC,0,172589768,14,0,294219593,57526,14,0,0,0,0,0,31,0,10359,31,0,0,0,57439,63840192104,374091481242
2022-09-03,Z305D6FC,0,37788112,14,0,295648581,57541,14,0,0,0,0,0,32,0,10359,32,0,0,0,57455,63851898560,374239747761
2022-09-04,Z305D6FC,0,140952632,14,0,296939100,57573,14,0,0,0,0,0,32,0,10359,32,0,0,0,57487,63864934704,374384701332
2022-09-05,Z305D6FC,0,185184656,14,0,300754659,57605,14,0,0,0,0,0,31,0,10359,31,0,0,0,57518,63880857528,374677980950
2022-09-06,Z305D6FC,0,221328888,14,0,301228265,57621,14,0,0,0,0,0,31,0,10359,31,0,0,0,57534,63887465248,374764247970
2022-09-07,Z305D6FC,0,161538968,14,0,303358375,57652,14,0,0,0,0,0,31,0,10359,31,0,0,0,57566,63915898448,374923227599
2022-09-08,Z305D6FC,0,170195792,14,0,304434587,57668,14,0,0,0,0,0,31,0,10361,31,0,0,0,57582,63923211440,375012959474
2022-09-09,Z305D6FC,0,118903160,14,0,305274068,57684,14,0,0,0,0,0,32,0,10361,32,0,0,0,57597,63930807696,375171293747
2022-09-10,Z305D6FC,0,199883616,14,0,306965239,57716,14,0,0,0,0,0,31,0,10361,31,0,0,0,57629,63944759952,375409088883
2022-09-11,Z305D6FC,0,31736816,14,0,307735348,57732,14,0,0,0,0,0,33,0,10361,33,0,0,0,57645,63954349096,375510344749
2022-09-12,Z305D6FC,0,240387096,14,0,310804716,57763,14,0,0,0,0,0,31,0,10361,31,0,0,0,57677,63969598360,375794108932
2022-09-13,Z305D6FC,0,198615368,14,0,312509974,57795,14,0,0,0,0,0,31,0,10361,31,0,0,0,57708,63984435608,376004545177
2022-09-14,Z305D6FC,0,116961280,14,0,313904052,57811,14,0,0,0,0,0,32,0,10361,32,0,0,0,57724,63991111384,376095171421
2022-09-15,Z305D6FC,0,131477640,14,0,316484448,57843,14,0,0,0,0,0,32,0,10363,32,0,0,0,57756,64002347352,376305127487
2022-09-16,Z305D6FC,0,232650528,14,0,317726674,57858,14,0,0,0,0,0,32,0,10363,32,0,0,0,57772,64010751360,376484898749
2022-09-17,Z305D6FC,0,129211472,14,0,318776905,57874,14,0,0,0,0,0,32,0,10363,32,0,0,0,57788,64023555312,376752715080
2022-09-18,Z305D6FC,0,198764888,15,0,320207132,57906,15,0,0,0,0,0,32,0,10373,32,0,0,0,57819,64037523376,377060209867
2022-09-19,Z305D6FC,0,99368464,15,0,323752532,57937,15,0,0,0,0,0,34,0,10373,34,0,0,0,57851,64055019864,377394422309
2022-09-20,Z305D6FC,0,29339600,15,0,324728288,57953,15,0,0,0,0,0,34,0,10373,34,0,0,0,57866,64061740456,377593030885
2022-09-21,Z305D6FC,0,194715624,15,0,326471405,57985,15,0,0,0,0,0,32,0,10375,32,0,0,0,57898,64076706984,377794911746
2022-09-22,Z305D6FC,0,140897256,15,0,327042726,58001,15,0,0,0,0,0,33,0,10375,33,0,0,0,57914,64082349032,377884478284
2022-09-23,Z305D6FC,0,229248928,15,0,328959195,58032,15,0,0,0,0,0,31,0,10375,31,0,0,0,57945,64099400648,378223953453
2022-09-24,Z305D6FC,0,213603784,15,0,330052342,58048,15,0,0,0,0,0,32,0,10375,32,0,0,0,57961,64106106184,378372222465
2022-09-25,Z305D6FC,0,97498896,15,0,334178277,58080,15,0,0,0,0,0,30,0,10376,30,0,0,0,57993,64109760208,379275384470
2022-09-26,Z305D6FC,0,16093528,15,0,336528882,58097,15,0,0,0,0,0,32,0,10389,32,0,0,0,58009,64111107208,379456175064
2022-09-27,Z305D6FC,0,92595328,15,0,338178804,58128,15,0,0,0,0,0,30,0,10389,30,0,0,0,58041,64112631752,379820837951
2022-09-28,Z305D6FC,0,81099632,15,0,339302851,58144,15,0,0,0,0,0,32,0,10390,32,0,0,0,58057,64113789464,379942172010
2022-09-29,Z305D6FC,0,202344984,15,0,341371588,58176,15,0,0,0,0,0,31,0,10392,31,0,0,0,58089,64115756360,380190777104
2022-09-30,Z305D6FC,0,125563704,15,0,342198366,58192,15,0,0,0,0,0,32,0,10392,32,0,0,0,58105,64116947944,380339828860
2022-10-01,Z305D6FC,0,197505000,15,0,344364744,58224,15,0,0,0,0,0,31,0,10392,31,0,0,0,58136,64118922848,380653080219
2022-10-02,Z305D6FC,0,161818000,15,0,346976324,58255,15,0,0,0,0,0,33,0,10392,33,0,0,0,58168,64121719232,381009290738
2022-10-03,Z305D6FC,0,24677840,15,0,348936125,58271,15,0,0,0,0,0,31,0,10392,31,0,0,0,58184,64122880160,381171916208
2022-10-04,Z305D6FC,0,5536584,15,0,350218430,58303,15,0,0,0,0,0,32,0,10392,32,0,0,0,58216,64125182248,381491782183
2022-10-05,Z305D6FC,0,134760584,15,0,351360508,58319,15,0,0,0,0,0,31,0,10396,31,0,0,0,58231,64125840136,381552016382
2022-10-06,Z305D6FC,0,5516624,15,0,352568599,58335,15,0,0,0,0,0,32,0,10396,32,0,0,0,58247,64127105256,381663207701
2022-10-07,Z305D6FC,0,86505928,15,0,354067667,58366,15,0,0,0,0,0,31,0,10399,31,0,0,0,58279,64128965920,382018757425
2022-10-08,Z305D6FC,0,107158576,15,0,354604911,58382,15,0,0,0,0,0,31,0,10417,31,0,0,0,58295,64129915816,382211955787
2022-10-09,Z305D6FC,0,72567560,15,0,356553940,58414,15,0,0,0,0,0,31,0,10417,31,0,0,0,58326,64132058248,382638483567
2022-10-10,Z305D6FC,0,179765880,15,0,359187024,58429,15,0,0,0,0,0,33,0,10417,33,0,0,0,58342,64134508728,382852525760
2022-10-11,Z305D6FC,0,133565464,15,0,360893734,58461,15,0,0,0,0,0,31,0,10417,31,0,0,0,58374,64136328768,383125000863
2022-10-12,Z305D6FC,0,17745144,15,0,362290421,58477,15,0,0,0,0,0,32,0,10417,32,0,0,0,58390,64137393856,383244979089
2022-10-13,Z305D6FC,0,157986456,15,0,364318629,58509,15,0,0,0,0,0,31,0,10420,31,0,0,0,58421,64140072144,383448295367
2022-10-14,Z305D6FC,0,25148248,15,0,364846126,58525,15,0,0,0,0,0,32,0,10420,32,0,0,0,58437,64141555520,383529667700
2022-10-15,Z305D6FC,0,84843760,15,0,366421119,58556,15,0,0,0,0,0,32,0,10420,32,0,0,0,58469,64143564944,383760228888
2022-10-16,Z305D6FC,0,188443616,15,0,368164379,58588,15,0,0,0,0,0,33,0,10420,33,0,0,0,58501,64146315248,383903311656
2022-10-17,Z305D6FC,0,238311552,15,0,370110330,58604,15,0,0,0,0,0,32,0,10420,32,0,0,0,58517,64147436400,384041772898
2022-10-18,Z305D6FC,0,139817360,15,0,371573745,58636,15,0,0,0,0,0,32,0,10420,32,0,0,0,58548,64149450136,384271313125
2022-10-19,Z305D6FC,0,55829256,15,0,372716453,58652,15,0,0,0,0,0,31,0,10427,31,0,0,0,58564,64150387792,384353213210
2022-10-20,Z305D6FC,0,132008528,15,0,374397441,58683,15,0,0,0,0,0,31,0,10427,31,0,0,0,58596,64152116696,384645369881
2022-10-21,Z305D6FC,0,169914528,15,0,375063435,58699,15,0,0,0,0,0,31,0,10427,31,0,0,0,58612,64153046208,384742986740
2022-10-22,Z305D6FC,0,183670168,15,0,376534467,58731,15,0,0,0,0,0,31,0,10427,31,0,0,0,58643,64156632720,384964608582
2022-10-23,Z305D6FC,0,78072720,15,0,377351939,58747,15,0,0,0,0,0,31,0,10427,31,0,0,0,58659,64157875824,385101302660
2022-10-24,Z305D6FC,0,240087112,15,0,380288666,58778,15,0,0,0,0,0,31,0,10427,31,0,0,0,58691,64159990992,385324707707
2022-10-25,Z305D6FC,0,104728856,15,0,381365028,58794,15,0,0,0,0,0,31,0,10427,31,0,0,0,58707,64161119656,385514765634
2022-10-26,Z305D6FC,0,137190944,15,0,383768011,58826,15,0,0,0,0,0,31,0,10591,31,0,0,0,58738,64162754544,385653276957
2022-10-27,Z305D6FC,0,479896,15,0,385250412,58842,15,0,0,0,0,0,32,0,10591,32,0,0,0,58754,64163965344,385822957407
2022-10-28,Z305D6FC,0,196605944,15,0,386724219,58873,15,0,0,0,0,0,31,0,10591,31,0,0,0,58785,64165903800,386173965828
2022-10-29,Z305D6FC,0,34579288,15,0,387643686,58889,15,0,0,0,0,0,32,0,10591,32,0,0,0,58801,64166857048,386332818328
2022-10-30,Z305D6FC,0,60483560,15,0,389571427,58921,15,0,0,0,0,0,31,0,10591,31,0,0,0,58833,64168338392,386690714287
2022-10-31,Z305D6FC,0,70656264,15,0,392014050,58937,15,0,0,0,0,0,32,0,10591,32,0,0,0,58849,64169804568,386863537627
2022-11-01,Z305D6FC,0,102700616,15,0,394042990,58968,15,0,0,0,0,0,32,0,10591,32,0,0,0,58880,64171085120,387424992382
2022-11-02,Z305D6FC,0,116897712,15,0,397485220,58984,15,0,0,0,0,0,32,0,10591,32,0,0,0,58896,64171115616,388018279979
2022-11-03,Z305D6FC,0,170155448,15,0,403172609,59016,15,0,0,0,0,0,31,0,10593,31,0,0,0,58928,64174831344,388824049991
2022-11-04,Z305D6FC,0,54573408,15,0,404626399,59047,15,0,0,0,0,0,32,0,10593,32,0,0,0,58959,64176643544,389139620980
2022-11-05,Z305D6FC,0,70106240,15,0,405275176,59063,15,0,0,0,0,0,31,0,10593,31,0,0,0,58975,64177405592,389270739344
2022-11-06,Z305D6FC,0,176696528,15,0,407238801,59095,15,0,0,0,0,0,31,0,10593,31,0,0,0,59006,64180693272,389610741412
2022-11-07,Z305D6FC,0,181594760,15,0,409356304,59110,15,0,0,0,0,0,31,0,10593,31,0,0,0,59022,64181531648,389810788954
2022-11-08,Z305D6FC,0,166241424,16,0,411466355,59126,16,0,0,0,0,0,32,0,10602,32,0,0,0,59038,64181862192,390362271606
2022-11-09,Z305D6FC,0,45961304,17,0,414593243,59158,17,0,0,0,0,0,32,0,10614,32,0,0,0,59070,64183484096,390752755664
2022-11-10,Z305D6FC,0,148775048,17,0,415379151,59174,17,0,0,0,0,0,32,0,10614,32,0,0,0,59085,64184335280,390901156444
2022-11-11,Z305D6FC,0,216435960,17,0,417958884,59206,17,0,0,0,0,0,32,0,10614,32,0,0,0,59117,64185742144,391217786682
2022-11-12,Z305D6FC,0,211617464,17,0,418899095,59221,17,0,0,0,0,0,32,0,10614,32,0,0,0,59133,64186502984,391373610364
2022-11-13,Z305D6FC,0,143513936,17,0,420220835,59253,17,0,0,0,0,0,33,0,10614,33,0,0,0,59164,64187708264,391684654439
2022-11-14,Z305D6FC,0,130846408,17,0,421927228,59269,17,0,0,0,0,0,32,0,10614,32,0,0,0,59180,64188441128,391857810402
2022-11-15,Z305D6FC,0,126132504,17,0,423750118,59300,17,0,0,0,0,0,32,0,10614,32,0,0,0,59212,64189946704,392183600743
2022-11-16,Z305D6FC,0,14920272,17,0,424427985,59316,17,0,0,0,0,0,32,0,10618,32,0,0,0,59228,64190895376,392329702243
2022-11-17,Z305D6FC,0,79701416,17,0,427399811,59348,17,0,0,0,0,0,32,0,10619,32,0,0,0,59259,64192422032,392440742168
2022-11-18,Z305D6FC,0,192534592,17,0,429513529,59364,17,0,0,0,0,0,32,0,10619,32,0,0,0,59275,64193157496,392508669465
2022-11-19,Z305D6FC,0,116995640,17,0,433016514,59395,17,0,0,0,0,0,32,0,10620,32,0,0,0,59307,64196626520,392622411180
2022-11-20,Z305D6FC,0,90061088,17,0,434519709,59427,17,0,0,0,0,0,33,0,10633,33,0,0,0,59338,64198531872,392985162819
2022-11-21,Z305D6FC,0,73701552,17,0,436475611,59442,17,0,0,0,0,0,32,0,10633,32,0,0,0,59354,64199853448,393201270061
2022-11-22,Z305D6FC,0,63601416,17,0,438773388,59474,17,0,0,0,0,0,33,0,10633,33,0,0,0,59385,64202286224,393571136547
2022-11-23,Z305D6FC,0,169605592,17,0,439745833,59490,17,0,0,0,0,0,32,0,10660,32,0,0,0,59401,64202896408,393666320632
2022-11-24,Z305D6FC,0,223435240,17,0,442302255,59521,17,0,0,0,0,0,32,0,10667,32,0,0,0,59433,64203862528,393835689970
2022-11-25,Z305D6FC,0,138644712,17,0,442955128,59537,17,0,0,0,0,0,32,0,10667,32,0,0,0,59448,64204691248,393961882439
2022-11-26,Z305D6FC,0,230281672,17,0,444363480,59569,17,0,0,0,0,0,32,0,10667,32,0,0,0,59480,64206283312,394189035572
2022-11-27,Z305D6FC,0,37922728,17,0,444904586,59584,17,0,0,0,0,0,32,0,10667,32,0,0,0,59496,64207171928,394270747328
2022-11-28,Z305D6FC,0,6765960,17,0,448344260,59616,17,0,0,0,0,0,31,0,10667,31,0,0,0,59527,64208640072,394549170411
2022-11-29,Z305D6FC,0,235791736,17,0,448828463,59632,17,0,0,0,0,0,32,0,10667,32,0,0,0,59543,64209608248,394614046759
2022-11-30,Z305D6FC,0,229668880,17,0,450696186,59663,17,0,0,0,0,0,32,0,10669,32,0,0,0,59574,64210613176,394706869707
2022-12-01,Z305D6FC,0,133043120,17,0,451877915,59679,17,0,0,0,0,0,32,0,10669,32,0,0,0,59590,64211405160,394850690868
2022-12-02,Z305D6FC,0,94196128,17,0,452947949,59711,17,0,0,0,0,0,32,0,10669,32,0,0,0,59622,64212833088,395066245622
2022-12-03,Z305D6FC,0,104524440,17,0,453781964,59726,17,0,0,0,0,0,32,0,10669,32,0,0,0,59637,64213869008,395219907241
2022-12-04,Z305D6FC,0,161799944,17,0,455341450,59758,17,0,0,0,0,0,33,0,10669,33,0,0,0,59669,64215748432,395451913419
2022-12-05,Z305D6FC,0,224190184,17,0,457806301,59773,17,0,0,0,0,0,33,0,10669,33,0,0,0,59685,64216699616,395604586272
2022-12-06,Z305D6FC,0,81767048,17,0,459241910,59805,17,0,0,0,0,0,32,0,10669,32,0,0,0,59716,64218025776,395854490608
2022-12-07,Z305D6FC,0,104312400,17,0,460834274,59836,17,0,0,0,0,0,33,0,10685,33,0,0,0,59748,64219233376,395957689960
2022-12-08,Z305D6FC,0,212490520,17,0,461724501,59852,17,0,0,0,0,0,33,0,10685,33,0,0,0,59763,64219734984,396116121391
2022-12-09,Z305D6FC,0,133377072,17,0,463531995,59883,17,0,0,0,0,0,33,0,10685,33,0,0,0,59795,64221327232,396464896609
2022-12-11,Z305D6FC,0,177356968,17,0,466334544,59931,17,0,0,0,0,0,33,0,10685,33,0,0,0,59842,64223669384,396974211295
2022-12-11,Z305D6FC,0,177356968,17,0,466334544,59931,17,0,0,0,0,0,33,0,10685,33,0,0,0,59842,64223669384,396974211295
2022-12-12,Z305D6FC,0,195936024,17,0,469251520,59946,17,0,0,0,0,0,33,0,10685,33,0,0,0,59857,64224495200,397160826494
2022-12-13,Z305D6FC,0,14196616,17,0,471234242,59978,17,0,0,0,0,0,33,0,10687,33,0,0,0,59889,64226345856,397502856059
2022-12-14,Z305D6FC,0,46634064,17,0,472320516,59994,17,0,0,0,0,0,32,0,10692,32,0,0,0,59905,64227063296,397555477585
2022-12-15,Z305D6FC,0,203708400,17,0,473900994,60025,17,0,0,0,0,0,33,0,10693,33,0,0,0,59936,64229031032,397829051204
2022-12-16,Z305D6FC,0,38604720,17,0,474589286,60041,17,0,0,0,0,0,32,0,10693,32,0,0,0,59952,64229719008,397990239862
2022-12-17,Z305D6FC,0,139082720,17,0,475693922,60073,17,0,0,0,0,0,32,0,10694,32,0,0,0,59984,64230860664,398237693941
2022-12-18,Z305D6FC,0,198132784,17,0,476479742,60089,17,0,0,0,0,0,32,0,10694,32,0,0,0,60000,64231445096,398419800231
2022-12-19,Z305D6FC,0,1181776,17,0,479697687,60120,17,0,0,0,0,0,33,0,10695,33,0,0,0,60031,64233037928,398772728331
2022-12-20,Z305D6FC,0,236266136,17,0,480320119,60136,17,0,0,0,0,0,33,0,10695,33,0,0,0,60047,64234064992,398897903163
2022-12-21,Z305D6FC,0,610016,17,0,482548469,60167,17,0,0,0,0,0,33,0,10718,33,0,0,0,60078,64235885096,399129368158
2022-12-22,Z305D6FC,0,241318368,17,0,483739366,60183,17,0,0,0,0,0,33,0,10718,33,0,0,0,60094,64236814296,399277796186
2022-12-23,Z305D6FC,0,92373736,17,0,485241047,60215,17,0,0,0,0,0,32,0,10718,32,0,0,0,60126,64237935912,399600741114
2022-12-24,Z305D6FC,0,14287712,17,0,485888571,60231,17,0,0,0,0,0,33,0,10718,33,0,0,0,60142,64238770712,399765710049
2022-12-25,Z305D6FC,0,118307920,17,0,487146463,60262,17,0,0,0,0,0,33,0,10718,33,0,0,0,60173,64240268216,400069759689
2022-12-26,Z305D6FC,0,169227192,17,0,489580292,60278,17,0,0,0,0,0,33,0,10718,33,0,0,0,60189,64241416784,400285680993
2022-12-27,Z305D6FC,0,47727616,17,0,490747611,60310,17,0,0,0,0,0,33,0,10718,33,0,0,0,60221,64243318152,400663320341
2022-12-28,Z305D6FC,0,50315968,17,0,491616806,60326,17,0,0,0,0,0,33,0,10719,33,0,0,0,60237,64244203720,400800588561
2022-12-29,Z305D6FC,0,150503864,17,0,494752958,60357,17,0,0,0,0,0,33,0,10719,33,0,0,0,60268,64246164496,401134913960
2022-12-30,Z305D6FC,0,193052048,17,0,495616821,60373,17,0,0,0,0,0,32,0,10719,32,0,0,0,60284,64247229136,401281296592
2022-12-31,Z305D6FC,0,143878048,17,0,497036120,60405,17,0,0,0,0,0,32,0,10720,32,0,0,0,60316,64249360216,401538451565
