2022-01-01,ZHZ62013,0,105880248,3,0,912370528,10011,3,0,0,24,2,579,24,105880248,0,0,0,9896,42035274824,121647974112
2022-01-02,ZHZ62013,0,112891752,3,0,915577923,10027,3,0,0,25,2,580,25,112891752,0,0,0,9911,42147682896,121786718232
2022-01-03,ZHZ62013,0,82136144,3,0,920871915,10059,3,0,0,25,2,581,25,82136144,0,0,0,9943,42338743872,122053183008
2022-01-04,ZHZ62013,0,90252944,3,0,923805702,10074,3,0,0,23,2,582,23,90252944,0,0,0,9959,42446997560,122197187136
2022-01-05,ZHZ62013,0,92520536,3,0,929529212,10106,3,0,0,24,2,583,24,92520536,0,0,0,9990,42652526792,122482206808
2022-01-06,ZHZ62013,0,112036528,3,0,933464410,10122,3,0,0,24,2,584,24,112036528,0,0,0,10006,42748158768,122650231632
2022-01-07,ZHZ62013,0,36984136,3,0,938948702,10154,3,0,0,24,2,585,24,36984136,0,0,0,10038,42912319696,122899301040
2022-01-08,ZHZ62013,0,243150032,3,0,942070889,10170,3,0,0,24,2,586,24,243150032,0,0,0,10053,43002704648,123015081984
2022-01-09,ZHZ62013,0,158282472,3,0,949066651,10201,3,0,0,25,2,587,25,158282472,0,0,0,10085,43173402408,123247798144
2022-01-10,ZHZ62013,0,160857312,3,0,951718680,10217,3,0,0,24,2,588,24,160857312,0,0,0,10101,43264449520,123403466512
2022-01-11,ZHZ62013,0,73992544,3,0,956765484,10249,3,0,0,24,2,589,24,73992544,0,0,0,10132,43428710296,123640622976
2022-01-12,ZHZ62013,0,205098672,3,0,962832762,10282,3,0,0,24,2,608,24,205098672,0,0,0,10163,43526285584,123918294504
2022-01-13,ZHZ62013,0,177705448,3,0,966017670,10298,3,0,0,24,2,609,24,177705448,0,0,0,10179,43612174168,124049153688
2022-01-14,ZHZ62013,0,127392136,3,0,971478705,10329,3,0,0,23,2,610,23,127392136,0,0,0,10210,43789300024,124309996080
2022-01-15,ZHZ62013,0,70138912,3,0,975438005,10345,3,0,0,24,2,611,24,70138912,0,0,0,10226,43853106920,124433077368
2022-01-16,ZHZ62013,0,214767352,3,0,981131107,10377,3,0,0,23,2,612,23,214767352,0,0,0,10257,44006543608,124668409768
2022-01-17,ZHZ62013,0,194938312,3,0,983753008,10393,3,0,0,24,2,613,24,194938312,0,0,0,10273,44083954824,124815310312
2022-01-18,ZHZ62013,0,163079512,3,0,988946660,10424,3,0,0,23,2,614,23,163079512,0,0,0,10305,44248322928,125107365112
2022-01-19,ZHZ62013,0,139927696,3,0,991840070,10440,3,0,0,25,2,615,25,139927696,0,0,0,10320,44323350712,125253326360
2022-01-20,ZHZ62013,0,139344664,3,0,998900841,10472,3,0,0,23,2,617,23,139344664,0,0,0,10352,44455504096,125608871264
2022-01-21,ZHZ62013,0,89433336,3,0,1550182,10488,3,0,0,24,2,618,24,89433336,0,0,0,10367,44522269784,125736334880
2022-01-22,ZHZ62013,0,47994480,3,0,4733989,10504,3,0,0,24,2,619,24,47994480,0,0,0,10383,44598399336,125862907128
2022-01-23,ZHZ62013,0,197027640,3,0,11692264,10535,3,0,0,25,2,620,25,197027640,0,0,0,10415,44734907600,126119572656
2022-01-24,ZHZ62013,0,169603608,3,0,14465831,10551,3,0,0,24,2,621,24,169603608,0,0,0,10430,44821514184,126249683016
2022-01-25,ZHZ62013,0,76621128,3,0,20403199,10583,3,0,0,25,2,622,25,76621128,0,0,0,10462,44970886104,126495610064
2022-01-26,ZHZ62013,0,35897432,3,0,26618371,10615,3,0,0,23,2,623,23,35897432,0,0,0,10493,45122727992,126791326568
2022-01-27,ZHZ62013,0,3716224,3,0,29369104,10630,3,0,0,24,2,624,24,3716224,0,0,0,10509,45199232960,126926781904
2022-01-28,ZHZ62013,0,124091976,3,0,34317150,10662,3,0,0,23,2,625,23,124091976,0,0,0,10540,45318712848,127171821528
2022-01-29,ZHZ62013,0,66620200,3,0,38334154,10678,3,0,0,25,2,626,25,66620200,0,0,0,10556,45382856624,127294346640
2022-01-30,ZHZ62013,0,184054296,3,0,43630219,10710,3,0,0,24,2,627,24,184054296,0,0,0,10588,45519042712,127519735280
2022-01-31,ZHZ62013,0,202292792,3,0,48252089,10726,3,0,0,24,2,628,24,202292792,0,0,0,10604,45599756016,127701401168
2022-02-01,ZHZ62013,0,132845232,3,0,53956372,10757,3,0,0,24,2,629,24,132845232,0,0,0,10635,45739655088,127980336664
2022-02-02,ZHZ62013,0,139159560,3,0,56805058,10773,3,0,0,25,2,630,25,139159560,0,0,0,10651,45830039336,128140407944
2022-02-03,ZHZ62013,0,78349000,3,0,62057692,10805,3,0,0,24,2,631,24,78349000,0,0,0,10683,45972299928,128425618248
2022-02-04,ZHZ62013,0,71582912,3,0,64984066,10820,3,0,0,24,2,632,24,71582912,0,0,0,10698,46041903352,128593389368
2022-02-05,ZHZ62013,0,200282888,3,0,71333375,10852,3,0,0,25,2,633,25,200282888,0,0,0,10730,46170958056,128837176544
2022-02-06,ZHZ62013,0,172862416,3,0,74854311,10868,3,0,0,23,2,634,23,172862416,0,0,0,10745,46255570112,128969284840
2022-02-07,ZHZ62013,0,88078072,3,0,79721201,10900,3,0,0,25,2,635,25,88078072,0,0,0,10777,46379350728,129249001880
2022-02-08,ZHZ62013,0,71812904,3,0,82572532,10916,3,0,0,24,2,636,24,71812904,0,0,0,10793,46463881000,129392347184
2022-02-09,ZHZ62013,0,44701912,3,0,88145509,10947,3,0,0,24,2,637,24,44701912,0,0,0,10824,46635498336,129681900472
2022-02-10,ZHZ62013,0,37602976,3,0,90942430,10963,3,0,0,23,2,638,23,37602976,0,0,0,10840,46710238264,129844202240
2022-02-11,ZHZ62013,0,154752432,3,0,95291623,10995,3,0,0,24,2,639,24,154752432,0,0,0,10871,46829671480,130086059648
2022-02-12,ZHZ62013,0,117474512,3,0,98763182,11010,3,0,0,23,2,640,23,117474512,0,0,0,10887,46905728688,130216865152
2022-02-13,ZHZ62013,0,8447904,3,0,104989023,11042,3,0,0,24,2,641,24,8447904,0,0,0,10919,47037772472,130464076120
2022-02-14,ZHZ62013,0,34911688,3,0,107592922,11058,3,0,0,24,2,642,24,34911688,0,0,0,10935,47116564416,130655888632
2022-02-15,ZHZ62013,0,37898544,3,0,112609405,11090,3,0,0,24,2,643,24,37898544,0,0,0,10966,47254034208,131009687560
2022-02-16,ZHZ62013,0,61532800,3,0,119972529,11121,3,0,0,24,2,645,24,61532800,0,0,0,10998,47408145688,131367491664
2022-02-17,ZHZ62013,0,113747472,3,0,123559081,11137,3,0,0,24,2,645,24,113747472,0,0,0,11013,47483139416,131588853336
2022-02-18,ZHZ62013,0,134722984,3,0,129704148,11169,3,0,0,24,2,647,24,134722984,0,0,0,11044,47622128856,131959120904
2022-02-19,ZHZ62013,0,78424984,3,0,133745184,11185,3,0,0,25,2,647,25,78424984,0,0,0,11060,47691921488,132077171032
2022-02-20,ZHZ62013,0,227788536,3,0,140252186,11216,3,0,0,25,2,649,25,227788536,0,0,0,11092,47828902264,132333695456
2022-02-21,ZHZ62013,0,199561392,3,0,143066245,11232,3,0,0,25,2,649,25,199561392,0,0,0,11108,47887644152,132490867088
2022-02-22,ZHZ62013,0,155631024,3,0,148309369,11264,3,0,0,24,2,651,24,155631024,0,0,0,11139,48006280424,132816582144
2022-02-23,ZHZ62013,0,164321496,3,0,152015739,11280,3,0,0,24,2,651,24,164321496,0,0,0,11155,48074500504,133001193272
2022-02-24,ZHZ62013,0,197815808,3,0,159846299,11311,3,0,0,23,2,653,23,197815808,0,0,0,11187,48209469360,133388000224
2022-02-25,ZHZ62013,0,217796216,3,0,163192046,11327,3,0,0,24,2,653,24,217796216,0,0,0,11203,48288051568,133573539112
2022-02-26,ZHZ62013,0,116951192,3,0,170485910,11359,3,0,0,23,2,655,23,116951192,0,0,0,11234,48412109888,133836917400
2022-02-27,ZHZ62013,0,50306632,3,0,173974245,11375,3,0,0,23,2,655,23,50306632,0,0,0,11250,48467696480,133958826976
2022-02-28,ZHZ62013,0,761336,3,0,179898403,11407,3,0,0,23,2,657,23,761336,0,0,0,11281,48563561136,134301698336
2022-03-01,ZHZ62013,0,242041336,3,0,182905166,11422,3,0,0,23,2,657,23,242041336,0,0,0,11297,48607402368,134499137104
2022-03-02,ZHZ62013,0,6683424,3,0,189201705,11454,3,0,0,26,2,659,26,6683424,0,0,0,11329,48715455248,134888148672
2022-03-03,ZHZ62013,0,234175552,3,0,192894824,11470,3,0,0,25,2,659,25,234175552,0,0,0,11345,48758147792,135072948256
2022-03-04,ZHZ62013,0,108768424,3,0,197183866,11501,3,0,0,23,2,661,23,108768424,0,0,0,11376,48835133792,135358836880
2022-03-05,ZHZ62013,0,8510608,3,0,201005608,11517,3,0,0,24,2,661,24,8510608,0,0,0,11392,48876959168,135460894328
2022-03-06,ZHZ62013,0,134702912,3,0,206171221,11549,3,0,0,24,2,663,24,134702912,0,0,0,11423,48968165896,135740021592
2022-03-07,ZHZ62013,0,95058512,3,0,208595477,11565,3,0,0,24,2,663,24,95058512,0,0,0,11439,49021866816,135890817016
2022-03-08,ZHZ62013,0,228482344,3,0,213177236,11597,3,0,0,23,2,665,23,228482344,0,0,0,11470,49125556040,136164692464
2022-03-09,ZHZ62013,0,203981920,3,0,215818330,11613,3,0,0,24,2,665,24,203981920,0,0,0,11486,49171614840,136338274032
2022-03-10,ZHZ62013,0,123059000,3,0,222600693,11644,3,0,0,24,2,667,24,123059000,0,0,0,11517,49255853424,136661394080
2022-03-11,ZHZ62013,0,108513080,3,0,225236955,11660,3,0,0,24,2,667,24,108513080,0,0,0,11533,49305890992,136840951328
2022-03-12,ZHZ62013,0,203692000,3,0,231571447,11692,3,0,0,25,2,668,25,203692000,0,0,0,11565,49380598664,137105563208
2022-03-13,ZHZ62013,0,151592696,3,0,234742868,11707,3,0,0,24,2,669,24,151592696,0,0,0,11580,49426621864,137251581384
2022-03-14,ZHZ62013,0,80712736,3,0,239178421,11739,3,0,0,24,2,671,24,80712736,0,0,0,11611,49502672056,137592932664
2022-03-15,ZHZ62013,0,52659896,3,0,241525654,11755,3,0,0,24,2,671,24,52659896,0,0,0,11627,49543253736,137768438776
2022-03-16,ZHZ62013,0,237661520,3,0,246778336,11786,3,0,0,25,2,673,25,237661520,0,0,0,11659,49644992064,138095842776
2022-03-17,ZHZ62013,0,233166512,3,0,250718534,11802,3,0,0,25,2,673,25,233166512,0,0,0,11674,49686559552,138293921016
2022-03-18,ZHZ62013,0,103727944,3,0,255052417,11834,3,0,0,24,2,675,24,103727944,0,0,0,11706,49754225144,138585098584
2022-03-19,ZHZ62013,0,9730040,3,0,258561258,11850,3,0,0,24,2,675,24,9730040,0,0,0,11722,49792383400,138697083056
2022-03-20,ZHZ62013,0,164750784,3,0,266727957,11881,3,0,0,25,2,677,25,164750784,0,0,0,11753,49856761696,139031866136
2022-03-21,ZHZ62013,0,104363720,3,0,269136315,11897,3,0,0,24,2,677,24,104363720,0,0,0,11769,49902132520,139170248880
2022-03-22,ZHZ62013,0,243776528,3,0,273684953,11929,3,0,0,25,2,679,25,243776528,0,0,0,11801,49982186424,139473748496
2022-03-23,ZHZ62013,0,197756712,3,0,276169523,11945,3,0,0,25,2,679,25,197756712,0,0,0,11816,50033896256,139620159520
2022-03-24,ZHZ62013,0,110265928,3,0,280886198,11977,3,0,0,24,2,681,24,110265928,0,0,0,11848,50119810752,139935035512
2022-03-25,ZHZ62013,0,54875928,3,0,283179723,11992,3,0,0,25,2,681,25,54875928,0,0,0,11864,50163272168,140080324792
2022-03-26,ZHZ62013,0,155781736,3,0,289525522,12024,3,0,0,25,2,682,25,155781736,0,0,0,11895,50245271384,140343372016
2022-03-27,ZHZ62013,0,74789264,3,0,292665209,12040,3,0,0,25,2,683,25,74789264,0,0,0,11911,50294274984,140457516776
2022-03-28,ZHZ62013,0,240603960,3,0,297782463,12071,3,0,0,26,2,684,26,240603960,0,0,0,11943,50385441088,140776306000
2022-03-29,ZHZ62013,0,214140280,3,0,300272573,12087,3,0,0,25,2,685,25,214140280,0,0,0,11959,50430159392,140949264736
2022-03-30,ZHZ62013,0,125121752,3,0,304617931,12119,3,0,0,25,2,686,25,125121752,0,0,0,11990,50518231856,141260455096
2022-03-31,ZHZ62013,0,96729448,3,0,307041953,12135,3,0,0,25,2,687,25,96729448,0,0,0,12006,50578097792,141416337600
2022-04-01,ZHZ62013,0,215696,3,0,311523587,12167,3,0,0,25,2,688,25,215696,0,0,0,12037,50669560904,141716642032
2022-04-02,ZHZ62013,0,167292720,3,0,314314829,12182,3,0,0,25,2,689,25,167292720,0,0,0,12053,50722369848,141830910112
2022-04-03,ZHZ62013,0,31514456,3,0,320419334,12214,3,0,0,25,2,690,25,31514456,0,0,0,12085,50823610784,142082173712
2022-04-04,ZHZ62013,0,1153192,3,0,325053594,12246,3,0,0,26,2,692,26,1153192,0,0,0,12116,50912209640,142451495024
2022-04-05,ZHZ62013,0,223735280,3,0,327380070,12262,3,0,0,25,2,692,25,223735280,0,0,0,12132,50958647784,142627638968
2022-04-06,ZHZ62013,0,222444624,3,0,332015551,12294,3,0,0,25,2,694,25,222444624,0,0,0,12164,51034869392,143038412448
2022-04-07,ZHZ62013,0,188684736,3,0,334298136,12309,3,0,0,25,2,694,25,188684736,0,0,0,12179,51079212928,143204449816
2022-04-08,ZHZ62013,0,134810536,3,0,338750414,12341,3,0,0,26,2,696,26,134810536,0,0,0,12211,51181592504,143536478528
2022-04-09,ZHZ62013,0,38953064,3,0,342158997,12357,3,0,0,25,2,696,25,38953064,0,0,0,12227,51237640360,143628713832
2022-04-10,ZHZ62013,0,175907544,3,0,348040360,12389,3,0,0,25,2,698,25,175907544,0,0,0,12258,51353231824,143894217528
2022-04-11,ZHZ62013,0,127828688,3,0,350569944,12404,3,0,0,25,2,698,25,127828688,0,0,0,12274,51406540552,144036970672
2022-04-12,ZHZ62013,0,30180808,3,0,354624355,12436,3,0,0,25,2,700,25,30180808,0,0,0,12306,51507335392,144326809344
2022-04-13,ZHZ62013,0,48820904,3,0,357171275,12452,3,0,0,25,2,700,25,48820904,0,0,0,12322,51563283344,144533642128
2022-04-14,ZHZ62013,0,3016424,3,0,361708371,12484,3,0,0,25,2,703,25,3016424,0,0,0,12353,51655369208,144884033584
2022-04-15,ZHZ62013,0,211905864,3,0,364105699,12500,3,0,0,25,2,703,25,211905864,0,0,0,12369,51706970248,145041321984
2022-04-16,ZHZ62013,0,34438288,3,0,369849651,12531,3,0,0,26,2,705,26,34438288,0,0,0,12400,51793241464,145265864472
2022-04-17,ZHZ62013,0,211748672,3,0,372869044,12547,3,0,0,25,2,705,25,211748672,0,0,0,12416,51848875568,145387540752
2022-04-18,ZHZ62013,0,158504896,3,0,377433708,12579,3,0,0,25,2,707,25,158504896,0,0,0,12447,51935120824,145736333448
2022-04-19,ZHZ62013,0,150248320,3,0,379772156,12595,3,0,0,25,2,707,25,150248320,0,0,0,12463,51988441320,145918897256
2022-04-20,ZHZ62013,0,132960544,3,0,384454276,12626,3,0,0,24,2,709,24,132960544,0,0,0,12495,52100461784,146277870280
2022-04-21,ZHZ62013,0,108095440,3,0,386878332,12642,3,0,0,25,2,709,25,108095440,0,0,0,12511,52155762760,146441844832
2022-04-22,ZHZ62013,0,112373472,3,0,391882219,12674,3,0,0,25,2,711,25,112373472,0,0,0,12542,52262453256,146827714144
2022-04-23,ZHZ62013,0,47904560,3,0,395352184,12690,3,0,0,24,2,711,24,47904560,0,0,0,12558,52314665280,146955174072
2022-04-24,ZHZ62013,0,132256408,3,0,400934084,12721,3,0,0,24,2,713,24,132256408,0,0,0,12590,52409332968,147188999088
2022-04-25,ZHZ62013,0,125733288,3,0,403342329,12737,3,0,0,24,2,713,24,125733288,0,0,0,12605,52463358368,147372591608
2022-04-26,ZHZ62013,0,81405696,3,0,407714151,12769,3,0,0,25,2,714,25,81405696,0,0,0,12637,52553695496,147726208248
2022-04-27,ZHZ62013,0,93933224,3,0,410558205,12785,3,0,0,25,2,715,25,93933224,0,0,0,12653,52612195656,147924376248
2022-04-28,ZHZ62013,0,82220984,3,0,416241253,12817,3,0,0,26,2,717,26,82220984,0,0,0,12684,52716966896,148296174848
2022-04-29,ZHZ62013,0,60443200,3,0,418718512,12833,3,0,0,25,2,717,25,60443200,0,0,0,12700,52780579160,148454925536
2022-04-30,ZHZ62013,0,157025648,3,0,424893123,12864,3,0,0,25,2,719,25,157025648,0,0,0,12731,52883105504,148693122272
2022-05-01,ZHZ62013,0,82533792,3,0,428225821,12880,3,0,0,25,2,719,25,82533792,0,0,0,12747,52945467072,148800409632
2022-05-02,ZHZ62013,0,14447360,3,0,435968258,12912,3,0,0,25,2,721,25,14447360,0,0,0,12778,53070315784,149095756144
2022-05-03,ZHZ62013,0,15757472,3,0,438367612,12928,3,0,0,25,2,721,25,15757472,0,0,0,12794,53137938112,149273584768
2022-05-04,ZHZ62013,0,2274528,3,0,443253667,12960,3,0,0,26,2,723,26,2274528,0,0,0,12826,53240219360,149646101936
2022-05-05,ZHZ62013,0,231367592,3,0,448408233,12991,3,0,0,26,2,725,26,231367592,0,0,0,12857,53347269384,150012285752
2022-05-06,ZHZ62013,0,223601296,3,0,450784444,13007,3,0,0,24,2,725,24,223601296,0,0,0,12873,53398045296,150197884200
2022-05-07,ZHZ62013,0,39044624,3,0,456941273,13039,3,0,0,24,2,727,24,39044624,0,0,0,12905,53505271936,150394382160
2022-05-08,ZHZ62013,0,238086968,3,0,459908263,13055,3,0,0,24,2,729,24,238086968,0,0,0,12921,53566072656,150532623784
2022-05-09,ZHZ62013,0,226764744,3,0,464653173,13087,3,0,0,24,2,730,24,226764744,0,0,0,12952,53712248112,150863407472
2022-05-10,ZHZ62013,0,170311032,3,0,467126597,13102,3,0,0,23,2,731,23,170311032,0,0,0,12968,53786929072,150976413512
2022-05-11,ZHZ62013,0,113020656,3,0,473267329,13134,3,0,0,24,2,732,24,113020656,0,0,0,13000,53938935512,151255398264
2022-05-12,ZHZ62013,0,23888120,3,0,476703707,13150,3,0,0,24,2,732,24,23888120,0,0,0,13016,53995861856,151353480200
2022-05-13,ZHZ62013,0,179683368,3,0,482207770,13182,3,0,0,24,2,734,24,179683368,0,0,0,13047,54104647512,151644630504
2022-05-14,ZHZ62013,0,87730504,3,0,485769500,13198,3,0,0,23,2,734,23,87730504,0,0,0,13063,54165588616,151735877400
2022-05-15,ZHZ62013,0,188530720,3,0,491181551,13229,3,0,0,23,2,736,23,188530720,0,0,0,13095,54260538352,151985868592
2022-05-16,ZHZ62013,0,161165192,3,0,493407945,13245,3,0,0,23,2,736,23,161165192,0,0,0,13111,54315144368,152148038128
2022-05-17,ZHZ62013,0,81536584,3,0,497458318,13277,3,0,0,23,2,738,23,81536584,0,0,0,13142,54411460024,152460375240
2022-05-18,ZHZ62013,0,66921968,3,0,499866420,13293,3,0,0,23,2,738,23,66921968,0,0,0,13158,54463675776,152637690840
2022-05-19,ZHZ62013,0,19649120,3,0,504733906,13325,3,0,0,23,2,743,23,19649120,0,0,0,13189,54564098744,152978276456
2022-05-20,ZHZ62013,0,242001744,3,0,507217543,13341,3,0,0,23,2,746,23,242001744,0,0,0,13205,54619824256,153144903568
2022-05-21,ZHZ62013,0,107431632,3,0,513681681,13373,3,0,0,24,2,747,24,107431632,0,0,0,13237,54728105544,153390333448
2022-05-22,ZHZ62013,0,24189608,3,0,516716020,13389,3,0,0,24,2,748,24,24189608,0,0,0,13252,54786244856,153493092952
2022-05-23,ZHZ62013,0,167635584,3,0,520714082,13421,3,0,0,24,2,749,24,167635584,0,0,0,13284,54884134120,153782790448
2022-05-24,ZHZ62013,0,148633984,3,0,523071045,13436,3,0,0,25,2,750,25,148633984,0,0,0,13300,54944724544,153947339160
2022-05-25,ZHZ62013,0,132024392,3,0,528424268,13471,3,0,0,23,2,759,23,132024392,0,0,0,13331,55064383488,154299352184
2022-05-26,ZHZ62013,0,109520592,3,0,530955001,13487,3,0,0,24,2,759,24,109520592,0,0,0,13347,55121571136,154463801544
2022-05-27,ZHZ62013,0,46273896,3,0,536153361,13519,3,0,0,24,2,761,24,46273896,0,0,0,13379,55220636688,154789770800
2022-05-28,ZHZ62013,0,183482256,3,0,540010420,13535,3,0,0,22,2,763,22,183482256,0,0,0,13394,55264898776,154882717072
2022-05-29,ZHZ62013,0,72313960,3,0,547709137,13567,3,0,0,25,2,766,25,72313960,0,0,0,13426,55375794032,155148934816
2022-05-30,ZHZ62013,0,25725904,3,0,551330520,13583,3,0,0,24,2,766,24,25725904,0,0,0,13442,55428312568,155293968928
2022-05-31,ZHZ62013,0,204009384,3,0,556420699,13614,3,0,0,24,2,768,24,204009384,0,0,0,13473,55520731064,155623974544
2022-06-01,ZHZ62013,0,172256696,3,0,558880980,13630,3,0,0,24,2,768,24,172256696,0,0,0,13489,55571265952,155785827608
2022-06-02,ZHZ62013,0,135890381,3,0,565524105,13663,3,0,0,24,2,774,24,135890381,0,0,0,13520,55673597256,156135411805
2022-06-03,ZHZ62013,0,106857000,3,0,568258759,13679,3,0,0,25,2,774,25,106857000,0,0,0,13536,55722902640,156301214965
2022-06-04,ZHZ62013,0,159389952,3,0,574630356,13710,3,0,0,23,2,776,23,159389952,0,0,0,13567,55822963168,156497828021
2022-06-05,ZHZ62013,0,82682384,3,0,578019991,13726,3,0,0,23,2,776,23,82682384,0,0,0,13583,55881999808,156606224629
2022-06-07,ZHZ62013,0,5401432,3,0,585313922,13774,3,0,0,22,2,778,22,5401432,0,0,0,13630,56042562968,157100803157
2022-06-08,ZHZ62013,0,163783032,3,0,589786713,13805,3,0,0,23,2,780,23,163783032,0,0,0,13662,56143418952,157402470365
2022-06-09,ZHZ62013,0,158489976,3,0,592240274,13821,3,0,0,22,2,780,22,158489976,0,0,0,13678,56204214088,157580522813
2022-06-10,ZHZ62013,0,218535832,3,0,596155384,13853,3,0,0,23,2,782,23,218535832,0,0,0,13709,56285655416,157803267989
2022-06-11,ZHZ62013,0,122327600,3,0,600057019,13868,3,0,0,22,2,782,22,122327600,0,0,0,13725,56333511368,157903344525
2022-06-12,ZHZ62013,0,203236344,3,0,605151884,13900,3,0,0,23,2,784,23,203236344,0,0,0,13756,56431103608,158130801709
2022-06-13,ZHZ62013,0,138073392,3,0,607486909,13916,3,0,0,24,2,784,24,138073392,0,0,0,13772,56482933776,158257949365
2022-06-14,ZHZ62013,0,64918536,3,0,611453588,13948,3,0,0,24,2,786,24,64918536,0,0,0,13804,56561255552,158594754917
2022-06-15,ZHZ62013,0,23467328,3,0,613957788,13964,3,0,0,25,2,786,25,23467328,0,0,0,13820,56611428096,158747271797
2022-06-16,ZHZ62013,0,213985944,3,0,621424940,13995,3,0,0,23,2,788,23,213985944,0,0,0,13851,56702973304,159090385837
2022-06-17,ZHZ62013,0,2285400,3,0,626001569,14011,3,0,0,26,2,788,26,2285400,0,0,0,13867,56752253400,159317686837
2022-06-18,ZHZ62013,0,67828336,3,0,632733057,14043,3,0,0,23,2,790,23,67828336,0,0,0,13899,56845321368,159534302653
2022-06-19,ZHZ62013,0,204836384,3,0,636146238,14059,3,0,0,24,2,790,24,204836384,0,0,0,13915,56901713336,159614918733
2022-06-20,ZHZ62013,0,104150024,3,0,640599738,14091,3,0,0,23,2,792,23,104150024,0,0,0,13946,56985341984,159918885077
2022-06-21,ZHZ62013,0,77253952,3,0,643023988,14106,3,0,0,24,2,792,24,77253952,0,0,0,13962,57027280016,160094191725
2022-06-22,ZHZ62013,0,186552384,3,0,647202070,14138,3,0,0,23,2,794,23,186552384,0,0,0,13994,57120007880,160354902933
2022-06-23,ZHZ62013,0,74176584,3,0,651544562,14170,3,0,0,23,2,795,23,74176584,0,0,0,14025,57206372008,160644444309
2022-06-24,ZHZ62013,0,4142920,3,0,653714269,14186,3,0,0,23,2,796,23,4142920,0,0,0,14041,57250134312,160774789581
2022-06-25,ZHZ62013,0,35167728,3,0,660484131,14217,3,0,0,24,2,797,24,35167728,0,0,0,14073,57342283296,160957806037
2022-06-26,ZHZ62013,0,158574880,3,0,662694623,14233,3,0,0,23,2,798,23,158574880,0,0,0,14088,57380697952,161042798533
2022-06-27,ZHZ62013,0,166604328,3,0,666283788,14265,3,0,0,24,2,799,24,166604328,0,0,0,14120,57458678400,161216988301
2022-06-28,ZHZ62013,0,68426408,3,0,668220851,14281,3,0,0,23,2,800,23,68426408,0,0,0,14136,57505261672,161316368101
2022-06-29,ZHZ62013,0,227139224,3,0,670795172,14297,3,0,0,24,2,800,24,227139224,0,0,0,14151,57560483224,161419859365
2022-06-30,ZHZ62013,0,108567888,3,0,675079680,14328,3,0,0,23,2,802,23,108567888,0,0,0,14183,57652101448,161697951213
2022-07-01,ZHZ62013,0,59656888,3,0,677681357,14344,3,0,0,25,2,802,25,59656888,0,0,0,14199,57702669192,161842613365
2022-07-02,ZHZ62013,0,156003024,3,0,683801547,14376,3,0,0,23,2,804,23,156003024,0,0,0,14230,57822004800,162063764525
2022-07-03,ZHZ62013,0,71546048,3,0,687342236,14392,3,0,0,23,2,804,23,71546048,0,0,0,14246,57888121864,162157331117
2022-07-04,ZHZ62013,0,2229088,3,0,691973993,14424,3,0,0,23,2,806,23,2229088,0,0,0,14277,57989104752,162475312925
2022-07-05,ZHZ62013,0,211787616,3,0,694487584,14440,3,0,0,23,2,806,23,211787616,0,0,0,14293,58050801448,162623174757
2022-07-06,ZHZ62013,0,136875688,3,0,699007208,14471,3,0,0,23,2,808,23,136875688,0,0,0,14325,58143925280,162943420901
2022-07-07,ZHZ62013,0,157668456,3,0,703095335,14487,3,0,0,22,2,808,22,157668456,0,0,0,14340,58197445464,163154834269
2022-07-08,ZHZ62013,0,63652904,3,0,708693112,14518,3,0,0,23,2,810,23,63652904,0,0,0,14372,58284135032,163462410525
2022-07-09,ZHZ62013,0,222440096,3,0,711760774,14534,3,0,0,23,2,810,23,222440096,0,0,0,14388,58326801424,163578531325
2022-07-10,ZHZ62013,0,12131744,3,0,718588305,14566,3,0,0,23,2,812,23,12131744,0,0,0,14419,58418367408,163764938301
2022-07-11,ZHZ62013,0,206399904,3,0,721311743,14582,3,0,0,23,2,812,23,206399904,0,0,0,14435,58468692400,163908881469
2022-07-12,ZHZ62013,0,34260784,3,0,725842400,14614,3,0,0,23,2,813,23,34260784,0,0,0,14466,58555406392,164138309965
2022-07-13,ZHZ62013,0,173941408,3,0,731380249,14645,3,0,0,24,2,815,24,173941408,0,0,0,14498,58637735480,164439802133
2022-07-14,ZHZ62013,0,105072016,3,0,733861826,14661,3,0,0,23,2,816,23,105072016,0,0,0,14514,58685952040,164566856973
2022-07-15,ZHZ62013,0,176005088,3,0,738347345,14693,3,0,0,22,2,817,22,176005088,0,0,0,14545,58782313360,164785569501
2022-07-16,ZHZ62013,0,73256312,3,0,742163614,14709,3,0,0,21,2,818,21,73256312,0,0,0,14561,58826833440,164882441277
2022-07-17,ZHZ62013,0,96882480,3,0,747566048,14740,3,0,0,22,2,819,22,96882480,0,0,0,14593,58912318536,165064723061
2022-07-18,ZHZ62013,0,9698752,3,0,749635500,14756,3,0,0,20,2,820,20,9698752,0,0,0,14608,58952765312,165181233237
2022-07-19,ZHZ62013,0,59582456,3,0,753810791,14788,3,0,0,22,2,821,22,59582456,0,0,0,14640,59035244928,165392777989
2022-07-20,ZHZ62013,0,231965184,3,0,756163005,14804,3,0,0,20,2,822,20,231965184,0,0,0,14655,59092620896,165507784749
2022-07-21,ZHZ62013,0,138627608,3,0,760651187,14835,3,0,0,22,2,823,22,138627608,0,0,0,14687,59195492352,165799857909
2022-07-22,ZHZ62013,0,86977488,3,0,763038835,14851,3,0,0,21,2,824,21,86977488,0,0,0,14702,59239423552,165948417493
2022-07-23,ZHZ62013,0,136649160,3,0,768981467,14883,3,0,0,22,2,825,22,136649160,0,0,0,14734,59318039424,166163614101
2022-07-24,ZHZ62013,0,37572432,3,0,772774856,14899,3,0,0,21,2,826,21,37572432,0,0,0,14750,59365611632,166261105869
2022-07-25,ZHZ62013,0,154590576,3,0,777267742,14930,3,0,0,21,2,827,21,154590576,0,0,0,14781,59451186192,166536690085
2022-07-26,ZHZ62013,0,84395136,3,0,779482191,14946,3,0,0,21,2,828,21,84395136,0,0,0,14797,59492203112,166669618357
2022-07-27,ZHZ62013,0,132091392,3,0,783343938,14978,3,0,0,21,2,829,21,132091392,0,0,0,14828,59572651768,166881006709
2022-07-28,ZHZ62013,0,65634744,3,0,785557407,14994,3,0,0,20,2,830,20,65634744,0,0,0,14844,59609880112,167021462565
2022-07-29,ZHZ62013,0,171426864,3,0,789407949,15025,3,0,0,21,2,831,21,171426864,0,0,0,14876,59695534000,167285741717
2022-07-30,ZHZ62013,0,83899120,3,0,792779552,15041,3,0,0,21,2,832,21,83899120,0,0,0,14891,59742469840,167395418997
2022-07-31,ZHZ62013,0,59137768,3,0,802241113,15075,3,0,0,21,2,841,21,59137768,0,0,0,14923,59815732376,167785676370
2022-08-01,ZHZ62013,0,28430224,3,0,804654463,15090,3,0,0,20,2,842,20,28430224,0,0,0,14939,59856339336,167958502498
2022-08-02,ZHZ62013,0,182229104,3,0,808846800,15122,3,0,0,21,2,843,21,182229104,0,0,0,14970,59936736096,168276045810
2022-08-03,ZHZ62013,0,119368632,3,0,811332578,15138,3,0,0,20,2,844,20,119368632,0,0,0,14986,59980576880,168413485226
2022-08-04,ZHZ62013,0,26481088,3,0,815943541,15170,3,0,0,22,2,845,22,26481088,0,0,0,15017,60065377168,168724078938
2022-08-05,ZHZ62013,0,235618912,3,0,818378656,15185,3,0,0,21,2,846,21,235618912,0,0,0,15033,60106910984,168891682946
2022-08-06,ZHZ62013,0,28013896,3,0,823955733,15217,3,0,0,21,2,847,21,28013896,0,0,0,15065,60170448056,169108822586
2022-08-07,ZHZ62013,0,155362216,3,0,827153066,15233,3,0,0,21,2,848,21,155362216,0,0,0,15080,60215423488,169191195474
2022-08-08,ZHZ62013,0,32408880,3,0,831535817,15264,3,0,0,21,2,849,21,32408880,0,0,0,15112,60298714680,169473232882
2022-08-09,ZHZ62013,0,196823544,3,0,836291298,15296,3,0,0,21,2,851,21,196823544,0,0,0,15143,60390307488,169790195386
2022-08-10,ZHZ62013,0,183127984,3,0,838811418,15312,3,0,0,21,2,851,21,183127984,0,0,0,15159,60438566072,169972382066
2022-08-11,ZHZ62013,0,162180360,3,0,846539607,15344,3,0,0,21,2,853,21,162180360,0,0,0,15190,60560619888,170317662218
2022-08-12,ZHZ62013,0,104867056,3,0,849074146,15359,3,0,0,21,2,853,21,104867056,0,0,0,15206,60613829432,170451280962
2022-08-13,ZHZ62013,0,156150256,3,0,855457045,15391,3,0,0,22,2,854,22,156150256,0,0,0,15238,60727590032,170632944194
2022-08-14,ZHZ62013,0,57911608,3,0,859003701,15407,3,0,0,21,2,855,21,57911608,0,0,0,15254,60791385816,170715051130
2022-08-15,ZHZ62013,0,198634272,3,0,865327885,15439,3,0,0,21,2,856,21,198634272,0,0,0,15285,60892802728,170998497738
2022-08-16,ZHZ62013,0,162931520,3,0,869480928,15454,3,0,0,21,2,857,21,162931520,0,0,0,15301,60959311800,171140426650
2022-08-17,ZHZ62013,0,120757680,3,0,875122595,15486,3,0,0,22,2,858,22,120757680,0,0,0,15332,61077019608,171468826666
2022-08-18,ZHZ62013,0,104638064,3,0,877765659,15502,3,0,0,21,2,859,21,104638064,0,0,0,15348,61132516872,171641350418
2022-08-19,ZHZ62013,0,31634872,3,0,882576605,15534,3,0,0,22,2,860,22,31634872,0,0,0,15380,61237711584,171951433978
2022-08-20,ZHZ62013,0,181066784,3,0,885938352,15550,3,0,0,21,2,861,21,181066784,0,0,0,15396,61302731648,172035845826
2022-08-21,ZHZ62013,0,228477712,3,0,892562457,15581,3,0,0,22,2,862,22,228477712,0,0,0,15427,61421020760,172209108274
2022-08-22,ZHZ62013,0,209634120,3,0,895192250,15597,3,0,0,21,2,863,21,209634120,0,0,0,15443,61472873272,172382552858
2022-08-23,ZHZ62013,0,129027960,3,0,899878100,15629,3,0,0,22,2,864,22,129027960,0,0,0,15475,61568926544,172694174730
2022-08-24,ZHZ62013,0,107454664,3,0,902721214,15645,3,0,0,21,2,865,21,107454664,0,0,0,15491,61630803752,172854864978
2022-08-25,ZHZ62013,0,70197440,3,0,907845406,15676,3,0,0,22,2,867,22,70197440,0,0,0,15522,61719535752,173217157250
2022-08-26,ZHZ62013,0,62707448,3,0,911179170,15692,3,0,0,21,2,867,21,62707448,0,0,0,15538,61787406360,173385937306
2022-08-27,ZHZ62013,0,152699896,3,0,917569786,15724,3,0,0,22,2,869,22,152699896,0,0,0,15570,61903106440,173604370418
2022-08-28,ZHZ62013,0,57926176,3,0,920838350,15740,3,0,0,21,2,869,21,57926176,0,0,0,15585,61968175696,173688668210
2022-08-29,ZHZ62013,0,206159912,3,0,927819513,15772,3,0,0,21,2,871,21,206159912,0,0,0,15617,62082129592,173967088682
2022-08-30,ZHZ62013,0,190037296,3,0,931131480,15787,3,0,0,21,2,871,21,190037296,0,0,0,15633,62139991992,174137244298
2022-08-31,ZHZ62013,0,131806688,3,0,937191891,15819,3,0,0,21,2,874,21,131806688,0,0,0,15664,62256127840,174451159482
2022-09-01,ZHZ62013,0,123180888,3,0,939889541,15835,3,0,0,21,2,874,21,123180888,0,0,0,15680,62324998864,174617803306
2022-09-02,ZHZ62013,0,109175432,3,0,945153179,15867,3,0,0,22,2,876,22,109175432,0,0,0,15711,62457037784,174960040394
2022-09-03,ZHZ62013,0,180512128,3,0,951716264,15898,3,0,0,21,2,877,21,180512128,0,0,0,15743,62591161136,175141394570
2022-09-04,ZHZ62013,0,55191944,3,0,954937903,15914,3,0,0,22,2,878,22,55191944,0,0,0,15759,62644136536,175207239642
2022-09-05,ZHZ62013,0,52621104,3,0,962644533,15946,3,0,0,21,2,879,21,52621104,0,0,0,15790,62775445872,175561640778
2022-09-06,ZHZ62013,0,64549608,3,0,966554381,15962,3,0,0,22,2,879,22,64549608,0,0,0,15806,62833483272,175759672658
2022-09-07,ZHZ62013,0,95552480,3,0,973549296,15993,3,0,0,23,2,881,23,95552480,0,0,0,15838,62969194448,176143245882
2022-09-08,ZHZ62013,0,51386784,3,0,977082923,16009,3,0,0,22,2,881,22,51386784,0,0,0,15853,63027129792,176285285482
2022-09-09,ZHZ62013,0,26799520,3,0,980063791,16025,3,0,0,21,2,882,21,26799520,0,0,0,15869,63093707088,176438261586
2022-09-10,ZHZ62013,0,125687808,3,0,987212300,16057,3,0,0,22,2,883,22,125687808,0,0,0,15901,63192977728,176682019866
2022-09-11,ZHZ62013,0,31387376,3,0,990504267,16072,3,0,0,21,2,884,21,31387376,0,0,0,15917,63248240304,176776597546
2022-09-12,ZHZ62013,0,64047992,3,0,996019164,16104,3,0,0,21,2,885,21,64047992,0,0,0,15948,63316148720,176985490458
2022-09-13,ZHZ62013,0,237735736,3,0,998405125,16120,3,0,0,21,2,886,21,237735736,0,0,0,15964,63357667040,177117659882
2022-09-14,ZHZ62013,0,129320912,3,0,3062786,16152,3,0,0,21,2,887,21,129320912,0,0,0,15995,63446179824,177409013842
2022-09-15,ZHZ62013,0,96306664,3,8,7040773,16168,3,0,0,21,2,888,21,96306664,0,0,0,16011,63490666664,177575654034
2022-09-16,ZHZ62013,0,17234160,3,8,11982934,16199,3,0,0,21,2,889,21,17234160,0,0,0,16042,63573647976,177901881682
2022-09-17,ZHZ62013,0,168022192,3,8,14700841,16215,3,0,0,21,2,890,21,168022192,0,0,0,16058,63616778688,178009539002
2022-09-18,ZHZ62013,0,160452384,3,8,21393724,16247,3,0,0,21,2,891,21,160452384,0,0,0,16090,63709000016,178153888538
2022-09-19,ZHZ62013,0,105302352,3,8,24503911,16263,3,0,0,21,2,892,21,105302352,0,0,0,16106,63752820560,178299059194
2022-09-20,ZHZ62013,0,15260608,3,8,31070708,16295,3,0,0,21,2,893,21,15260608,0,0,0,16138,63819340584,178630778778
2022-09-21,ZHZ62013,0,134113320,3,8,37465296,16326,3,0,0,21,2,895,21,134113320,0,0,0,16169,63885379928,178927732778
2022-09-22,ZHZ62013,0,70116752,3,8,39745162,16342,3,0,0,21,2,895,21,70116752,0,0,0,16185,63921639536,179071617306
2022-09-23,ZHZ62013,0,179015584,3,8,44004255,16374,3,0,0,21,2,897,21,179015584,0,0,0,16216,63984464104,179361832370
2022-09-24,ZHZ62013,0,92004800,3,8,48705304,16390,3,0,0,21,2,897,21,92004800,0,0,0,16232,64018055536,179485370954
2022-09-25,ZHZ62013,0,119117240,3,8,57058994,16421,3,0,0,21,2,899,21,119117240,0,0,0,16263,64082421288,179692258370
2022-09-26,ZHZ62013,0,94233392,3,8,60286065,16437,3,0,0,20,2,899,20,94233392,0,0,0,16279,64120303168,179873633482
2022-09-27,ZHZ62013,0,52577152,3,8,67463101,16469,3,0,0,21,2,901,21,52577152,0,0,0,16310,64177180616,180263381114
2022-09-28,ZHZ62013,0,18682560,3,8,69732370,16485,3,0,0,21,2,901,21,18682560,0,0,0,16326,64205769640,180445038130
2022-09-29,ZHZ62013,0,157207400,3,8,74216671,16516,3,0,0,21,2,903,21,157207400,0,0,0,16358,64251528912,180781944474
2022-09-30,ZHZ62013,0,95051120,3,8,76450830,16532,3,0,0,21,2,903,21,95051120,0,0,0,16374,64281582480,180933875346
2022-10-01,ZHZ62013,0,101636656,3,8,81652600,16564,3,0,0,21,2,905,21,101636656,0,0,0,16405,64327071248,181139112746
2022-10-02,ZHZ62013,0,207628368,3,8,84609124,16580,3,0,0,21,2,905,21,207628368,0,0,0,16421,64356066952,181216108754
2022-10-03,ZHZ62013,0,106647472,3,8,90621647,16611,3,0,0,21,2,907,21,106647472,0,0,0,16453,64395655776,181563820498
2022-10-04,ZHZ62013,0,63428808,3,8,94060441,16627,3,0,0,21,2,907,21,63428808,0,0,0,16468,64424305512,181736092834
2022-10-05,ZHZ62013,0,190881760,3,8,98761102,16659,3,0,0,21,2,909,21,190881760,0,0,0,16500,64470756760,182061235210
2022-10-06,ZHZ62013,0,179516136,3,8,102312178,16675,3,1,0,21,2,909,21,179516136,0,0,0,16516,64499532592,182265234466
2022-10-07,ZHZ62013,0,39249240,3,8,105921706,16706,3,1,0,22,2,911,22,39249240,0,0,0,16547,64538369768,182574411706
2022-10-08,ZHZ62013,0,176131784,3,8,109112568,16722,3,1,0,21,2,911,21,176131784,0,0,0,16563,64562790976,182686873042
2022-10-09,ZHZ62013,0,146711208,3,8,115044425,16754,3,1,0,22,2,913,22,146711208,0,0,0,16594,64602421944,182861962130
2022-10-10,ZHZ62013,0,123355296,3,8,117615171,16770,3,1,0,22,2,913,22,123355296,0,0,0,16610,64622546776,183062622058
2022-10-11,ZHZ62013,0,86302936,3,8,124333389,16802,3,1,0,22,2,915,22,86302936,0,0,0,16641,64663939640,183472458250
2022-10-12,ZHZ62013,0,50827624,3,8,126422211,16817,3,1,0,22,2,915,22,50827624,0,0,0,16657,64691597624,183653465642
2022-10-13,ZHZ62013,0,167455640,3,16,130153894,16849,3,1,0,22,2,916,22,167455640,0,0,0,16689,64734773600,183971058338
2022-10-14,ZHZ62013,0,150268240,3,16,132222979,16865,3,1,0,22,2,917,22,150268240,0,0,0,16705,64760545136,184172240106
2022-10-15,ZHZ62013,0,179080352,3,16,137328557,16897,3,2,65537,22,2,919,22,179080352,0,0,0,16736,64806315072,184399423082
2022-10-16,ZHZ62013,0,39435992,3,16,139654380,16913,3,4,131074,22,2,919,22,39435992,0,0,0,16752,64831918792,184478315634
2022-10-17,ZHZ62013,0,135144936,3,16,145845739,16944,3,4,131074,23,2,921,23,135144936,0,0,0,16783,64872160464,184777923706
2022-10-18,ZHZ62013,0,139742296,3,16,148583465,16960,3,4,131074,23,2,921,23,139742296,0,0,0,16799,64895486848,185003335426
2022-10-19,ZHZ62013,0,69278872,3,16,154017838,16992,3,4,131074,23,2,923,23,69278872,0,0,0,16830,64943446320,185373194194
2022-10-20,ZHZ62013,0,163961192,3,32,157687576,17023,3,4,131074,23,2,924,23,163961192,0,0,0,16862,64988687872,185666775754
2022-10-21,ZHZ62013,0,136810256,3,32,159788538,17039,3,5,131074,23,2,925,23,136810256,0,0,0,16878,65016871496,185855581866
2022-10-22,ZHZ62013,0,136424440,3,32,164971287,17071,3,8,131074,22,2,926,22,136424440,0,0,0,16909,65069128176,186047080042
2022-10-23,ZHZ62013,0,231991136,3,32,167466045,17087,3,9,131074,22,2,926,22,231991136,0,0,0,16925,65095438280,186116336634
2022-10-24,ZHZ62013,0,78810232,3,32,173527561,17119,3,13,131074,22,2,928,22,78810232,0,0,0,16957,65145738504,186401136978
2022-10-25,ZHZ62013,0,24007168,3,32,176338593,17135,3,16,196611,22,2,928,22,24007168,0,0,0,16973,65167753192,186568459858
2022-10-26,ZHZ62013,0,150899752,3,32,181632518,17166,3,18,327685,22,2,930,22,150899752,0,0,0,17004,65221036608,186886209658
2022-10-27,ZHZ62013,0,176282472,3,32,184812326,17182,3,23,327685,22,2,930,22,176282472,0,0,0,17020,65251617784,187125151834
2022-10-28,ZHZ62013,0,118012792,3,40,190540374,17214,3,27,327685,22,2,932,22,118012792,0,0,0,17051,65309494552,187497286930
2022-10-29,ZHZ62013,0,228275800,3,40,193015110,17230,3,31,327685,22,2,932,22,228275800,0,0,0,17067,65336938752,187580105738
2022-10-30,ZHZ62013,0,181080824,3,56,198722701,17261,3,31,327685,22,2,934,22,181080824,0,0,0,17099,65385939624,187728050578
2022-10-31,ZHZ62013,0,28775704,3,56,202275809,17277,3,31,327685,23,2,934,23,28775704,0,0,0,17115,65386711176,187819114562
2022-11-01,ZHZ62013,0,57515512,3,56,206892378,17309,3,37,393222,22,2,936,22,57515512,0,0,0,17146,65426592784,188052113628
2022-11-02,ZHZ62013,0,124597280,3,56,209302065,17324,3,37,393222,19,2,979,19,124597280,0,0,0,17154,65427319600,188118468580
2022-11-03,ZHZ62013,0,148244784,3,56,211377209,17356,3,38,393222,22,2,1055,22,148244784,0,0,0,17173,65481158736,188332417774
2022-11-04,ZHZ62013,0,72029224,3,56,215949103,17372,3,41,393222,22,2,1056,22,72029224,0,0,0,17188,65490797448,188490704134
2022-11-05,ZHZ62013,0,130552066,3,56,216761336,17403,3,41,393222,22,2,1057,22,130552066,0,0,0,17220,65522159928,188517864496
2022-11-06,ZHZ62013,0,27566912,3,56,218541223,17419,3,44,458759,22,2,1058,22,27566912,0,0,0,17236,65551569336,188629610576
2022-11-07,ZHZ62013,0,160246320,3,56,223814961,17451,3,45,458759,22,2,1059,22,160246320,0,0,0,17267,65606570960,188951428992
2022-11-08,ZHZ62013,0,166943808,3,64,226608979,17467,3,49,458759,22,2,1060,22,166943808,0,0,0,17283,65636961080,189171877040
